file_name,prompt,observation,assessment,conclusion,raw_response
pair_208.png,Are the objects in their correct relative sizes?,"The camel appears to be significantly larger than the snow leopard, which is consistent with their real-world size differences.","In reality, camels are much larger animals compared to snow leopards. The image accurately reflects this difference in size.","Yes, the objects are in their correct relative sizes.","[Observation]: The camel appears to be significantly larger than the snow leopard, which is consistent with their real-world size differences.

[Assessment]: In reality, camels are much larger animals compared to snow leopards. The image accurately reflects this difference in size.

[Conclusion]: Yes, the objects are in their correct relative sizes."
pair_068.png,Are the objects in their correct relative sizes?,"The penguin appears significantly larger than the meerkat, which is consistent with real-world size differences between these animals.","In reality, meerkats are much smaller than penguins. The image accurately reflects this difference in size.","Yes, the objects are in their correct relative sizes.","[Observation]: The penguin appears significantly larger than the meerkat, which is consistent with real-world size differences between these animals.

[Assessment]: In reality, meerkats are much smaller than penguins. The image accurately reflects this difference in size.

[Conclusion]: Yes, the objects are in their correct relative sizes."
pair_331.png,Are the objects in their correct relative sizes?,"The image shows a large shark and a small bird, likely a toucan, next to each other.","In reality, sharks are much larger than birds. The size difference between a shark and a toucan is significantly greater than what is depicted in the image.",The objects are not in their correct relative sizes.,"[Observation]: The image shows a large shark and a small bird, likely a toucan, next to each other.
[Assessment]: In reality, sharks are much larger than birds. The size difference between a shark and a toucan is significantly greater than what is depicted in the image.
[Conclusion]: The objects are not in their correct relative sizes."
pair_193.png,Are the objects in their correct relative sizes?,The image shows a Komodo dragon and a camel side by side for comparison. The Komodo dragon appears significantly smaller than the camel.,"In reality, a Komodo dragon is much larger than a camel. The Komodo dragon can grow up to 3 meters long, while an average camel stands about 1.8 meters tall at the shoulder. The image does not reflect these natural size differences accurately.","No, the objects are not in their correct relative sizes.","[Observation]: The image shows a Komodo dragon and a camel side by side for comparison. The Komodo dragon appears significantly smaller than the camel.

[Assessment]: In reality, a Komodo dragon is much larger than a camel. The Komodo dragon can grow up to 3 meters long, while an average camel stands about 1.8 meters tall at the shoulder. The image does not reflect these natural size differences accurately.

[Conclusion]: No, the objects are not in their correct relative sizes."
pair_109.png,Are the objects in their correct relative sizes?,"The image shows a single hippopotamus depicted with a consistent scale throughout its body, including its legs and head.",The proportions of the hippopotamus appear to be accurate. There are no visible distortions or inconsistencies in the size of different parts of the animal's body.,The objects (the hippopotamus) are in their correct relative sizes.,"[Observation]: The image shows a single hippopotamus depicted with a consistent scale throughout its body, including its legs and head.

[Assessment]: The proportions of the hippopotamus appear to be accurate. There are no visible distortions or inconsistencies in the size of different parts of the animal's body.

[Conclusion]: The objects (the hippopotamus) are in their correct relative sizes."
pair_314.png,Are the objects in their correct relative sizes?,The image shows a platypus and a rooster. The rooster appears significantly larger than the platypus.,"In reality, a platypus is much smaller than a rooster. The rooster's size in the image is disproportionately large compared to the platypus.","No, the objects are not in their correct relative sizes.","[Observation]: The image shows a platypus and a rooster. The rooster appears significantly larger than the platypus.

[Assessment]: In reality, a platypus is much smaller than a rooster. The rooster's size in the image is disproportionately large compared to the platypus.

[Conclusion]: No, the objects are not in their correct relative sizes."
pair_132.png,Are the objects in their correct relative sizes?,"The image shows two animals, one on the left that appears to be a honey badger and one on the right that looks like a sloth. The honey badger is standing upright, while the sloth is hanging upside down from a branch.","The honey badger is depicted as significantly larger than the sloth. In reality, honey badgers are much smaller than sloths, with an average length of about 1.5 meters compared to the sloth's much longer body length.",The objects are not in their correct relative sizes. The honey badger is drawn much larger than it would be in comparison to a real sloth.,"[Observation]: The image shows two animals, one on the left that appears to be a honey badger and one on the right that looks like a sloth. The honey badger is standing upright, while the sloth is hanging upside down from a branch.

[Assessment]: The honey badger is depicted as significantly larger than the sloth. In reality, honey badgers are much smaller than sloths, with an average length of about 1.5 meters compared to the sloth's much longer body length.

[Conclusion]: The objects are not in their correct relative sizes. The honey badger is drawn much larger than it would be in comparison to a real sloth."
pair_234.png,Are the objects in their correct relative sizes?,"The camel is significantly larger than the bird, which is positioned to its right.","In real life, camels and birds have vastly different sizes. A camel is much larger than a bird, typically weighing several hundred pounds compared to a few ounces for a bird like a toucan.","Yes, the objects are in their correct relative sizes. The camel is appropriately large compared to the small bird.","[Observation]: The camel is significantly larger than the bird, which is positioned to its right.

[Assessment]: In real life, camels and birds have vastly different sizes. A camel is much larger than a bird, typically weighing several hundred pounds compared to a few ounces for a bird like a toucan.

[Conclusion]: Yes, the objects are in their correct relative sizes. The camel is appropriately large compared to the small bird."
pair_014.png,Are the objects in their correct relative sizes?,"The elephant is significantly larger than the walrus, which is consistent with their real-world size differences.","In the image, the elephant is depicted much larger compared to the walrus, which accurately reflects the size disparity between these two animals in nature.","Yes, the objects are in their correct relative sizes.","[Observation]: The elephant is significantly larger than the walrus, which is consistent with their real-world size differences.

[Assessment]: In the image, the elephant is depicted much larger compared to the walrus, which accurately reflects the size disparity between these two animals in nature.

[Conclusion]: Yes, the objects are in their correct relative sizes."
pair_077.png,Are the objects in their correct relative sizes?,"The giraffe is depicted much larger than the snow leopard, which is not accurate to real-life proportions.","In reality, a giraffe is significantly taller and larger than a snow leopard. The image shows the giraffe standing next to the snow leopard, but the giraffe appears to be disproportionately large compared to the snow leopard.","No, the objects are not in their correct relative sizes.","[Observation]: The giraffe is depicted much larger than the snow leopard, which is not accurate to real-life proportions.

[Assessment]: In reality, a giraffe is significantly taller and larger than a snow leopard. The image shows the giraffe standing next to the snow leopard, but the giraffe appears to be disproportionately large compared to the snow leopard.

[Conclusion]: No, the objects are not in their correct relative sizes."
pair_232.png,Are the objects in their correct relative sizes?,"The camel is depicted with a head, neck, body, and legs that are proportionate to each other. The details such as the fur texture and the shape of the head and legs are consistent with the typical appearance of a camel.","The image appears to be a digital illustration or drawing of a camel. The proportions of the camel's features seem accurate, with no apparent distortions or inconsistencies in size.",The objects (features of the camel) are in their correct relative sizes.,"[Observation]: The camel is depicted with a head, neck, body, and legs that are proportionate to each other. The details such as the fur texture and the shape of the head and legs are consistent with the typical appearance of a camel.

[Assessment]: The image appears to be a digital illustration or drawing of a camel. The proportions of the camel's features seem accurate, with no apparent distortions or inconsistencies in size.

[Conclusion]: The objects (features of the camel) are in their correct relative sizes."
pair_002.png,Are the objects in their correct relative sizes?,"The image shows an elephant and a meerkat, with the elephant being significantly larger than the meerkat.","In reality, elephants are much larger animals compared to meerkats. The size difference between these two animals is substantial, and the image accurately reflects this natural size disparity.","Yes, the objects are in their correct relative sizes.","[Observation]: The image shows an elephant and a meerkat, with the elephant being significantly larger than the meerkat.

[Assessment]: In reality, elephants are much larger animals compared to meerkats. The size difference between these two animals is substantial, and the image accurately reflects this natural size disparity.

[Conclusion]: Yes, the objects are in their correct relative sizes."
pair_007.png,Are the objects in their correct relative sizes?,"The image shows an elephant and a red panda. The elephant is significantly larger than the red panda, which is consistent with their real-world size differences.","The drawing accurately depicts the relative sizes of the two animals. The elephant's proportions match those of a real elephant, and the red panda's size is correctly represented as much smaller compared to the elephant.","Yes, the objects are in their correct relative sizes.","[Observation]: The image shows an elephant and a red panda. The elephant is significantly larger than the red panda, which is consistent with their real-world size differences.

[Assessment]: The drawing accurately depicts the relative sizes of the two animals. The elephant's proportions match those of a real elephant, and the red panda's size is correctly represented as much smaller compared to the elephant.

[Conclusion]: Yes, the objects are in their correct relative sizes."
pair_042.png,Are the objects in their correct relative sizes?,"The cheetah and the kangaroo appear to be drawn at similar scales, with the cheetah being slightly smaller than the kangaroo.","In reality, a cheetah is significantly smaller than a kangaroo. The cheetah's size is closer to that of a medium-sized dog, while the kangaroo can grow much larger, sometimes reaching the size of a small human.","No, the objects are not in their correct relative sizes. The cheetah should be much smaller compared to the kangaroo.","[Observation]: The cheetah and the kangaroo appear to be drawn at similar scales, with the cheetah being slightly smaller than the kangaroo.

[Assessment]: In reality, a cheetah is significantly smaller than a kangaroo. The cheetah's size is closer to that of a medium-sized dog, while the kangaroo can grow much larger, sometimes reaching the size of a small human.

[Conclusion]: No, the objects are not in their correct relative sizes. The cheetah should be much smaller compared to the kangaroo."
pair_081.png,Are the objects in their correct relative sizes?,"The giraffe is depicted much larger than the walrus, which is not accurate to real-life proportions.","In reality, a giraffe is significantly taller and longer than a walrus. The giraffe's height and length are exaggerated compared to the walrus's size in this image.",The objects are not in their correct relative sizes.,"[Observation]: The giraffe is depicted much larger than the walrus, which is not accurate to real-life proportions.

[Assessment]: In reality, a giraffe is significantly taller and longer than a walrus. The giraffe's height and length are exaggerated compared to the walrus's size in this image.

[Conclusion]: The objects are not in their correct relative sizes."
pair_327.png,Are the objects in their correct relative sizes?,"The sloth appears to be significantly larger than the rooster, which is a common real-world size difference between these animals.","In the image, the sloth is depicted as hanging from a branch, and its body size is comparable to the length of the branch it's holding. The rooster, on the other hand, is shown standing upright and is much smaller in comparison to the sloth.","Yes, the objects are in their correct relative sizes according to the typical size differences between a sloth and a rooster.","[Observation]: The sloth appears to be significantly larger than the rooster, which is a common real-world size difference between these animals.

[Assessment]: In the image, the sloth is depicted as hanging from a branch, and its body size is comparable to the length of the branch it's holding. The rooster, on the other hand, is shown standing upright and is much smaller in comparison to the sloth.

[Conclusion]: Yes, the objects are in their correct relative sizes according to the typical size differences between a sloth and a rooster."
pair_056.png,Are the objects in their correct relative sizes?,"The meerkat appears significantly smaller than the honey badger, which is consistent with their real-life size difference.","In reality, meerkats are much smaller than honey badgers. The image accurately reflects this size disparity.","Yes, the objects are in their correct relative sizes.","[Observation]: The meerkat appears significantly smaller than the honey badger, which is consistent with their real-life size difference.

[Assessment]: In reality, meerkats are much smaller than honey badgers. The image accurately reflects this size disparity.

[Conclusion]: Yes, the objects are in their correct relative sizes."
pair_301.png,Are the objects in their correct relative sizes?,The koala appears to be significantly larger than the penguin in the image.,"In reality, a koala is much smaller than a penguin. Koalas typically weigh between 10 and 30 kilograms, while penguins can weigh up to 25 kilograms but are generally smaller than koalas. The penguin in the image appears to be disproportionately large compared to the koala.","No, the objects are not in their correct relative sizes. The penguin is depicted as much larger than it should be compared to the koala.","[Observation]: The koala appears to be significantly larger than the penguin in the image.

[Assessment]: In reality, a koala is much smaller than a penguin. Koalas typically weigh between 10 and 30 kilograms, while penguins can weigh up to 25 kilograms but are generally smaller than koalas. The penguin in the image appears to be disproportionately large compared to the koala.

[Conclusion]: No, the objects are not in their correct relative sizes. The penguin is depicted as much larger than it should be compared to the koala."
pair_090.png,Are the objects in their correct relative sizes?,"The giraffe is depicted much larger than the penguin, which is consistent with real-world proportions.","In reality, giraffes are significantly larger than penguins. The image accurately reflects this size difference.","Yes, the objects are in their correct relative sizes.","[Observation]: The giraffe is depicted much larger than the penguin, which is consistent with real-world proportions.

[Assessment]: In reality, giraffes are significantly larger than penguins. The image accurately reflects this size difference.

[Conclusion]: Yes, the objects are in their correct relative sizes."
pair_177.png,Are the objects in their correct relative sizes?,"The red panda appears significantly larger than the hedgehog, which is consistent with their real-world size differences.","In the image, the red panda is depicted as much larger than the hedgehog, which aligns with the actual size disparity between these animals. Red pandas are known to be much bigger than hedgehogs.","Yes, the objects are in their correct relative sizes.","[Observation]: The red panda appears significantly larger than the hedgehog, which is consistent with their real-world size differences.

[Assessment]: In the image, the red panda is depicted as much larger than the hedgehog, which aligns with the actual size disparity between these animals. Red pandas are known to be much bigger than hedgehogs.

[Conclusion]: Yes, the objects are in their correct relative sizes."
pair_335.png,Are the objects in their correct relative sizes?,"The bear is depicted much larger than the hedgehog, which is a common size comparison between these animals.","In reality, a bear is significantly larger than a hedgehog. The image accurately reflects this size difference.","Yes, the objects are in their correct relative sizes.","[Observation]: The bear is depicted much larger than the hedgehog, which is a common size comparison between these animals.

[Assessment]: In reality, a bear is significantly larger than a hedgehog. The image accurately reflects this size difference.

[Conclusion]: Yes, the objects are in their correct relative sizes."
pair_172.png,Are the objects in their correct relative sizes?,"The red panda appears significantly larger than the axolotl, which is consistent with their real-world size differences.","In reality, red pandas are much larger animals compared to axolotls. The image accurately reflects this size difference, as red pandas are typically around 10-25 kg and can grow up to 60 cm in length, while axolotls are much smaller, usually ranging from 8-15 cm in length.","Yes, the objects are in their correct relative sizes.","[Observation]: The red panda appears significantly larger than the axolotl, which is consistent with their real-world size differences.

[Assessment]: In reality, red pandas are much larger animals compared to axolotls. The image accurately reflects this size difference, as red pandas are typically around 10-25 kg and can grow up to 60 cm in length, while axolotls are much smaller, usually ranging from 8-15 cm in length.

[Conclusion]: Yes, the objects are in their correct relative sizes."
pair_278.png,Are the objects in their correct relative sizes?,The image shows a walrus and a rooster. The walrus is significantly larger than the rooster.,"In reality, a walrus is much larger than a rooster. The size difference between these two animals is substantial, with the walrus being several times bigger.","No, the objects are not in their correct relative sizes. The rooster appears to be disproportionately small compared to the walrus.","[Observation]: The image shows a walrus and a rooster. The walrus is significantly larger than the rooster.

[Assessment]: In reality, a walrus is much larger than a rooster. The size difference between these two animals is substantial, with the walrus being several times bigger.

[Conclusion]: No, the objects are not in their correct relative sizes. The rooster appears to be disproportionately small compared to the walrus."
pair_179.png,Are the objects in their correct relative sizes?,The image shows an octopus and a small red panda for scale comparison.,"The octopus appears significantly larger than the red panda, which is consistent with real-world proportions.","Yes, the objects are in their correct relative sizes.","[Observation]: The image shows an octopus and a small red panda for scale comparison.
[Assessment]: The octopus appears significantly larger than the red panda, which is consistent with real-world proportions.
[Conclusion]: Yes, the objects are in their correct relative sizes."
pair_050.png,Are the objects in their correct relative sizes?,"The image shows a cheetah and a hedgehog. The cheetah is significantly larger than the hedgehog, which is consistent with their real-world size differences.","The cheetah's size is accurately depicted compared to the hedgehog. The cheetah's body proportions and the size of its features match what one would expect from a cheetah, and the hedgehog is appropriately small in comparison.",The objects are in their correct relative sizes.,"[Observation]: The image shows a cheetah and a hedgehog. The cheetah is significantly larger than the hedgehog, which is consistent with their real-world size differences.

[Assessment]: The cheetah's size is accurately depicted compared to the hedgehog. The cheetah's body proportions and the size of its features match what one would expect from a cheetah, and the hedgehog is appropriately small in comparison.

[Conclusion]: The objects are in their correct relative sizes."
pair_334.png,Are the objects in their correct relative sizes?,"The bear appears significantly larger than the penguin, which is consistent with their real-world size differences.","In reality, bears and penguins have vastly different sizes. Bears can be much larger than penguins, often weighing several hundred pounds compared to penguins that typically weigh around 10-30 pounds.","Yes, the objects are in their correct relative sizes.","[Observation]: The bear appears significantly larger than the penguin, which is consistent with their real-world size differences.

[Assessment]: In reality, bears and penguins have vastly different sizes. Bears can be much larger than penguins, often weighing several hundred pounds compared to penguins that typically weigh around 10-30 pounds.

[Conclusion]: Yes, the objects are in their correct relative sizes."
pair_300.png,Are the objects in their correct relative sizes?,"The bear appears significantly larger than the koala, which is consistent with their real-world size differences.","In reality, koalas are much smaller than bears. The image accurately depicts this size difference, as koalas are typically about the size of a small dog, while bears can be much larger, sometimes weighing several hundred pounds.","Yes, the objects are in their correct relative sizes.","[Observation]: The bear appears significantly larger than the koala, which is consistent with their real-world size differences.

[Assessment]: In reality, koalas are much smaller than bears. The image accurately depicts this size difference, as koalas are typically about the size of a small dog, while bears can be much larger, sometimes weighing several hundred pounds.

[Conclusion]: Yes, the objects are in their correct relative sizes."
pair_315.png,Are the objects in their correct relative sizes?,"The sloth appears significantly larger than the axolotl, which is consistent with real-world proportions.","In reality, axolotls are much smaller than sloths. The image accurately reflects this size difference.","Yes, the objects are in their correct relative sizes.","[Observation]: The sloth appears significantly larger than the axolotl, which is consistent with real-world proportions.

[Assessment]: In reality, axolotls are much smaller than sloths. The image accurately reflects this size difference.

[Conclusion]: Yes, the objects are in their correct relative sizes."
pair_226.png,Are the objects in their correct relative sizes?,"The camel appears to be significantly larger than the narwhal, which is consistent with real-world proportions.","In reality, camels and narwhals have vastly different sizes. Camels are terrestrial animals that can grow up to 2 meters tall at the shoulder, while narwhals are marine mammals that typically measure around 4.5 meters in length. The image reflects these differences accurately.","Yes, the objects are in their correct relative sizes.","[Observation]: The camel appears to be significantly larger than the narwhal, which is consistent with real-world proportions.

[Assessment]: In reality, camels and narwhals have vastly different sizes. Camels are terrestrial animals that can grow up to 2 meters tall at the shoulder, while narwhals are marine mammals that typically measure around 4.5 meters in length. The image reflects these differences accurately.

[Conclusion]: Yes, the objects are in their correct relative sizes."
pair_236.png,Are the objects in their correct relative sizes?,"The camel appears significantly larger than the penguin, which is consistent with their real-world size differences.","In reality, camels are much larger animals compared to penguins. The image accurately reflects this size difference, as camels are known to be much bigger and heavier than penguins.","Yes, the objects are in their correct relative sizes.","[Observation]: The camel appears significantly larger than the penguin, which is consistent with their real-world size differences.

[Assessment]: In reality, camels are much larger animals compared to penguins. The image accurately reflects this size difference, as camels are known to be much bigger and heavier than penguins.

[Conclusion]: Yes, the objects are in their correct relative sizes."
pair_063.png,Are the objects in their correct relative sizes?,"The image shows a meerkat and a kangaroo standing next to each other. The meerkat appears significantly smaller than the kangaroo, which is consistent with their real-world size differences.","In reality, meerkats are much smaller than kangaroos. The meerkat depicted here is proportionally much larger than it would be compared to an actual meerkat when standing next to a kangaroo.","No, the objects are not in their correct relative sizes. The meerkat is disproportionately large compared to the kangaroo.","[Observation]: The image shows a meerkat and a kangaroo standing next to each other. The meerkat appears significantly smaller than the kangaroo, which is consistent with their real-world size differences.

[Assessment]: In reality, meerkats are much smaller than kangaroos. The meerkat depicted here is proportionally much larger than it would be compared to an actual meerkat when standing next to a kangaroo.

[Conclusion]: No, the objects are not in their correct relative sizes. The meerkat is disproportionately large compared to the kangaroo."
pair_191.png,Are the objects in their correct relative sizes?,"The panda is significantly larger than the rooster, which is a typical size comparison between these two animals.","In reality, pandas are much larger than roosters. The image accurately reflects this natural size difference.","Yes, the objects are in their correct relative sizes.","[Observation]: The panda is significantly larger than the rooster, which is a typical size comparison between these two animals.

[Assessment]: In reality, pandas are much larger than roosters. The image accurately reflects this natural size difference.

[Conclusion]: Yes, the objects are in their correct relative sizes."
pair_139.png,Are the objects in their correct relative sizes?,"The honey badger appears significantly larger than the rooster, which is not typical of their real-world size comparison.","In reality, honey badgers are much larger animals compared to chickens. The image depicts the honey badger as being disproportionately large in relation to the rooster.","No, the objects are not in their correct relative sizes.","[Observation]: The honey badger appears significantly larger than the rooster, which is not typical of their real-world size comparison.

[Assessment]: In reality, honey badgers are much larger animals compared to chickens. The image depicts the honey badger as being disproportionately large in relation to the rooster.

[Conclusion]: No, the objects are not in their correct relative sizes."
pair_104.png,Are the objects in their correct relative sizes?,"The image shows two animals, one that resembles a hippopotamus and the other a walrus. The hippopotamus is depicted standing upright, while the walrus is sitting.","In reality, a hippopotamus is significantly larger than a walrus. The size difference between these two animals is substantial, with the hippopotamus being much bigger both in height and overall body mass.","No, the objects are not in their correct relative sizes. The hippopotamus appears to be disproportionately small compared to the walrus, which is not accurate to their real-life size difference.","[Observation]: The image shows two animals, one that resembles a hippopotamus and the other a walrus. The hippopotamus is depicted standing upright, while the walrus is sitting.

[Assessment]: In reality, a hippopotamus is significantly larger than a walrus. The size difference between these two animals is substantial, with the hippopotamus being much bigger both in height and overall body mass.

[Conclusion]: No, the objects are not in their correct relative sizes. The hippopotamus appears to be disproportionately small compared to the walrus, which is not accurate to their real-life size difference."
pair_108.png,Are the objects in their correct relative sizes?,The image shows a large hippopotamus and a small beaver. The beaver is significantly smaller than the hippopotamus.,"The relative size of the beaver to the hippopotamus appears to be accurately depicted. The beaver is much smaller, which aligns with the known size difference between these animals.","Yes, the objects are in their correct relative sizes.","[Observation]: The image shows a large hippopotamus and a small beaver. The beaver is significantly smaller than the hippopotamus.

[Assessment]: The relative size of the beaver to the hippopotamus appears to be accurately depicted. The beaver is much smaller, which aligns with the known size difference between these animals.

[Conclusion]: Yes, the objects are in their correct relative sizes."
pair_076.png,Are the objects in their correct relative sizes?,"The giraffe is significantly larger than the Komodo dragon, which is consistent with their real-world size differences.","In reality, giraffes are much larger animals compared to Komodo dragons. The image accurately reflects this difference in size.","Yes, the objects are in their correct relative sizes.","[Observation]: The giraffe is significantly larger than the Komodo dragon, which is consistent with their real-world size differences.

[Assessment]: In reality, giraffes are much larger animals compared to Komodo dragons. The image accurately reflects this difference in size.

[Conclusion]: Yes, the objects are in their correct relative sizes."
pair_101.png,Are the objects in their correct relative sizes?,The image shows a hippopotamus and a camel standing side by side. The hippopotamus appears to be significantly larger than the camel.,"In reality, hippos are much larger animals compared to camels. The size difference between these two animals is substantial, with hippos being about 10-20 times heavier than an average camel.","Yes, the objects are in their correct relative sizes as depicted in the image.","[Observation]: The image shows a hippopotamus and a camel standing side by side. The hippopotamus appears to be significantly larger than the camel.

[Assessment]: In reality, hippos are much larger animals compared to camels. The size difference between these two animals is substantial, with hippos being about 10-20 times heavier than an average camel.

[Conclusion]: Yes, the objects are in their correct relative sizes as depicted in the image."
pair_239.png,Are the objects in their correct relative sizes?,The image shows a camel and an octopus. The octopus appears to be significantly larger than the camel.,"In reality, camels are much larger animals compared to octopuses. The octopus depicted here is disproportionately large in relation to the camel.","No, the objects are not in their correct relative sizes.","[Observation]: The image shows a camel and an octopus. The octopus appears to be significantly larger than the camel.

[Assessment]: In reality, camels are much larger animals compared to octopuses. The octopus depicted here is disproportionately large in relation to the camel.

[Conclusion]: No, the objects are not in their correct relative sizes."
pair_247.png,Are the objects in their correct relative sizes?,The image shows a large reindeer and a small axolotl next to each other for comparison.,"The reindeer is significantly larger than the axolotl, which is consistent with their real-world size differences. The axolotl appears to be accurately scaled relative to the reindeer.","Yes, the objects are in their correct relative sizes.","[Observation]: The image shows a large reindeer and a small axolotl next to each other for comparison.

[Assessment]: The reindeer is significantly larger than the axolotl, which is consistent with their real-world size differences. The axolotl appears to be accurately scaled relative to the reindeer.

[Conclusion]: Yes, the objects are in their correct relative sizes."
pair_099.png,Are the objects in their correct relative sizes?,"The image shows a hippopotamus and a Komodo dragon, with the hippopotamus appearing significantly larger than the Komodo dragon.","In reality, a hippopotamus is much larger than a Komodo dragon. The Komodo dragon, while large for a lizard, is not nearly as big as a hippopotamus. The size difference between these two animals is substantial, and the image reflects this accurately.","Yes, the objects are in their correct relative sizes.","[Observation]: The image shows a hippopotamus and a Komodo dragon, with the hippopotamus appearing significantly larger than the Komodo dragon.

[Assessment]: In reality, a hippopotamus is much larger than a Komodo dragon. The Komodo dragon, while large for a lizard, is not nearly as big as a hippopotamus. The size difference between these two animals is substantial, and the image reflects this accurately.

[Conclusion]: Yes, the objects are in their correct relative sizes."
pair_011.png,Are the objects in their correct relative sizes?,"The elephant is significantly larger than the camel, which aligns with their real-world size differences.","Both animals are depicted accurately in terms of their physical characteristics and proportions. The elephant's trunk and tusks are proportionate to its body, and the camel's hump and legs are correctly represented.","Yes, the objects are in their correct relative sizes.","[Observation]: The elephant is significantly larger than the camel, which aligns with their real-world size differences.

[Assessment]: Both animals are depicted accurately in terms of their physical characteristics and proportions. The elephant's trunk and tusks are proportionate to its body, and the camel's hump and legs are correctly represented.

[Conclusion]: Yes, the objects are in their correct relative sizes."
pair_003.png,Are the objects in their correct relative sizes?,"The elephant and the giraffe are depicted side by side, with the elephant on the left and the giraffe on the right.","In reality, elephants are significantly larger than giraffes. The image shows the elephant and giraffe in proportion that suggests they are of similar size, which is not accurate.",The objects are not in their correct relative sizes.,"[Observation]: The elephant and the giraffe are depicted side by side, with the elephant on the left and the giraffe on the right.

[Assessment]: In reality, elephants are significantly larger than giraffes. The image shows the elephant and giraffe in proportion that suggests they are of similar size, which is not accurate.

[Conclusion]: The objects are not in their correct relative sizes."
pair_156.png,Are the objects in their correct relative sizes?,"The penguin appears significantly larger than the lemur, which is consistent with their real-world size differences.","In reality, lemurs are much smaller than penguins. The image accurately reflects this size difference by showing the penguin as substantially larger than the lemur.","Yes, the objects are in their correct relative sizes.","[Observation]: The penguin appears significantly larger than the lemur, which is consistent with their real-world size differences.

[Assessment]: In reality, lemurs are much smaller than penguins. The image accurately reflects this size difference by showing the penguin as substantially larger than the lemur.

[Conclusion]: Yes, the objects are in their correct relative sizes."
pair_328.png,Are the objects in their correct relative sizes?,"The bear is significantly larger than the bird, which is positioned to its left.","In real life, bears and birds have vastly different sizes. A bear is much larger than a bird, typically weighing several hundred pounds compared to a few ounces for a bird like a toucan.","No, the objects are not in their correct relative sizes. The bear appears to be disproportionately large compared to the bird.","[Observation]: The bear is significantly larger than the bird, which is positioned to its left.

[Assessment]: In real life, bears and birds have vastly different sizes. A bear is much larger than a bird, typically weighing several hundred pounds compared to a few ounces for a bird like a toucan.

[Conclusion]: No, the objects are not in their correct relative sizes. The bear appears to be disproportionately large compared to the bird."
pair_064.png,Are the objects in their correct relative sizes?,"The meerkat appears significantly smaller than the koala, which is consistent with their real-world size differences.","In reality, meerkats are much smaller than koalas. The image accurately reflects this size difference.","Yes, the objects are in their correct relative sizes.","[Observation]: The meerkat appears significantly smaller than the koala, which is consistent with their real-world size differences.

[Assessment]: In reality, meerkats are much smaller than koalas. The image accurately reflects this size difference.

[Conclusion]: Yes, the objects are in their correct relative sizes."
pair_197.png,Are the objects in their correct relative sizes?,"The image shows a Komodo dragon and a beluga whale, with the Komodo dragon appearing significantly smaller than the beluga whale.","In reality, a Komodo dragon is much larger than a beluga whale. The Komodo dragon can grow up to 3 meters long, while a beluga whale can grow up to 6 meters long. The image does not reflect these natural size differences accurately.","No, the objects are not in their correct relative sizes.","[Observation]: The image shows a Komodo dragon and a beluga whale, with the Komodo dragon appearing significantly smaller than the beluga whale.

[Assessment]: In reality, a Komodo dragon is much larger than a beluga whale. The Komodo dragon can grow up to 3 meters long, while a beluga whale can grow up to 6 meters long. The image does not reflect these natural size differences accurately.

[Conclusion]: No, the objects are not in their correct relative sizes."
pair_326.png,Are the objects in their correct relative sizes?,"The image shows a squid with its tentacles spread out, and there is a small object at the bottom left corner that appears to be a piece of seaweed or a similar marine plant.",The squid is depicted as a large creature compared to the small object at the bottom left corner. This suggests that the objects are not drawn to scale with each other.,The objects are not in their correct relative sizes.,"[Observation]: The image shows a squid with its tentacles spread out, and there is a small object at the bottom left corner that appears to be a piece of seaweed or a similar marine plant.

[Assessment]: The squid is depicted as a large creature compared to the small object at the bottom left corner. This suggests that the objects are not drawn to scale with each other.

[Conclusion]: The objects are not in their correct relative sizes."
pair_150.png,Are the objects in their correct relative sizes?,The image shows a ring-tailed lemur and a koala. The koala appears significantly larger than the lemur.,"In reality, a koala is much larger than a ring-tailed lemur. Koalas can weigh between 10 to 30 kg, while ring-tailed lemurs typically weigh around 2 to 4 kg. The illustration accurately reflects this size difference.","Yes, the objects are in their correct relative sizes.","[Observation]: The image shows a ring-tailed lemur and a koala. The koala appears significantly larger than the lemur.

[Assessment]: In reality, a koala is much larger than a ring-tailed lemur. Koalas can weigh between 10 to 30 kg, while ring-tailed lemurs typically weigh around 2 to 4 kg. The illustration accurately reflects this size difference.

[Conclusion]: Yes, the objects are in their correct relative sizes."
pair_235.png,Are the objects in their correct relative sizes?,"The camel and the bear appear to be drawn at similar scales, with the camel being slightly larger than the bear.","In reality, camels and bears have significantly different sizes. Camels are much larger animals compared to bears, especially when considering their body mass and height.","No, the objects are not in their correct relative sizes.","[Observation]: The camel and the bear appear to be drawn at similar scales, with the camel being slightly larger than the bear.

[Assessment]: In reality, camels and bears have significantly different sizes. Camels are much larger animals compared to bears, especially when considering their body mass and height.

[Conclusion]: No, the objects are not in their correct relative sizes."
pair_284.png,Are the objects in their correct relative sizes?,The image shows a beluga whale and a brown bear side by side for comparison.,"In reality, a beluga whale is significantly larger than a brown bear. The whale depicted here appears to be much smaller than what would be expected in real life compared to the bear.","No, the objects are not in their correct relative sizes. The beluga whale should be much larger than the brown bear in real life.","[Observation]: The image shows a beluga whale and a brown bear side by side for comparison.

[Assessment]: In reality, a beluga whale is significantly larger than a brown bear. The whale depicted here appears to be much smaller than what would be expected in real life compared to the bear.

[Conclusion]: No, the objects are not in their correct relative sizes. The beluga whale should be much larger than the brown bear in real life."
pair_167.png,Are the objects in their correct relative sizes?,"The image shows a walrus and a red panda. The walrus is significantly larger than the red panda, which is consistent with their real-world size differences.","The red panda appears to be accurately depicted as much smaller than the walrus, maintaining the expected size ratio between these two animals.",The objects are in their correct relative sizes.,"[Observation]: The image shows a walrus and a red panda. The walrus is significantly larger than the red panda, which is consistent with their real-world size differences.

[Assessment]: The red panda appears to be accurately depicted as much smaller than the walrus, maintaining the expected size ratio between these two animals.

[Conclusion]: The objects are in their correct relative sizes."
pair_085.png,Are the objects in their correct relative sizes?,"The giraffe is depicted with a small animal, likely a mouse, next to it. The giraffe appears significantly larger than the mouse.","In reality, giraffes are much larger animals compared to mice. The image accurately represents this size difference.","Yes, the objects are in their correct relative sizes.","[Observation]: The giraffe is depicted with a small animal, likely a mouse, next to it. The giraffe appears significantly larger than the mouse.

[Assessment]: In reality, giraffes are much larger animals compared to mice. The image accurately represents this size difference.

[Conclusion]: Yes, the objects are in their correct relative sizes."
pair_058.png,Are the objects in their correct relative sizes?,"The meerkat on the left appears to be significantly smaller than the red panda on the right, which is consistent with their real-world size differences.","Both animals are depicted in a way that accurately reflects their relative sizes. The meerkat's small stature compared to the larger red panda is maintained, and there are no indications of distortion or exaggeration in their proportions.",The objects are in their correct relative sizes.,"[Observation]: The meerkat on the left appears to be significantly smaller than the red panda on the right, which is consistent with their real-world size differences.

[Assessment]: Both animals are depicted in a way that accurately reflects their relative sizes. The meerkat's small stature compared to the larger red panda is maintained, and there are no indications of distortion or exaggeration in their proportions.

[Conclusion]: The objects are in their correct relative sizes."
pair_066.png,Are the objects in their correct relative sizes?,"The meerkat appears to be significantly larger than the toucan, which is a common characteristic between these two animals.","In reality, meerkats and toucans have vastly different sizes. Meerkats are small mammals typically ranging from 10 to 35 cm in length, while toucans are large birds with a wingspan of about 80-90 cm. The image depicts the meerkat as much larger than it would be in real life compared to the toucan.","No, the objects are not in their correct relative sizes.","[Observation]: The meerkat appears to be significantly larger than the toucan, which is a common characteristic between these two animals.

[Assessment]: In reality, meerkats and toucans have vastly different sizes. Meerkats are small mammals typically ranging from 10 to 35 cm in length, while toucans are large birds with a wingspan of about 80-90 cm. The image depicts the meerkat as much larger than it would be in real life compared to the toucan.

[Conclusion]: No, the objects are not in their correct relative sizes."
pair_080.png,Are the objects in their correct relative sizes?,"The giraffe is depicted much larger than the narwhal, which is not accurate to real-life proportions.","In reality, a giraffe is significantly taller and longer than a narwhal. The giraffe's height and length are exaggerated compared to the narwhal's size.","No, the objects are not in their correct relative sizes.","[Observation]: The giraffe is depicted much larger than the narwhal, which is not accurate to real-life proportions.

[Assessment]: In reality, a giraffe is significantly taller and longer than a narwhal. The giraffe's height and length are exaggerated compared to the narwhal's size.

[Conclusion]: No, the objects are not in their correct relative sizes."
pair_276.png,Are the objects in their correct relative sizes?,The image shows a walrus and a shark side by side for comparison.,"In reality, a great white shark is significantly larger than a walrus. The shark appears to be about three times the length of the walrus.","No, the objects are not in their correct relative sizes.","[Observation]: The image shows a walrus and a shark side by side for comparison.
[Assessment]: In reality, a great white shark is significantly larger than a walrus. The shark appears to be about three times the length of the walrus.
[Conclusion]: No, the objects are not in their correct relative sizes."
pair_092.png,Are the objects in their correct relative sizes?,"The giraffe is depicted much larger than the shark, which is not accurate to real-life proportions.","In reality, a great white shark can be significantly longer and heavier than a giraffe. Giraffes are known for being the tallest land animals, but they are not as large as sharks when considering their overall size.","No, the objects are not in their correct relative sizes.","[Observation]: The giraffe is depicted much larger than the shark, which is not accurate to real-life proportions.

[Assessment]: In reality, a great white shark can be significantly longer and heavier than a giraffe. Giraffes are known for being the tallest land animals, but they are not as large as sharks when considering their overall size.

[Conclusion]: No, the objects are not in their correct relative sizes."
pair_089.png,Are the objects in their correct relative sizes?,"The giraffe is depicted as significantly taller than the bear, which aligns with their real-world size difference.","In reality, giraffes are much larger animals compared to bears. The image accurately represents this size disparity.","Yes, the objects are in their correct relative sizes.","[Observation]: The giraffe is depicted as significantly taller than the bear, which aligns with their real-world size difference.

[Assessment]: In reality, giraffes are much larger animals compared to bears. The image accurately represents this size disparity.

[Conclusion]: Yes, the objects are in their correct relative sizes."
pair_200.png,Are the objects in their correct relative sizes?,The image shows a large lizard-like creature and a small pink object that resembles an axolotl. The lizard is significantly larger than the axolotl.,"The relative size of the objects appears to be correctly depicted. The axolotl is much smaller compared to the lizard, which aligns with the typical size difference between these animals.",The objects are in their correct relative sizes.,"[Observation]: The image shows a large lizard-like creature and a small pink object that resembles an axolotl. The lizard is significantly larger than the axolotl.

[Assessment]: The relative size of the objects appears to be correctly depicted. The axolotl is much smaller compared to the lizard, which aligns with the typical size difference between these animals.

[Conclusion]: The objects are in their correct relative sizes."
pair_277.png,Are the objects in their correct relative sizes?,"The image shows a walrus and a squid. The walrus is positioned to the left, while the squid is larger and positioned to the right.","In reality, a walrus is significantly smaller than a squid. The squid depicted here appears to be much larger than a typical walrus, which contradicts the natural size difference between these two animals.",The objects are not in their correct relative sizes.,"[Observation]: The image shows a walrus and a squid. The walrus is positioned to the left, while the squid is larger and positioned to the right.

[Assessment]: In reality, a walrus is significantly smaller than a squid. The squid depicted here appears to be much larger than a typical walrus, which contradicts the natural size difference between these two animals.

[Conclusion]: The objects are not in their correct relative sizes."
pair_194.png,Are the objects in their correct relative sizes?,"The Komodo dragon appears to be significantly larger than the reindeer, which is not typical of their real-world size comparison.","In reality, a Komodo dragon can grow up to 3 meters long and weigh around 70 kg, while a reindeer typically stands about 1.5 meters tall at the shoulder and weighs between 180-400 kg. The image shows the Komodo dragon much larger than it should be compared to the reindeer.","No, the objects are not in their correct relative sizes.","[Observation]: The Komodo dragon appears to be significantly larger than the reindeer, which is not typical of their real-world size comparison.

[Assessment]: In reality, a Komodo dragon can grow up to 3 meters long and weigh around 70 kg, while a reindeer typically stands about 1.5 meters tall at the shoulder and weighs between 180-400 kg. The image shows the Komodo dragon much larger than it should be compared to the reindeer.

[Conclusion]: No, the objects are not in their correct relative sizes."
pair_143.png,Are the objects in their correct relative sizes?,The image shows a ring-tailed lemur and a snow leopard side by side for comparison. The lemur is significantly smaller than the snow leopard.,"Based on typical size differences between these animals, the lemur appears to be accurately depicted as much smaller than the snow leopard. The proportions of both animals seem consistent with real-world measurements.","Yes, the objects are in their correct relative sizes.","[Observation]: The image shows a ring-tailed lemur and a snow leopard side by side for comparison. The lemur is significantly smaller than the snow leopard.

[Assessment]: Based on typical size differences between these animals, the lemur appears to be accurately depicted as much smaller than the snow leopard. The proportions of both animals seem consistent with real-world measurements.

[Conclusion]: Yes, the objects are in their correct relative sizes."
pair_265.png,Are the objects in their correct relative sizes?,The image shows a narwhal and a great white shark side by side for comparison.,"In reality, a great white shark is significantly larger than a narwhal. The narwhal depicted here appears to be much smaller than the great white shark, which is not accurate to scale.","No, the objects are not in their correct relative sizes.","[Observation]: The image shows a narwhal and a great white shark side by side for comparison.

[Assessment]: In reality, a great white shark is significantly larger than a narwhal. The narwhal depicted here appears to be much smaller than the great white shark, which is not accurate to scale.

[Conclusion]: No, the objects are not in their correct relative sizes."
pair_303.png,Are the objects in their correct relative sizes?,"The image shows a koala and a shark. The koala appears much smaller than the shark, which is consistent with their real-world size differences.","In reality, sharks are significantly larger than koalas. The koala in the image is depicted as much smaller than the shark, which aligns with the actual size difference between these animals.","Yes, the objects are in their correct relative sizes.","[Observation]: The image shows a koala and a shark. The koala appears much smaller than the shark, which is consistent with their real-world size differences.

[Assessment]: In reality, sharks are significantly larger than koalas. The koala in the image is depicted as much smaller than the shark, which aligns with the actual size difference between these animals.

[Conclusion]: Yes, the objects are in their correct relative sizes."
pair_204.png,Are the objects in their correct relative sizes?,"The image shows a large lizard, likely a Komodo dragon, and a small hedgehog. The lizard is significantly larger than the hedgehog.","Based on real-world knowledge, Komodo dragons can grow to be over 3 meters long and weigh up to 70 kg, while hedgehogs are much smaller, typically ranging from about 15 cm to 60 cm in length and weighing between 200 grams and 8 kg. The image accurately depicts this size difference.","Yes, the objects are in their correct relative sizes.","[Observation]: The image shows a large lizard, likely a Komodo dragon, and a small hedgehog. The lizard is significantly larger than the hedgehog.

[Assessment]: Based on real-world knowledge, Komodo dragons can grow to be over 3 meters long and weigh up to 70 kg, while hedgehogs are much smaller, typically ranging from about 15 cm to 60 cm in length and weighing between 200 grams and 8 kg. The image accurately depicts this size difference.

[Conclusion]: Yes, the objects are in their correct relative sizes."
pair_008.png,Are the objects in their correct relative sizes?,"The image shows an elephant and a panda bear. The elephant is significantly larger than the panda bear, which is consistent with their real-world size differences.","In reality, elephants are much larger animals compared to pandas. The elephant in the image appears to be accurately depicted as being much bigger than the panda bear, maintaining the correct relative size difference between these two animals.","Yes, the objects are in their correct relative sizes.","[Observation]: The image shows an elephant and a panda bear. The elephant is significantly larger than the panda bear, which is consistent with their real-world size differences.

[Assessment]: In reality, elephants are much larger animals compared to pandas. The elephant in the image appears to be accurately depicted as being much bigger than the panda bear, maintaining the correct relative size difference between these two animals.

[Conclusion]: Yes, the objects are in their correct relative sizes."
pair_164.png,Are the objects in their correct relative sizes?,"The camel is significantly larger than the red panda, which is a common observation.","In reality, camels and red pandas have vastly different sizes. Camels are much larger animals, typically weighing several hundred kilograms, while red pandas are small mammals, usually weighing around 2-3 kilograms.","No, the objects are not in their correct relative sizes.","[Observation]: The camel is significantly larger than the red panda, which is a common observation.

[Assessment]: In reality, camels and red pandas have vastly different sizes. Camels are much larger animals, typically weighing several hundred kilograms, while red pandas are small mammals, usually weighing around 2-3 kilograms.

[Conclusion]: No, the objects are not in their correct relative sizes."
pair_316.png,Are the objects in their correct relative sizes?,"The image shows a large bird, likely a toucan, and a small axolotl. The bird is significantly larger than the axolotl.","In real life, the size difference between a toucan and an axolotl is substantial. Toucans are known for their large beaks and bodies, while axolotls are relatively small amphibians. The image accurately reflects this natural size disparity.","Yes, the objects are in their correct relative sizes.","[Observation]: The image shows a large bird, likely a toucan, and a small axolotl. The bird is significantly larger than the axolotl.

[Assessment]: In real life, the size difference between a toucan and an axolotl is substantial. Toucans are known for their large beaks and bodies, while axolotls are relatively small amphibians. The image accurately reflects this natural size disparity.

[Conclusion]: Yes, the objects are in their correct relative sizes."
pair_346.png,Are the objects in their correct relative sizes?,The image shows an octopus with a small rooster icon in the bottom right corner for scale comparison.,"The rooster icon is significantly smaller than the octopus, which suggests that the rooster icon is not to scale with the octopus.",The objects are not in their correct relative sizes.,"[Observation]: The image shows an octopus with a small rooster icon in the bottom right corner for scale comparison.

[Assessment]: The rooster icon is significantly smaller than the octopus, which suggests that the rooster icon is not to scale with the octopus.

[Conclusion]: The objects are not in their correct relative sizes."
pair_274.png,Are the objects in their correct relative sizes?,The image shows a walrus and a bear side by side for comparison.,"The walrus appears to be significantly larger than the bear, which is not accurate as real-world measurements would show the bear being larger than the walrus.",The objects are not in their correct relative sizes.,"[Observation]: The image shows a walrus and a bear side by side for comparison.
[Assessment]: The walrus appears to be significantly larger than the bear, which is not accurate as real-world measurements would show the bear being larger than the walrus.
[Conclusion]: The objects are not in their correct relative sizes."
pair_269.png,Are the objects in their correct relative sizes?,"The image shows a walrus and a koala, with the walrus being significantly larger than the koala.","In reality, a walrus is much larger than a koala. The size difference between these two animals is substantial, with the walrus being several times bigger in length and overall body mass.","Yes, the objects are in their correct relative sizes as depicted in the image.","[Observation]: The image shows a walrus and a koala, with the walrus being significantly larger than the koala.

[Assessment]: In reality, a walrus is much larger than a koala. The size difference between these two animals is substantial, with the walrus being several times bigger in length and overall body mass.

[Conclusion]: Yes, the objects are in their correct relative sizes as depicted in the image."
pair_087.png,Are the objects in their correct relative sizes?,"The giraffe is depicted much larger than the sloth, which is a common representation in many illustrations.","In reality, giraffes are significantly larger than sloths. The size difference between these animals in the image is exaggerated for artistic or humorous effect.",The objects are not in their correct relative sizes; the giraffe is disproportionately large compared to the sloth.,"[Observation]: The giraffe is depicted much larger than the sloth, which is a common representation in many illustrations.

[Assessment]: In reality, giraffes are significantly larger than sloths. The size difference between these animals in the image is exaggerated for artistic or humorous effect.

[Conclusion]: The objects are not in their correct relative sizes; the giraffe is disproportionately large compared to the sloth."
pair_266.png,Are the objects in their correct relative sizes?,"The image shows a narwhal and a squid, with the squid appearing significantly larger than the narwhal.","In reality, a narwhal is much smaller than a squid. The narwhal is a small cetacean, typically ranging from 3 to 5 meters in length, while squids can be much larger, with some species reaching lengths of over 18 meters.",The objects are not in their correct relative sizes.,"[Observation]: The image shows a narwhal and a squid, with the squid appearing significantly larger than the narwhal.

[Assessment]: In reality, a narwhal is much smaller than a squid. The narwhal is a small cetacean, typically ranging from 3 to 5 meters in length, while squids can be much larger, with some species reaching lengths of over 18 meters.

[Conclusion]: The objects are not in their correct relative sizes."
pair_271.png,Are the objects in their correct relative sizes?,"The image shows a walrus with tusks, and there is a small lizard in the bottom right corner for scale comparison.","The walrus appears to be significantly larger than the lizard, which is typical for these animals. The tusks of the walrus are also proportionally large compared to its body size, which is accurate.",The objects are in their correct relative sizes.,"[Observation]: The image shows a walrus with tusks, and there is a small lizard in the bottom right corner for scale comparison.

[Assessment]: The walrus appears to be significantly larger than the lizard, which is typical for these animals. The tusks of the walrus are also proportionally large compared to its body size, which is accurate.

[Conclusion]: The objects are in their correct relative sizes."
pair_325.png,Are the objects in their correct relative sizes?,The image shows a great white shark and a sloth. The shark is significantly larger than the sloth.,"In reality, a great white shark can grow to be about 20 feet long, while a sloth typically ranges from 1.5 to 3 feet in length. The image accurately depicts the size difference between these two animals.","Yes, the objects are in their correct relative sizes.","[Observation]: The image shows a great white shark and a sloth. The shark is significantly larger than the sloth.

[Assessment]: In reality, a great white shark can grow to be about 20 feet long, while a sloth typically ranges from 1.5 to 3 feet in length. The image accurately depicts the size difference between these two animals.

[Conclusion]: Yes, the objects are in their correct relative sizes."
pair_024.png,Are the objects in their correct relative sizes?,"The image shows an elephant with a consistent size throughout its body, including its trunk and tusks.","The elephant's features are proportionate to each other. The trunk is long and curves appropriately, and the tusks are of a reasonable length compared to the rest of the body. There are no indications of disproportionate sizes among different parts of the elephant.",The objects in the image are in their correct relative sizes.,"[Observation]: The image shows an elephant with a consistent size throughout its body, including its trunk and tusks.

[Assessment]: The elephant's features are proportionate to each other. The trunk is long and curves appropriately, and the tusks are of a reasonable length compared to the rest of the body. There are no indications of disproportionate sizes among different parts of the elephant.

[Conclusion]: The objects in the image are in their correct relative sizes."
pair_144.png,Are the objects in their correct relative sizes?,"The camel is depicted much larger than the lemur, which is a common size difference between these animals.","In reality, a camel is significantly larger than a lemur. The image accurately reflects this size difference, as camels are known to be much bigger and heavier animals compared to lemurs.","Yes, the objects are in their correct relative sizes.","[Observation]: The camel is depicted much larger than the lemur, which is a common size difference between these animals.

[Assessment]: In reality, a camel is significantly larger than a lemur. The image accurately reflects this size difference, as camels are known to be much bigger and heavier animals compared to lemurs.

[Conclusion]: Yes, the objects are in their correct relative sizes."
pair_065.png,Are the objects in their correct relative sizes?,"The meerkat appears to be significantly larger than the platypus, which is not typical of their real-world size comparison.","In reality, meerkats are much smaller than platypuses. The image shows the meerkat standing upright and looking larger than the platypus, which is sitting on all fours. This discrepancy suggests that the image has been altered or drawn to an incorrect scale.",The objects are not in their correct relative sizes.,"[Observation]: The meerkat appears to be significantly larger than the platypus, which is not typical of their real-world size comparison.

[Assessment]: In reality, meerkats are much smaller than platypuses. The image shows the meerkat standing upright and looking larger than the platypus, which is sitting on all fours. This discrepancy suggests that the image has been altered or drawn to an incorrect scale.

[Conclusion]: The objects are not in their correct relative sizes."
pair_061.png,Are the objects in their correct relative sizes?,"The camel appears to be significantly larger than the meerkat, which is standing next to it.","In reality, meerkats are much smaller than camels. The image shows the camel and meerkat in a way that suggests they are of similar size, which is not accurate.",The objects are not in their correct relative sizes.,"[Observation]: The camel appears to be significantly larger than the meerkat, which is standing next to it.

[Assessment]: In reality, meerkats are much smaller than camels. The image shows the camel and meerkat in a way that suggests they are of similar size, which is not accurate.

[Conclusion]: The objects are not in their correct relative sizes."
pair_098.png,Are the objects in their correct relative sizes?,"The hippopotamus appears significantly larger than the panda, which is consistent with their real-world size differences.","In reality, hippos are much larger animals compared to pandas. The image accurately reflects this difference in size.","Yes, the objects are in their correct relative sizes.","[Observation]: The hippopotamus appears significantly larger than the panda, which is consistent with their real-world size differences.

[Assessment]: In reality, hippos are much larger animals compared to pandas. The image accurately reflects this difference in size.

[Conclusion]: Yes, the objects are in their correct relative sizes."
pair_119.png,Are the objects in their correct relative sizes?,"The image shows two animals, one on the left and one on the right. The animal on the left appears to be larger than the animal on the right.","Based on the visual observation, the animal on the left is significantly larger than the animal on the right. This suggests that they are not drawn to scale with each other.",The objects are not in their correct relative sizes.,"[Observation]: The image shows two animals, one on the left and one on the right. The animal on the left appears to be larger than the animal on the right.

[Assessment]: Based on the visual observation, the animal on the left is significantly larger than the animal on the right. This suggests that they are not drawn to scale with each other.

[Conclusion]: The objects are not in their correct relative sizes."
pair_028.png,Are the objects in their correct relative sizes?,The image shows a cheetah and a meerkat standing next to each other. The cheetah is significantly larger than the meerkat.,"In reality, a cheetah is much larger than a meerkat. The size difference between these two animals is substantial, with the cheetah being several times taller and longer than the meerkat.","No, the objects are not in their correct relative sizes. The cheetah appears to be disproportionately large compared to the meerkat in the image.","[Observation]: The image shows a cheetah and a meerkat standing next to each other. The cheetah is significantly larger than the meerkat.

[Assessment]: In reality, a cheetah is much larger than a meerkat. The size difference between these two animals is substantial, with the cheetah being several times taller and longer than the meerkat.

[Conclusion]: No, the objects are not in their correct relative sizes. The cheetah appears to be disproportionately large compared to the meerkat in the image."
pair_182.png,Are the objects in their correct relative sizes?,"The panda appears significantly smaller than the camel, which is consistent with their real-world size differences.","In reality, pandas and camels have vastly different sizes. Pandas are much smaller animals compared to camels, which are large mammals. The image accurately reflects this size difference.","Yes, the objects are in their correct relative sizes.","[Observation]: The panda appears significantly smaller than the camel, which is consistent with their real-world size differences.

[Assessment]: In reality, pandas and camels have vastly different sizes. Pandas are much smaller animals compared to camels, which are large mammals. The image accurately reflects this size difference.

[Conclusion]: Yes, the objects are in their correct relative sizes."
pair_117.png,Are the objects in their correct relative sizes?,The image shows a hippopotamus and a rooster. The hippopotamus is significantly larger than the rooster.,"In reality, a hippopotamus is much larger than a rooster. The size difference between these two animals is substantial, with the hippopotamus being several orders of magnitude bigger.","No, the objects are not in their correct relative sizes. The rooster appears to be disproportionately small compared to the hippopotamus.","[Observation]: The image shows a hippopotamus and a rooster. The hippopotamus is significantly larger than the rooster.

[Assessment]: In reality, a hippopotamus is much larger than a rooster. The size difference between these two animals is substantial, with the hippopotamus being several orders of magnitude bigger.

[Conclusion]: No, the objects are not in their correct relative sizes. The rooster appears to be disproportionately small compared to the hippopotamus."
pair_149.png,Are the objects in their correct relative sizes?,"The image shows a kangaroo and a lemur, with the kangaroo being significantly larger than the lemur.","In reality, a kangaroo is much larger than a lemur. The size difference between these two animals is substantial, which is accurately depicted in the image.","Yes, the objects are in their correct relative sizes.","[Observation]: The image shows a kangaroo and a lemur, with the kangaroo being significantly larger than the lemur.
[Assessment]: In reality, a kangaroo is much larger than a lemur. The size difference between these two animals is substantial, which is accurately depicted in the image.
[Conclusion]: Yes, the objects are in their correct relative sizes."
pair_190.png,Are the objects in their correct relative sizes?,"The panda is significantly larger than the hedgehog, which is positioned to its right.","In real life, pandas and hedgehogs have a very different size ratio. Pandas are much larger animals compared to hedgehogs. The image accurately reflects this difference in size.","Yes, the objects are in their correct relative sizes.","[Observation]: The panda is significantly larger than the hedgehog, which is positioned to its right.

[Assessment]: In real life, pandas and hedgehogs have a very different size ratio. Pandas are much larger animals compared to hedgehogs. The image accurately reflects this difference in size.

[Conclusion]: Yes, the objects are in their correct relative sizes."
pair_162.png,Are the objects in their correct relative sizes?,"The image shows a Komodo dragon and a red panda, with the Komodo dragon significantly larger than the red panda.","Based on real-world knowledge, Komodo dragons are known to be much larger animals compared to red pandas. The Komodo dragon depicted here is accurately represented as being much bigger than the red panda.","Yes, the objects are in their correct relative sizes.","[Observation]: The image shows a Komodo dragon and a red panda, with the Komodo dragon significantly larger than the red panda.

[Assessment]: Based on real-world knowledge, Komodo dragons are known to be much larger animals compared to red pandas. The Komodo dragon depicted here is accurately represented as being much bigger than the red panda.

[Conclusion]: Yes, the objects are in their correct relative sizes."
pair_296.png,Are the objects in their correct relative sizes?,"The koala appears significantly larger than the platypus, which is consistent with their real-world size differences.",Koalas are known to be much larger animals compared to platypuses. The illustration accurately reflects this difference in size.,"Yes, the objects are in their correct relative sizes.","[Observation]: The koala appears significantly larger than the platypus, which is consistent with their real-world size differences.

[Assessment]: Koalas are known to be much larger animals compared to platypuses. The illustration accurately reflects this difference in size.

[Conclusion]: Yes, the objects are in their correct relative sizes."
pair_268.png,Are the objects in their correct relative sizes?,The image shows a walrus on the left and a beluga whale on the right. The walrus appears significantly smaller than the beluga whale.,"In reality, a beluga whale is much larger than a walrus. The size difference between these two animals is substantial, with the beluga whale being several times longer and heavier.","No, the objects are not in their correct relative sizes. The beluga whale should be much larger compared to the walrus in real life.","[Observation]: The image shows a walrus on the left and a beluga whale on the right. The walrus appears significantly smaller than the beluga whale.

[Assessment]: In reality, a beluga whale is much larger than a walrus. The size difference between these two animals is substantial, with the beluga whale being several times longer and heavier.

[Conclusion]: No, the objects are not in their correct relative sizes. The beluga whale should be much larger compared to the walrus in real life."
pair_158.png,Are the objects in their correct relative sizes?,The image shows a large shark and a small lemur. The shark is significantly larger than the lemur.,"In reality, sharks are much larger animals compared to lemurs. The size difference between a shark and a lemur is substantial, with sharks being hundreds of times larger.","No, the objects are not in their correct relative sizes. The lemur appears disproportionately large compared to the shark, which is not accurate in real life.","[Observation]: The image shows a large shark and a small lemur. The shark is significantly larger than the lemur.

[Assessment]: In reality, sharks are much larger animals compared to lemurs. The size difference between a shark and a lemur is substantial, with sharks being hundreds of times larger.

[Conclusion]: No, the objects are not in their correct relative sizes. The lemur appears disproportionately large compared to the shark, which is not accurate in real life."
pair_297.png,Are the objects in their correct relative sizes?,"The koala appears significantly larger than the axolotl, which is consistent with their real-world size difference.","In reality, a koala is much larger than an axolotl. The illustration accurately reflects this size disparity.","Yes, the objects are in their correct relative sizes.","[Observation]: The koala appears significantly larger than the axolotl, which is consistent with their real-world size difference.

[Assessment]: In reality, a koala is much larger than an axolotl. The illustration accurately reflects this size disparity.

[Conclusion]: Yes, the objects are in their correct relative sizes."
pair_321.png,Are the objects in their correct relative sizes?,"The rooster appears significantly larger than the axolotl, which is consistent with their real-world size differences.","In reality, an axolotl is much smaller than a rooster. The image accurately reflects this size disparity.","Yes, the objects are in their correct relative sizes.","[Observation]: The rooster appears significantly larger than the axolotl, which is consistent with their real-world size differences.

[Assessment]: In reality, an axolotl is much smaller than a rooster. The image accurately reflects this size disparity.

[Conclusion]: Yes, the objects are in their correct relative sizes."
pair_173.png,Are the objects in their correct relative sizes?,"The red panda and the sloth appear to be drawn at different scales, with the red panda being significantly smaller than the sloth.","In real life, red pandas are much smaller than sloths. The red panda is depicted as a small, compact animal, while the sloth is shown as a larger, more elongated creature. This difference in size is accurately represented in the image.","Yes, the objects are in their correct relative sizes.","[Observation]: The red panda and the sloth appear to be drawn at different scales, with the red panda being significantly smaller than the sloth.

[Assessment]: In real life, red pandas are much smaller than sloths. The red panda is depicted as a small, compact animal, while the sloth is shown as a larger, more elongated creature. This difference in size is accurately represented in the image.

[Conclusion]: Yes, the objects are in their correct relative sizes."
pair_283.png,Are the objects in their correct relative sizes?,"The image shows a beluga whale and a toucan. The whale is significantly larger than the toucan, which is consistent with their real-world size differences.","The drawing accurately represents the relative sizes of these animals. The whale is depicted much larger than the toucan, which is appropriate given that whales are much bigger than birds like toucans.",The objects are in their correct relative sizes.,"[Observation]: The image shows a beluga whale and a toucan. The whale is significantly larger than the toucan, which is consistent with their real-world size differences.

[Assessment]: The drawing accurately represents the relative sizes of these animals. The whale is depicted much larger than the toucan, which is appropriate given that whales are much bigger than birds like toucans.

[Conclusion]: The objects are in their correct relative sizes."
pair_218.png,Are the objects in their correct relative sizes?,"The image shows a snow leopard and a toucan. The snow leopard is significantly larger than the toucan, which is consistent with their real-world size differences.","The relative sizes of the animals appear to be correctly depicted. The snow leopard's body proportions and the size of its features match those of a real snow leopard. The toucan, while smaller, maintains the characteristic features of a toucan, such as its large beak and body shape.","Yes, the objects are in their correct relative sizes.","[Observation]: The image shows a snow leopard and a toucan. The snow leopard is significantly larger than the toucan, which is consistent with their real-world size differences.

[Assessment]: The relative sizes of the animals appear to be correctly depicted. The snow leopard's body proportions and the size of its features match those of a real snow leopard. The toucan, while smaller, maintains the characteristic features of a toucan, such as its large beak and body shape.

[Conclusion]: Yes, the objects are in their correct relative sizes."
pair_022.png,Are the objects in their correct relative sizes?,"The elephant is significantly larger than the bear, which aligns with their real-world size differences.","Both animals are depicted with accurate proportions relative to each other. The elephant's size is exaggerated compared to the bear, but this is typical in artistic representations for emphasis or educational purposes.","Yes, the objects are shown in their correct relative sizes, though the elephant appears larger than it would be in reality compared to the bear.","[Observation]: The elephant is significantly larger than the bear, which aligns with their real-world size differences.

[Assessment]: Both animals are depicted with accurate proportions relative to each other. The elephant's size is exaggerated compared to the bear, but this is typical in artistic representations for emphasis or educational purposes.

[Conclusion]: Yes, the objects are shown in their correct relative sizes, though the elephant appears larger than it would be in reality compared to the bear."
pair_073.png,Are the objects in their correct relative sizes?,"The giraffe is depicted much larger than the lemur, which is shown in the bottom right corner of the image.","In reality, a giraffe is significantly larger than a lemur. The size difference between these two animals is not accurately represented in the image.",The objects are not in their correct relative sizes.,"[Observation]: The giraffe is depicted much larger than the lemur, which is shown in the bottom right corner of the image.

[Assessment]: In reality, a giraffe is significantly larger than a lemur. The size difference between these two animals is not accurately represented in the image.

[Conclusion]: The objects are not in their correct relative sizes."
pair_034.png,Are the objects in their correct relative sizes?,"The cheetah appears to be significantly larger than the panda, which is consistent with their real-world size differences.","In reality, a cheetah is much larger than a panda. The image accurately reflects this difference in size.","Yes, the objects are in their correct relative sizes.","[Observation]: The cheetah appears to be significantly larger than the panda, which is consistent with their real-world size differences.

[Assessment]: In reality, a cheetah is much larger than a panda. The image accurately reflects this difference in size.

[Conclusion]: Yes, the objects are in their correct relative sizes."
pair_302.png,Are the objects in their correct relative sizes?,"The koala appears significantly larger than the hedgehog, which is consistent with real-world proportions.","In reality, a koala is much larger than a hedgehog. The illustration accurately reflects this size difference.","Yes, the objects are in their correct relative sizes.","[Observation]: The koala appears significantly larger than the hedgehog, which is consistent with real-world proportions.

[Assessment]: In reality, a koala is much larger than a hedgehog. The illustration accurately reflects this size difference.

[Conclusion]: Yes, the objects are in their correct relative sizes."
pair_043.png,Are the objects in their correct relative sizes?,"The cheetah appears significantly larger than the koala, which is consistent with their real-world size differences.","In reality, cheetahs are much larger animals compared to koalas. The image accurately reflects this difference in size.","Yes, the objects are in their correct relative sizes.","[Observation]: The cheetah appears significantly larger than the koala, which is consistent with their real-world size differences.

[Assessment]: In reality, cheetahs are much larger animals compared to koalas. The image accurately reflects this difference in size.

[Conclusion]: Yes, the objects are in their correct relative sizes."
pair_009.png,Are the objects in their correct relative sizes?,"The image shows an elephant and a Komodo dragon, with the Komodo dragon appearing significantly smaller than the elephant.","In reality, elephants are much larger animals compared to Komodo dragons. The Komodo dragon is one of the largest lizards in the world but still far smaller than an elephant.","No, the objects are not in their correct relative sizes. The Komodo dragon should be much larger in comparison to the elephant.","[Observation]: The image shows an elephant and a Komodo dragon, with the Komodo dragon appearing significantly smaller than the elephant.

[Assessment]: In reality, elephants are much larger animals compared to Komodo dragons. The Komodo dragon is one of the largest lizards in the world but still far smaller than an elephant.

[Conclusion]: No, the objects are not in their correct relative sizes. The Komodo dragon should be much larger in comparison to the elephant."
pair_279.png,Are the objects in their correct relative sizes?,The image shows a beluga whale and a koala bear. The whale is significantly larger than the koala.,"In reality, a beluga whale can grow up to 18-20 feet long, while a koala typically ranges from 1.5 to 3 feet in length. The image accurately depicts this size difference.","Yes, the objects are in their correct relative sizes.","[Observation]: The image shows a beluga whale and a koala bear. The whale is significantly larger than the koala.

[Assessment]: In reality, a beluga whale can grow up to 18-20 feet long, while a koala typically ranges from 1.5 to 3 feet in length. The image accurately depicts this size difference.

[Conclusion]: Yes, the objects are in their correct relative sizes."
pair_078.png,Are the objects in their correct relative sizes?,"The giraffe is significantly taller than the camel, which aligns with their real-world size differences.","Both animals are depicted accurately in terms of their proportions and features. The giraffe's long neck and legs are correctly represented, as are the camel's hump and head shape.","Yes, the objects are in their correct relative sizes.","[Observation]: The giraffe is significantly taller than the camel, which aligns with their real-world size differences.

[Assessment]: Both animals are depicted accurately in terms of their proportions and features. The giraffe's long neck and legs are correctly represented, as are the camel's hump and head shape.

[Conclusion]: Yes, the objects are in their correct relative sizes."
pair_126.png,Are the objects in their correct relative sizes?,"The image shows a large walrus and a small honey badger. The walrus is significantly larger than the honey badger, which is consistent with their real-world size differences.","The drawing accurately represents the size difference between a walrus and a honey badger. The walrus is depicted much larger than the honey badger, which is proportionate to their actual sizes.","Yes, the objects are in their correct relative sizes.","[Observation]: The image shows a large walrus and a small honey badger. The walrus is significantly larger than the honey badger, which is consistent with their real-world size differences.

[Assessment]: The drawing accurately represents the size difference between a walrus and a honey badger. The walrus is depicted much larger than the honey badger, which is proportionate to their actual sizes.

[Conclusion]: Yes, the objects are in their correct relative sizes."
pair_198.png,Are the objects in their correct relative sizes?,"The Komodo dragon appears significantly larger than the koala, which is consistent with their real-world size differences.","In reality, a Komodo dragon can grow up to 3 meters long and weigh up to 70 kg, while a koala typically grows to about 1 meter in length and weighs around 9-46 kg. The image reflects these size differences accurately.","Yes, the objects are in their correct relative sizes.","[Observation]: The Komodo dragon appears significantly larger than the koala, which is consistent with their real-world size differences.

[Assessment]: In reality, a Komodo dragon can grow up to 3 meters long and weigh up to 70 kg, while a koala typically grows to about 1 meter in length and weighs around 9-46 kg. The image reflects these size differences accurately.

[Conclusion]: Yes, the objects are in their correct relative sizes."
pair_298.png,Are the objects in their correct relative sizes?,"The koala appears significantly larger than the sloth, which is consistent with their real-world size differences.","In reality, koalas are much larger animals compared to sloths. The image accurately reflects this difference in size.","Yes, the objects are in their correct relative sizes.","[Observation]: The koala appears significantly larger than the sloth, which is consistent with their real-world size differences.

[Assessment]: In reality, koalas are much larger animals compared to sloths. The image accurately reflects this difference in size.

[Conclusion]: Yes, the objects are in their correct relative sizes."
pair_291.png,Are the objects in their correct relative sizes?,"The kangaroo is depicted much larger than the bird, which is a common representation in illustrations to emphasize the size difference between animals.","In real life, a kangaroo is significantly larger than a bird like a toucan. The illustration accurately reflects this natural size disparity by making the kangaroo appear much bigger than the bird.","Yes, the objects are in their correct relative sizes in the image.","[Observation]: The kangaroo is depicted much larger than the bird, which is a common representation in illustrations to emphasize the size difference between animals.

[Assessment]: In real life, a kangaroo is significantly larger than a bird like a toucan. The illustration accurately reflects this natural size disparity by making the kangaroo appear much bigger than the bird.

[Conclusion]: Yes, the objects are in their correct relative sizes in the image."
pair_083.png,Are the objects in their correct relative sizes?,"The giraffe is significantly larger than the kangaroo, which aligns with their real-world size differences.","In the image, the giraffe's height and body proportions are accurately depicted compared to the kangaroo. The giraffe's long neck and legs are proportionate to its overall height, and the kangaroo's small size is correctly represented as much smaller than the giraffe.","Yes, the objects are in their correct relative sizes.","[Observation]: The giraffe is significantly larger than the kangaroo, which aligns with their real-world size differences.

[Assessment]: In the image, the giraffe's height and body proportions are accurately depicted compared to the kangaroo. The giraffe's long neck and legs are proportionate to its overall height, and the kangaroo's small size is correctly represented as much smaller than the giraffe.

[Conclusion]: Yes, the objects are in their correct relative sizes."
pair_027.png,Are the objects in their correct relative sizes?,"The image shows an elephant and a rooster, with the elephant being significantly larger than the rooster.","In reality, elephants are much larger animals compared to roosters. The size difference between these two animals is substantial, which is accurately depicted in the image.","Yes, the objects are in their correct relative sizes.","[Observation]: The image shows an elephant and a rooster, with the elephant being significantly larger than the rooster.

[Assessment]: In reality, elephants are much larger animals compared to roosters. The size difference between these two animals is substantial, which is accurately depicted in the image.

[Conclusion]: Yes, the objects are in their correct relative sizes."
pair_123.png,Are the objects in their correct relative sizes?,"The image shows a camel and a honey badger, with the honey badger positioned much smaller than the camel.","In reality, a honey badger is significantly smaller than a camel. The size difference between these animals is substantial, and the image accurately reflects this natural disparity.","Yes, the objects are in their correct relative sizes.","[Observation]: The image shows a camel and a honey badger, with the honey badger positioned much smaller than the camel.

[Assessment]: In reality, a honey badger is significantly smaller than a camel. The size difference between these animals is substantial, and the image accurately reflects this natural disparity.

[Conclusion]: Yes, the objects are in their correct relative sizes."
pair_130.png,Are the objects in their correct relative sizes?,"The image shows two animals, one larger and one smaller, depicted side by side for comparison.","The larger animal appears to be a honey badger, and the smaller animal resembles a platypus. In reality, a honey badger is significantly larger than a platypus. The size difference between these two animals in the image is exaggerated compared to their real-life proportions.","No, the objects are not in their correct relative sizes. The honey badger is much larger than the platypus in real life, but the image presents them as being of similar size.","[Observation]: The image shows two animals, one larger and one smaller, depicted side by side for comparison.

[Assessment]: The larger animal appears to be a honey badger, and the smaller animal resembles a platypus. In reality, a honey badger is significantly larger than a platypus. The size difference between these two animals in the image is exaggerated compared to their real-life proportions.

[Conclusion]: No, the objects are not in their correct relative sizes. The honey badger is much larger than the platypus in real life, but the image presents them as being of similar size."
pair_344.png,Are the objects in their correct relative sizes?,The image shows a great white shark and a giant squid side by side for comparison.,"In reality, a great white shark is significantly larger than a giant squid. The great white shark depicted here appears to be much smaller than the giant squid, which is an unusual size ratio.","No, the objects are not in their correct relative sizes. The great white shark should be much larger compared to the giant squid in real life.","[Observation]: The image shows a great white shark and a giant squid side by side for comparison.

[Assessment]: In reality, a great white shark is significantly larger than a giant squid. The great white shark depicted here appears to be much smaller than the giant squid, which is an unusual size ratio.

[Conclusion]: No, the objects are not in their correct relative sizes. The great white shark should be much larger compared to the giant squid in real life."
pair_138.png,Are the objects in their correct relative sizes?,The image shows a large squid-like creature with a small bear-like figure for scale comparison.,"The bear is significantly smaller than the squid, which aligns with the expected size difference between a bear and a squid. However, the bear appears disproportionately small compared to the squid's body length.",The bear is not in its correct relative size compared to the squid. The bear should be much larger in proportion to the squid's body length.,"[Observation]: The image shows a large squid-like creature with a small bear-like figure for scale comparison.

[Assessment]: The bear is significantly smaller than the squid, which aligns with the expected size difference between a bear and a squid. However, the bear appears disproportionately small compared to the squid's body length.

[Conclusion]: The bear is not in its correct relative size compared to the squid. The bear should be much larger in proportion to the squid's body length."
pair_251.png,Are the objects in their correct relative sizes?,"The reindeer appears significantly larger than the penguin, which is consistent with their real-world size differences.","In reality, a reindeer can be several times larger than a penguin. The image accurately reflects this size difference.","Yes, the objects are in their correct relative sizes.","[Observation]: The reindeer appears significantly larger than the penguin, which is consistent with their real-world size differences.

[Assessment]: In reality, a reindeer can be several times larger than a penguin. The image accurately reflects this size difference.

[Conclusion]: Yes, the objects are in their correct relative sizes."
pair_287.png,Are the objects in their correct relative sizes?,"The image shows a beluga whale and a giant squid. The beluga whale is depicted much smaller than the giant squid, which is significantly larger.","In reality, a beluga whale can grow up to 18 feet (5.5 meters) long, while a giant squid can grow up to 40 feet (12 meters) long. The image does not accurately reflect these size differences.",The objects are not in their correct relative sizes.,"[Observation]: The image shows a beluga whale and a giant squid. The beluga whale is depicted much smaller than the giant squid, which is significantly larger.

[Assessment]: In reality, a beluga whale can grow up to 18 feet (5.5 meters) long, while a giant squid can grow up to 40 feet (12 meters) long. The image does not accurately reflect these size differences.

[Conclusion]: The objects are not in their correct relative sizes."
pair_207.png,Are the objects in their correct relative sizes?,The image shows a Komodo dragon and a rooster. The Komodo dragon is significantly larger than the rooster.,"In reality, a Komodo dragon can grow up to 3 meters long and weigh up to 70 kg, while a rooster typically ranges from 1.5 to 2 meters tall and weighs around 4-6 kg. The image accurately depicts this size difference.","Yes, the objects are in their correct relative sizes.","[Observation]: The image shows a Komodo dragon and a rooster. The Komodo dragon is significantly larger than the rooster.

[Assessment]: In reality, a Komodo dragon can grow up to 3 meters long and weigh up to 70 kg, while a rooster typically ranges from 1.5 to 2 meters tall and weighs around 4-6 kg. The image accurately depicts this size difference.

[Conclusion]: Yes, the objects are in their correct relative sizes."
pair_211.png,Are the objects in their correct relative sizes?,The image shows a walrus and a snow leopard. The walrus is significantly larger than the snow leopard.,"In reality, a walrus can grow to be about 3 meters long and weigh up to 2,000 kg, while a snow leopard typically measures around 1 meter in length and weighs between 45-70 kg. The image accurately depicts the size difference between these two animals.","Yes, the objects are in their correct relative sizes.","[Observation]: The image shows a walrus and a snow leopard. The walrus is significantly larger than the snow leopard.

[Assessment]: In reality, a walrus can grow to be about 3 meters long and weigh up to 2,000 kg, while a snow leopard typically measures around 1 meter in length and weighs between 45-70 kg. The image accurately depicts the size difference between these two animals.

[Conclusion]: Yes, the objects are in their correct relative sizes."
pair_055.png,Are the objects in their correct relative sizes?,"The image shows a hippopotamus and a meerkat, with the hippopotamus significantly larger than the meerkat.","In reality, a meerkat is much smaller than a hippopotamus. The size difference between these animals is substantial, which is accurately depicted in the image.","Yes, the objects are in their correct relative sizes.","[Observation]: The image shows a hippopotamus and a meerkat, with the hippopotamus significantly larger than the meerkat.
[Assessment]: In reality, a meerkat is much smaller than a hippopotamus. The size difference between these animals is substantial, which is accurately depicted in the image.
[Conclusion]: Yes, the objects are in their correct relative sizes."
pair_111.png,Are the objects in their correct relative sizes?,"The image shows a hippopotamus and a toucan. The hippopotamus is significantly larger than the toucan, which is consistent with their real-world size differences.","The relative sizes of the animals appear to be accurately depicted. The hippopotamus is much larger than the toucan, which is a realistic representation of their sizes in nature.",The objects are in their correct relative sizes.,"[Observation]: The image shows a hippopotamus and a toucan. The hippopotamus is significantly larger than the toucan, which is consistent with their real-world size differences.

[Assessment]: The relative sizes of the animals appear to be accurately depicted. The hippopotamus is much larger than the toucan, which is a realistic representation of their sizes in nature.

[Conclusion]: The objects are in their correct relative sizes."
pair_170.png,Are the objects in their correct relative sizes?,"The red panda appears significantly smaller than the koala, which is consistent with their real-world size differences.","In the image, the red panda is depicted as much smaller than the koala, which aligns with the known size difference between these animals. Red pandas are typically about the size of a domestic cat, while koalas are much larger, comparable to a small dog.","Yes, the objects are in their correct relative sizes.","[Observation]: The red panda appears significantly smaller than the koala, which is consistent with their real-world size differences.

[Assessment]: In the image, the red panda is depicted as much smaller than the koala, which aligns with the known size difference between these animals. Red pandas are typically about the size of a domestic cat, while koalas are much larger, comparable to a small dog.

[Conclusion]: Yes, the objects are in their correct relative sizes."
pair_201.png,Are the objects in their correct relative sizes?,"The Komodo dragon appears significantly larger than the sloth, which is hanging from a branch.","In reality, Komodo dragons can grow up to 10 feet long and weigh over 200 pounds, while two-toed sloths typically measure around 2-3 feet in length and weigh about 15-20 pounds. The image depicts these animals in a way that accurately reflects their size differences.","Yes, the objects are in their correct relative sizes.","[Observation]: The Komodo dragon appears significantly larger than the sloth, which is hanging from a branch.

[Assessment]: In reality, Komodo dragons can grow up to 10 feet long and weigh over 200 pounds, while two-toed sloths typically measure around 2-3 feet in length and weigh about 15-20 pounds. The image depicts these animals in a way that accurately reflects their size differences.

[Conclusion]: Yes, the objects are in their correct relative sizes."
pair_079.png,Are the objects in their correct relative sizes?,"The giraffe is significantly larger than the reindeer, which aligns with their real-world size differences.","The giraffe's height and body proportions match those of a typical giraffe, while the reindeer's size is consistent with that of a reindeer. Both animals are depicted accurately in terms of their physical characteristics.","Yes, the objects are in their correct relative sizes.","[Observation]: The giraffe is significantly larger than the reindeer, which aligns with their real-world size differences.

[Assessment]: The giraffe's height and body proportions match those of a typical giraffe, while the reindeer's size is consistent with that of a reindeer. Both animals are depicted accurately in terms of their physical characteristics.

[Conclusion]: Yes, the objects are in their correct relative sizes."
pair_214.png,Are the objects in their correct relative sizes?,The image shows a snow leopard and a koala side by side. The snow leopard is significantly larger than the koala.,"In reality, a snow leopard is much larger than a koala. The size difference between these two animals is substantial, with the snow leopard being approximately 10-20 times larger than the koala.","No, the objects are not in their correct relative sizes. The koala appears to be disproportionately large compared to the snow leopard, which is not accurate based on real-world measurements.","[Observation]: The image shows a snow leopard and a koala side by side. The snow leopard is significantly larger than the koala.

[Assessment]: In reality, a snow leopard is much larger than a koala. The size difference between these two animals is substantial, with the snow leopard being approximately 10-20 times larger than the koala.

[Conclusion]: No, the objects are not in their correct relative sizes. The koala appears to be disproportionately large compared to the snow leopard, which is not accurate based on real-world measurements."
pair_343.png,Are the objects in their correct relative sizes?,"The rooster appears significantly larger than the hedgehog, which is typical for these animals.","In reality, a rooster is much larger than a hedgehog. The rooster's size here matches the expected scale difference between these two animals.","Yes, the objects are in their correct relative sizes.","[Observation]: The rooster appears significantly larger than the hedgehog, which is typical for these animals.

[Assessment]: In reality, a rooster is much larger than a hedgehog. The rooster's size here matches the expected scale difference between these two animals.

[Conclusion]: Yes, the objects are in their correct relative sizes."
pair_318.png,Are the objects in their correct relative sizes?,"The axolotl on the left appears to be significantly larger than the hedgehog on the right, despite both being depicted in a cartoon style.","In reality, axolotls and hedgehogs have vastly different sizes. Axolotls can grow up to 10-12 inches long, while hedgehogs typically range from 4-8 inches in length. The image does not reflect these natural size differences.","No, the objects are not in their correct relative sizes.","[Observation]: The axolotl on the left appears to be significantly larger than the hedgehog on the right, despite both being depicted in a cartoon style.

[Assessment]: In reality, axolotls and hedgehogs have vastly different sizes. Axolotls can grow up to 10-12 inches long, while hedgehogs typically range from 4-8 inches in length. The image does not reflect these natural size differences.

[Conclusion]: No, the objects are not in their correct relative sizes."
pair_257.png,Are the objects in their correct relative sizes?,"The image shows two whales, one on the left and one on the right. The whale on the left appears to be smaller than the whale on the right.","In reality, narwhals (the whale on the left) are significantly smaller than belugas (the whale on the right). The size difference between these two species is substantial, with narwhals typically reaching lengths of around 4-6 meters, while belugas can grow up to 5.5-6.5 meters long.","No, the objects are not in their correct relative sizes. The narwhal should be much smaller compared to the beluga in real life.","[Observation]: The image shows two whales, one on the left and one on the right. The whale on the left appears to be smaller than the whale on the right.

[Assessment]: In reality, narwhals (the whale on the left) are significantly smaller than belugas (the whale on the right). The size difference between these two species is substantial, with narwhals typically reaching lengths of around 4-6 meters, while belugas can grow up to 5.5-6.5 meters long.

[Conclusion]: No, the objects are not in their correct relative sizes. The narwhal should be much smaller compared to the beluga in real life."
pair_096.png,Are the objects in their correct relative sizes?,"The image shows a hippopotamus and a lemur. The hippopotamus is significantly larger than the lemur, which is consistent with their real-world size differences.","The drawing accurately represents the relative sizes of the two animals. The hippopotamus is depicted much larger than the lemur, which is appropriate given that hippos are much bigger than lemurs.","Yes, the objects are in their correct relative sizes.","[Observation]: The image shows a hippopotamus and a lemur. The hippopotamus is significantly larger than the lemur, which is consistent with their real-world size differences.

[Assessment]: The drawing accurately represents the relative sizes of the two animals. The hippopotamus is depicted much larger than the lemur, which is appropriate given that hippos are much bigger than lemurs.

[Conclusion]: Yes, the objects are in their correct relative sizes."
pair_270.png,Are the objects in their correct relative sizes?,"The image shows a large walrus and a small beaver. The walrus is significantly larger than the beaver, which is consistent with their real-world size differences.","The relative sizes of the walrus and the beaver appear to be accurately depicted. The walrus is much larger, and the beaver is smaller, maintaining the correct proportional relationship between the two animals.",The objects are in their correct relative sizes.,"[Observation]: The image shows a large walrus and a small beaver. The walrus is significantly larger than the beaver, which is consistent with their real-world size differences.

[Assessment]: The relative sizes of the walrus and the beaver appear to be accurately depicted. The walrus is much larger, and the beaver is smaller, maintaining the correct proportional relationship between the two animals.

[Conclusion]: The objects are in their correct relative sizes."
pair_280.png,Are the objects in their correct relative sizes?,The image shows a large whale and a small beaver. The whale is significantly larger than the beaver.,"Based on real-world knowledge, whales are much larger animals compared to beavers. The size difference between the two animals in the image aligns with this known fact.","Yes, the objects are in their correct relative sizes.","[Observation]: The image shows a large whale and a small beaver. The whale is significantly larger than the beaver.

[Assessment]: Based on real-world knowledge, whales are much larger animals compared to beavers. The size difference between the two animals in the image aligns with this known fact.

[Conclusion]: Yes, the objects are in their correct relative sizes."
pair_036.png,Are the objects in their correct relative sizes?,"The image shows two animals, one on the left and one on the right. The animal on the left appears to be a cheetah, and the animal on the right appears to be a snow leopard.","Both animals are depicted with their characteristic features: the cheetah has a golden coat with black spots, while the snow leopard has a white coat with black rosettes. The size of the cheetah is significantly larger than that of the snow leopard, which is consistent with their real-world sizes.","Yes, the objects are in their correct relative sizes. The cheetah is correctly shown as larger than the snow leopard.","[Observation]: The image shows two animals, one on the left and one on the right. The animal on the left appears to be a cheetah, and the animal on the right appears to be a snow leopard.

[Assessment]: Both animals are depicted with their characteristic features: the cheetah has a golden coat with black spots, while the snow leopard has a white coat with black rosettes. The size of the cheetah is significantly larger than that of the snow leopard, which is consistent with their real-world sizes.

[Conclusion]: Yes, the objects are in their correct relative sizes. The cheetah is correctly shown as larger than the snow leopard."
pair_282.png,Are the objects in their correct relative sizes?,The image shows a beluga whale and a sloth. The beluga whale is significantly larger than the sloth.,"In reality, a beluga whale can grow up to 18 feet long, while a sloth typically ranges from 2 to 3 feet in length. The image accurately depicts the size difference between these two animals.","Yes, the objects are in their correct relative sizes.","[Observation]: The image shows a beluga whale and a sloth. The beluga whale is significantly larger than the sloth.

[Assessment]: In reality, a beluga whale can grow up to 18 feet long, while a sloth typically ranges from 2 to 3 feet in length. The image accurately depicts the size difference between these two animals.

[Conclusion]: Yes, the objects are in their correct relative sizes."
pair_263.png,Are the objects in their correct relative sizes?,The narwhal appears significantly larger than the bear in the image.,"In reality, a narwhal is much smaller than a bear. Narwhals typically measure around 3 to 5 meters in length, while bears can be much larger, often reaching lengths of over 2 meters for grizzly bears.","No, the objects are not in their correct relative sizes. The narwhal is depicted much larger than it should be compared to the bear.","[Observation]: The narwhal appears significantly larger than the bear in the image.

[Assessment]: In reality, a narwhal is much smaller than a bear. Narwhals typically measure around 3 to 5 meters in length, while bears can be much larger, often reaching lengths of over 2 meters for grizzly bears.

[Conclusion]: No, the objects are not in their correct relative sizes. The narwhal is depicted much larger than it should be compared to the bear."
pair_124.png,Are the objects in their correct relative sizes?,"The image shows a honey badger and a reindeer. The honey badger is depicted much smaller than the reindeer, which is consistent with their real-life size difference.","In reality, a honey badger is significantly smaller than a reindeer. The drawing accurately reflects this size disparity.","Yes, the objects are in their correct relative sizes.","[Observation]: The image shows a honey badger and a reindeer. The honey badger is depicted much smaller than the reindeer, which is consistent with their real-life size difference.

[Assessment]: In reality, a honey badger is significantly smaller than a reindeer. The drawing accurately reflects this size disparity.

[Conclusion]: Yes, the objects are in their correct relative sizes."
pair_105.png,Are the objects in their correct relative sizes?,"The image shows a hippopotamus and a beluga whale, both of which are depicted with exaggerated proportions compared to their real-life sizes.","In reality, a beluga whale is significantly larger than a hippopotamus. The hippopotamus in the image appears to be about the same size as the beluga whale, which is not accurate.",The objects are not in their correct relative sizes.,"[Observation]: The image shows a hippopotamus and a beluga whale, both of which are depicted with exaggerated proportions compared to their real-life sizes.

[Assessment]: In reality, a beluga whale is significantly larger than a hippopotamus. The hippopotamus in the image appears to be about the same size as the beluga whale, which is not accurate.

[Conclusion]: The objects are not in their correct relative sizes."
pair_289.png,Are the objects in their correct relative sizes?,"The kangaroo appears significantly larger than the koala, which is consistent with their real-world size differences.","In reality, a kangaroo is much larger than a koala. The image accurately reflects this size difference, as the kangaroo's body is proportionally much bigger compared to the koala.","Yes, the objects are in their correct relative sizes.","[Observation]: The kangaroo appears significantly larger than the koala, which is consistent with their real-world size differences.

[Assessment]: In reality, a kangaroo is much larger than a koala. The image accurately reflects this size difference, as the kangaroo's body is proportionally much bigger compared to the koala.

[Conclusion]: Yes, the objects are in their correct relative sizes."
pair_074.png,Are the objects in their correct relative sizes?,"The giraffe is depicted much larger than the red panda, which is a common size difference between these animals.","In reality, a giraffe is significantly larger than a red panda. The image accurately reflects this size difference.","Yes, the objects are in their correct relative sizes.","[Observation]: The giraffe is depicted much larger than the red panda, which is a common size difference between these animals.

[Assessment]: In reality, a giraffe is significantly larger than a red panda. The image accurately reflects this size difference.

[Conclusion]: Yes, the objects are in their correct relative sizes."
pair_249.png,Are the objects in their correct relative sizes?,"The image shows a large reindeer and a small bird next to it. The bird appears significantly smaller than the reindeer, which is consistent with their real-world size differences.","The relative sizes of the reindeer and the bird seem to be accurately depicted. The bird's size is proportionate to the reindeer's body, indicating that the image maintains the correct scale between the two animals.",The objects are in their correct relative sizes.,"[Observation]: The image shows a large reindeer and a small bird next to it. The bird appears significantly smaller than the reindeer, which is consistent with their real-world size differences.

[Assessment]: The relative sizes of the reindeer and the bird seem to be accurately depicted. The bird's size is proportionate to the reindeer's body, indicating that the image maintains the correct scale between the two animals.

[Conclusion]: The objects are in their correct relative sizes."
pair_121.png,Are the objects in their correct relative sizes?,"The image shows two animals, one significantly larger than the other.","The larger animal appears to be a Komodo dragon, and the smaller animal resembles a honey badger. The Komodo dragon is known to be much larger than a honey badger in real life.","Yes, the objects are in their correct relative sizes.","[Observation]: The image shows two animals, one significantly larger than the other.
[Assessment]: The larger animal appears to be a Komodo dragon, and the smaller animal resembles a honey badger. The Komodo dragon is known to be much larger than a honey badger in real life.
[Conclusion]: Yes, the objects are in their correct relative sizes."
pair_219.png,Are the objects in their correct relative sizes?,"The bear appears significantly larger than the snow leopard, which is consistent with real-world size differences between these animals.","In reality, bears are much larger than snow leopards. The image accurately reflects this size difference, as the bear's body proportions and overall size are consistent with those of a large bear species like a grizzly or brown bear, while the snow leopard's size is proportionate to its actual size.","Yes, the objects are in their correct relative sizes.","[Observation]: The bear appears significantly larger than the snow leopard, which is consistent with real-world size differences between these animals.

[Assessment]: In reality, bears are much larger than snow leopards. The image accurately reflects this size difference, as the bear's body proportions and overall size are consistent with those of a large bear species like a grizzly or brown bear, while the snow leopard's size is proportionate to its actual size.

[Conclusion]: Yes, the objects are in their correct relative sizes."
pair_304.png,Are the objects in their correct relative sizes?,The image shows a large squid and a small koala bear for scale comparison.,"The squid appears significantly larger than the koala bear, which is consistent with the actual size difference between these two animals.","Yes, the objects are in their correct relative sizes.","[Observation]: The image shows a large squid and a small koala bear for scale comparison.
[Assessment]: The squid appears significantly larger than the koala bear, which is consistent with the actual size difference between these two animals.
[Conclusion]: Yes, the objects are in their correct relative sizes."
pair_115.png,Are the objects in their correct relative sizes?,The image shows a hippopotamus and a shark next to each other. The hippopotamus appears significantly larger than the shark.,"In reality, hippos are much larger animals compared to sharks. A full-grown hippopotamus can weigh up to 3,500 kg (7,700 lb) and stand about 1.8 meters tall at the shoulder, while an average great white shark weighs around 400 kg (880 lb) and is about 4 meters long.","No, the objects are not in their correct relative sizes. The hippopotamus is depicted as being much smaller than it should be compared to the shark.","[Observation]: The image shows a hippopotamus and a shark next to each other. The hippopotamus appears significantly larger than the shark.

[Assessment]: In reality, hippos are much larger animals compared to sharks. A full-grown hippopotamus can weigh up to 3,500 kg (7,700 lb) and stand about 1.8 meters tall at the shoulder, while an average great white shark weighs around 400 kg (880 lb) and is about 4 meters long.

[Conclusion]: No, the objects are not in their correct relative sizes. The hippopotamus is depicted as being much smaller than it should be compared to the shark."
pair_261.png,Are the objects in their correct relative sizes?,"The narwhal is depicted much larger than the sloth, which is not typical of their real-world size difference.","In reality, narwhals are significantly larger animals compared to sloths. The image exaggerates the size difference between these two animals.","No, the objects are not in their correct relative sizes.","[Observation]: The narwhal is depicted much larger than the sloth, which is not typical of their real-world size difference.

[Assessment]: In reality, narwhals are significantly larger animals compared to sloths. The image exaggerates the size difference between these two animals.

[Conclusion]: No, the objects are not in their correct relative sizes."
pair_046.png,Are the objects in their correct relative sizes?,"The cheetah appears to be significantly larger than the sloth, which is holding onto a branch.","In reality, cheetahs and sloths have vastly different sizes. Cheetahs are much larger animals, typically weighing between 100 to 120 pounds, while sloths are much smaller, usually weighing around 6 to 35 pounds. The image depicts these animals in a way that does not reflect their actual size differences.",The objects are not in their correct relative sizes.,"[Observation]: The cheetah appears to be significantly larger than the sloth, which is holding onto a branch.

[Assessment]: In reality, cheetahs and sloths have vastly different sizes. Cheetahs are much larger animals, typically weighing between 100 to 120 pounds, while sloths are much smaller, usually weighing around 6 to 35 pounds. The image depicts these animals in a way that does not reflect their actual size differences.

[Conclusion]: The objects are not in their correct relative sizes."
pair_185.png,Are the objects in their correct relative sizes?,"The panda and the koala are depicted side by side, with the panda on the left and the koala on the right. The panda appears significantly larger than the koala.","In reality, pandas are much larger animals compared to koalas. The image accurately reflects this size difference, as pandas are known to be one of the largest bear species, while koalas are relatively small marsupials.","Yes, the objects (panda and koala) are in their correct relative sizes in the image.","[Observation]: The panda and the koala are depicted side by side, with the panda on the left and the koala on the right. The panda appears significantly larger than the koala.

[Assessment]: In reality, pandas are much larger animals compared to koalas. The image accurately reflects this size difference, as pandas are known to be one of the largest bear species, while koalas are relatively small marsupials.

[Conclusion]: Yes, the objects (panda and koala) are in their correct relative sizes in the image."
pair_094.png,Are the objects in their correct relative sizes?,"The giraffe is depicted much larger than the rooster, which is a common representation in cartoons or illustrations.","In reality, a giraffe is significantly larger than a rooster. The size difference between these animals is not accurately represented here.",The objects are not in their correct relative sizes.,"[Observation]: The giraffe is depicted much larger than the rooster, which is a common representation in cartoons or illustrations.

[Assessment]: In reality, a giraffe is significantly larger than a rooster. The size difference between these animals is not accurately represented here.

[Conclusion]: The objects are not in their correct relative sizes."
pair_317.png,Are the objects in their correct relative sizes?,"The image shows a bear and an axolotl, which is a type of salamander. The bear appears to be significantly larger than the axolotl.","In reality, a bear is much larger than an axolotl. The size difference between these two animals is substantial, with the bear being several orders of magnitude larger.","No, the objects are not in their correct relative sizes. The bear is depicted as much smaller than it should be compared to the axolotl.","[Observation]: The image shows a bear and an axolotl, which is a type of salamander. The bear appears to be significantly larger than the axolotl.

[Assessment]: In reality, a bear is much larger than an axolotl. The size difference between these two animals is substantial, with the bear being several orders of magnitude larger.

[Conclusion]: No, the objects are not in their correct relative sizes. The bear is depicted as much smaller than it should be compared to the axolotl."
pair_338.png,Are the objects in their correct relative sizes?,"The bear appears to be significantly larger than the rooster, which is a common expectation given the size difference between these animals.","In reality, bears are much larger than roosters. The image accurately reflects this natural size disparity.","Yes, the objects are in their correct relative sizes.","[Observation]: The bear appears to be significantly larger than the rooster, which is a common expectation given the size difference between these animals.

[Assessment]: In reality, bears are much larger than roosters. The image accurately reflects this natural size disparity.

[Conclusion]: Yes, the objects are in their correct relative sizes."
pair_299.png,Are the objects in their correct relative sizes?,"The koala appears significantly larger than the toucan, which is consistent with their real-world size differences.","In reality, koalas are much larger animals compared to toucans. The illustration accurately reflects this difference in size.","Yes, the objects are in their correct relative sizes.","[Observation]: The koala appears significantly larger than the toucan, which is consistent with their real-world size differences.

[Assessment]: In reality, koalas are much larger animals compared to toucans. The illustration accurately reflects this difference in size.

[Conclusion]: Yes, the objects are in their correct relative sizes."
pair_202.png,Are the objects in their correct relative sizes?,"The Komodo dragon appears significantly larger than the toucan, which is a common observation when comparing these two animals.","In reality, Komodo dragons are much larger than toucans. The image accurately reflects this size difference, as Komodo dragons can grow up to 3 meters long and weigh over 70 kg, while toucans typically range from 25 to 40 cm in length and weigh between 100 and 600 grams.","Yes, the objects are in their correct relative sizes.","[Observation]: The Komodo dragon appears significantly larger than the toucan, which is a common observation when comparing these two animals.

[Assessment]: In reality, Komodo dragons are much larger than toucans. The image accurately reflects this size difference, as Komodo dragons can grow up to 3 meters long and weigh over 70 kg, while toucans typically range from 25 to 40 cm in length and weigh between 100 and 600 grams.

[Conclusion]: Yes, the objects are in their correct relative sizes."
pair_307.png,Are the objects in their correct relative sizes?,"The platypus appears significantly larger than the sloth, which is hanging from a branch.","In reality, platypuses and sloths have vastly different sizes. Platypuses are much smaller animals compared to sloths, especially when considering their body proportions and overall size.","No, the objects are not in their correct relative sizes. The platypus should be much smaller than the sloth for accurate representation.","[Observation]: The platypus appears significantly larger than the sloth, which is hanging from a branch.

[Assessment]: In reality, platypuses and sloths have vastly different sizes. Platypuses are much smaller animals compared to sloths, especially when considering their body proportions and overall size.

[Conclusion]: No, the objects are not in their correct relative sizes. The platypus should be much smaller than the sloth for accurate representation."
pair_018.png,Are the objects in their correct relative sizes?,"The image shows an elephant and a small animal, likely a beaver, next to each other for comparison.","The elephant is depicted much larger than the beaver, which is consistent with real-world proportions. However, the beaver appears disproportionately small compared to the elephant's size.",The objects are not in their correct relative sizes. The beaver should be significantly smaller in relation to the elephant.,"[Observation]: The image shows an elephant and a small animal, likely a beaver, next to each other for comparison.

[Assessment]: The elephant is depicted much larger than the beaver, which is consistent with real-world proportions. However, the beaver appears disproportionately small compared to the elephant's size.

[Conclusion]: The objects are not in their correct relative sizes. The beaver should be significantly smaller in relation to the elephant."
pair_095.png,Are the objects in their correct relative sizes?,"The image shows a hippopotamus and a honey badger. The hippopotamus is significantly larger than the honey badger, which is consistent with their real-world size differences.","The drawing accurately represents the relative sizes of these animals. The hippopotamus is depicted much larger than the honey badger, which is appropriate given that hippos are much bigger than honey badgers.","Yes, the objects are in their correct relative sizes.","[Observation]: The image shows a hippopotamus and a honey badger. The hippopotamus is significantly larger than the honey badger, which is consistent with their real-world size differences.

[Assessment]: The drawing accurately represents the relative sizes of these animals. The hippopotamus is depicted much larger than the honey badger, which is appropriate given that hippos are much bigger than honey badgers.

[Conclusion]: Yes, the objects are in their correct relative sizes."
pair_035.png,Are the objects in their correct relative sizes?,"The image shows two animals, one resembling a cheetah and the other resembling a Komodo dragon, placed side by side for comparison.","The cheetah is depicted as significantly smaller than the Komodo dragon. In reality, a cheetah is much smaller than a Komodo dragon, which can grow up to 10 feet long and weigh over 300 pounds.","No, the objects are not in their correct relative sizes. The Komodo dragon appears to be disproportionately large compared to the cheetah.","[Observation]: The image shows two animals, one resembling a cheetah and the other resembling a Komodo dragon, placed side by side for comparison.

[Assessment]: The cheetah is depicted as significantly smaller than the Komodo dragon. In reality, a cheetah is much smaller than a Komodo dragon, which can grow up to 10 feet long and weigh over 300 pounds.

[Conclusion]: No, the objects are not in their correct relative sizes. The Komodo dragon appears to be disproportionately large compared to the cheetah."
pair_146.png,Are the objects in their correct relative sizes?,The image shows a narwhal and a lemur. The narwhal is significantly larger than the lemur.,"In reality, a narwhal is much larger than a lemur. The narwhal can grow up to 16 feet long, while a lemur typically ranges from 8 to 20 inches in length. The image accurately reflects this size difference.","Yes, the objects are in their correct relative sizes.","[Observation]: The image shows a narwhal and a lemur. The narwhal is significantly larger than the lemur.

[Assessment]: In reality, a narwhal is much larger than a lemur. The narwhal can grow up to 16 feet long, while a lemur typically ranges from 8 to 20 inches in length. The image accurately reflects this size difference.

[Conclusion]: Yes, the objects are in their correct relative sizes."
pair_113.png,Are the objects in their correct relative sizes?,The image shows a hippopotamus and a penguin. The hippopotamus is significantly larger than the penguin.,"In reality, a hippopotamus is much larger than a penguin. The size difference between these two animals is substantial, with the hippopotamus being several times taller and longer than the penguin.","Yes, the objects are in their correct relative sizes. The hippopotamus is depicted as much larger than the penguin, which accurately reflects their real-world size difference.","[Observation]: The image shows a hippopotamus and a penguin. The hippopotamus is significantly larger than the penguin.

[Assessment]: In reality, a hippopotamus is much larger than a penguin. The size difference between these two animals is substantial, with the hippopotamus being several times taller and longer than the penguin.

[Conclusion]: Yes, the objects are in their correct relative sizes. The hippopotamus is depicted as much larger than the penguin, which accurately reflects their real-world size difference."
pair_131.png,Are the objects in their correct relative sizes?,The image shows a honey badger and an axolotl. The honey badger is significantly larger than the axolotl.,"Honey badgers are known to be large animals, typically weighing between 10-25 kg (22-55 lbs) and measuring up to 1.2 meters (4 feet) in length. Axolotls, on the other hand, are much smaller, usually ranging from 6-18 cm (2.4-7.1 inches) in length as adults. The size difference between these two animals is substantial.","Yes, the objects are in their correct relative sizes. The honey badger is appropriately depicted as much larger than the axolotl.","[Observation]: The image shows a honey badger and an axolotl. The honey badger is significantly larger than the axolotl.

[Assessment]: Honey badgers are known to be large animals, typically weighing between 10-25 kg (22-55 lbs) and measuring up to 1.2 meters (4 feet) in length. Axolotls, on the other hand, are much smaller, usually ranging from 6-18 cm (2.4-7.1 inches) in length as adults. The size difference between these two animals is substantial.

[Conclusion]: Yes, the objects are in their correct relative sizes. The honey badger is appropriately depicted as much larger than the axolotl."
pair_140.png,Are the objects in their correct relative sizes?,"The lemur and the red panda appear to be drawn at different scales, with the red panda being significantly larger than the lemur.","In reality, lemurs and red pandas have very different sizes. Red pandas are much larger animals compared to lemurs. The image does not reflect this natural size difference.","No, the objects are not in their correct relative sizes.","[Observation]: The lemur and the red panda appear to be drawn at different scales, with the red panda being significantly larger than the lemur.

[Assessment]: In reality, lemurs and red pandas have very different sizes. Red pandas are much larger animals compared to lemurs. The image does not reflect this natural size difference.

[Conclusion]: No, the objects are not in their correct relative sizes."
pair_186.png,Are the objects in their correct relative sizes?,"The panda is significantly larger than the platypus, which is consistent with real-world size differences between these animals.","In the image, the panda is depicted as much larger than the platypus, which aligns with the actual size difference between a giant panda and a platypus. Giant pandas are known to be much larger than platypuses.",The objects are in their correct relative sizes.,"[Observation]: The panda is significantly larger than the platypus, which is consistent with real-world size differences between these animals.

[Assessment]: In the image, the panda is depicted as much larger than the platypus, which aligns with the actual size difference between a giant panda and a platypus. Giant pandas are known to be much larger than platypuses.

[Conclusion]: The objects are in their correct relative sizes."
pair_001.png,Are the objects in their correct relative sizes?,"The image shows an elephant and a cheetah depicted side by side for comparison. The elephant is significantly larger than the cheetah, which is consistent with their real-world size differences.","The elephant's size is accurately represented compared to the cheetah. The elephant's trunk, tusks, and overall body proportions are consistent with what one would expect from a full-grown elephant. The cheetah's size is also correctly portrayed, being much smaller than the elephant.","Yes, the objects are in their correct relative sizes.","[Observation]: The image shows an elephant and a cheetah depicted side by side for comparison. The elephant is significantly larger than the cheetah, which is consistent with their real-world size differences.

[Assessment]: The elephant's size is accurately represented compared to the cheetah. The elephant's trunk, tusks, and overall body proportions are consistent with what one would expect from a full-grown elephant. The cheetah's size is also correctly portrayed, being much smaller than the elephant.

[Conclusion]: Yes, the objects are in their correct relative sizes."
pair_292.png,Are the objects in their correct relative sizes?,"The kangaroo appears to be significantly smaller than the bear, which is consistent with real-world proportions.","In reality, a kangaroo is much smaller than a bear. The image accurately reflects this size difference.","Yes, the objects are in their correct relative sizes.","[Observation]: The kangaroo appears to be significantly smaller than the bear, which is consistent with real-world proportions.

[Assessment]: In reality, a kangaroo is much smaller than a bear. The image accurately reflects this size difference.

[Conclusion]: Yes, the objects are in their correct relative sizes."
pair_240.png,Are the objects in their correct relative sizes?,"The camel is significantly larger than the rooster, which is a common expectation given their real-world size differences.","In the image, the camel's size is accurately depicted as much larger than the rooster. This aligns with the typical size disparity between these two animals.",The objects are in their correct relative sizes.,"[Observation]: The camel is significantly larger than the rooster, which is a common expectation given their real-world size differences.

[Assessment]: In the image, the camel's size is accurately depicted as much larger than the rooster. This aligns with the typical size disparity between these two animals.

[Conclusion]: The objects are in their correct relative sizes."
pair_192.png,Are the objects in their correct relative sizes?,"The Komodo dragon appears significantly larger than the snow leopard, which is consistent with real-world size differences between these animals.","In the image, the Komodo dragon is depicted as much larger than the snow leopard, which aligns with known facts about their sizes. Komodo dragons can grow up to 3 meters long and weigh over 70 kg, while snow leopards typically measure around 1 meter in length and weigh about 50 kg.","Yes, the objects are in their correct relative sizes.","[Observation]: The Komodo dragon appears significantly larger than the snow leopard, which is consistent with real-world size differences between these animals.

[Assessment]: In the image, the Komodo dragon is depicted as much larger than the snow leopard, which aligns with known facts about their sizes. Komodo dragons can grow up to 3 meters long and weigh over 70 kg, while snow leopards typically measure around 1 meter in length and weigh about 50 kg.

[Conclusion]: Yes, the objects are in their correct relative sizes."
pair_163.png,Are the objects in their correct relative sizes?,"The red panda appears significantly smaller than the snow leopard, which is consistent with their real-world size differences.","In the image, the red panda is depicted much smaller compared to the snow leopard, which accurately reflects the size difference between these two animals in reality.","Yes, the objects are in their correct relative sizes.","[Observation]: The red panda appears significantly smaller than the snow leopard, which is consistent with their real-world size differences.

[Assessment]: In the image, the red panda is depicted much smaller compared to the snow leopard, which accurately reflects the size difference between these two animals in reality.

[Conclusion]: Yes, the objects are in their correct relative sizes."
pair_305.png,Are the objects in their correct relative sizes?,"The koala appears to be significantly larger than the rooster, which is a common real-world size comparison between these animals.","In reality, a koala is much larger than a rooster. Koalas can grow up to 70 cm (28 inches) tall and weigh up to 14 kg (30 lbs), while roosters typically stand about 60 cm (24 inches) tall and weigh around 3-5 kg (6.6-11 lbs).","No, the objects are not in their correct relative sizes. The koala is depicted much smaller than it should be compared to the rooster.","[Observation]: The koala appears to be significantly larger than the rooster, which is a common real-world size comparison between these animals.

[Assessment]: In reality, a koala is much larger than a rooster. Koalas can grow up to 70 cm (28 inches) tall and weigh up to 14 kg (30 lbs), while roosters typically stand about 60 cm (24 inches) tall and weigh around 3-5 kg (6.6-11 lbs).

[Conclusion]: No, the objects are not in their correct relative sizes. The koala is depicted much smaller than it should be compared to the rooster."
pair_026.png,Are the objects in their correct relative sizes?,The image shows an elephant and a squid side by side for comparison.,"The elephant is depicted as much larger than the squid, which is consistent with real-world proportions. However, the squid appears to be disproportionately large compared to the elephant's head and trunk.",The objects are not in their correct relative sizes. The squid is exaggeratedly large compared to the elephant.,"[Observation]: The image shows an elephant and a squid side by side for comparison.
[Assessment]: The elephant is depicted as much larger than the squid, which is consistent with real-world proportions. However, the squid appears to be disproportionately large compared to the elephant's head and trunk.
[Conclusion]: The objects are not in their correct relative sizes. The squid is exaggeratedly large compared to the elephant."
pair_183.png,Are the objects in their correct relative sizes?,"The panda appears significantly smaller than the reindeer, which is consistent with their real-world size differences.",Both animals are depicted accurately to scale with each other. The panda's size relative to the reindeer matches what would be expected in reality.,The objects are in their correct relative sizes.,"[Observation]: The panda appears significantly smaller than the reindeer, which is consistent with their real-world size differences.

[Assessment]: Both animals are depicted accurately to scale with each other. The panda's size relative to the reindeer matches what would be expected in reality.

[Conclusion]: The objects are in their correct relative sizes."
pair_040.png,Are the objects in their correct relative sizes?,"The image shows a cheetah and a walrus. The cheetah is significantly smaller than the walrus, which is consistent with their real-world size differences.","Both animals are depicted accurately in terms of their physical characteristics. The cheetah's spotted coat and the walrus's large tusks and flippers are correctly represented. The size difference between the two animals is maintained, indicating that the relative sizes are correct.",The objects are in their correct relative sizes.,"[Observation]: The image shows a cheetah and a walrus. The cheetah is significantly smaller than the walrus, which is consistent with their real-world size differences.

[Assessment]: Both animals are depicted accurately in terms of their physical characteristics. The cheetah's spotted coat and the walrus's large tusks and flippers are correctly represented. The size difference between the two animals is maintained, indicating that the relative sizes are correct.

[Conclusion]: The objects are in their correct relative sizes."
pair_057.png,Are the objects in their correct relative sizes?,"The meerkat and the ring-tailed lemur are depicted side by side, with the meerkat on the left and the lemur on the right. The meerkat appears to be significantly smaller than the lemur.","Based on real-world knowledge, meerkats are much smaller than ring-tailed lemurs. The image accurately reflects this size difference, as the meerkat is shown to be considerably smaller than the lemur.","Yes, the objects are in their correct relative sizes.","[Observation]: The meerkat and the ring-tailed lemur are depicted side by side, with the meerkat on the left and the lemur on the right. The meerkat appears to be significantly smaller than the lemur.

[Assessment]: Based on real-world knowledge, meerkats are much smaller than ring-tailed lemurs. The image accurately reflects this size difference, as the meerkat is shown to be considerably smaller than the lemur.

[Conclusion]: Yes, the objects are in their correct relative sizes."
pair_319.png,Are the objects in their correct relative sizes?,"The image shows a single shark depicted with a consistent scale throughout its body, including its fins and tail.","The shark's features, such as the size of its fins and the shape of its body, appear to be proportionate to each other. There are no indications of disproportionate sizes that would suggest an incorrect relative size.",The objects (the shark) are in their correct relative sizes.,"[Observation]: The image shows a single shark depicted with a consistent scale throughout its body, including its fins and tail.

[Assessment]: The shark's features, such as the size of its fins and the shape of its body, appear to be proportionate to each other. There are no indications of disproportionate sizes that would suggest an incorrect relative size.

[Conclusion]: The objects (the shark) are in their correct relative sizes."
pair_224.png,Are the objects in their correct relative sizes?,The image shows a snow leopard and a rooster standing next to each other. The snow leopard is significantly larger than the rooster.,"In reality, a snow leopard is much larger than a rooster. The size difference between these two animals is substantial, with the snow leopard being several times bigger in length and height.","No, the objects are not in their correct relative sizes. The rooster appears disproportionately small compared to the snow leopard.","[Observation]: The image shows a snow leopard and a rooster standing next to each other. The snow leopard is significantly larger than the rooster.

[Assessment]: In reality, a snow leopard is much larger than a rooster. The size difference between these two animals is substantial, with the snow leopard being several times bigger in length and height.

[Conclusion]: No, the objects are not in their correct relative sizes. The rooster appears disproportionately small compared to the snow leopard."
pair_196.png,Are the objects in their correct relative sizes?,The Komodo dragon appears significantly larger than the walrus in the image.,"In reality, a Komodo dragon is much smaller than a walrus. The Komodo dragon typically ranges from 2 to 3 meters in length, while a walrus can be up to 4 meters long. The image depicts the Komodo dragon as being disproportionately large compared to the walrus.","No, the objects are not in their correct relative sizes.","[Observation]: The Komodo dragon appears significantly larger than the walrus in the image.

[Assessment]: In reality, a Komodo dragon is much smaller than a walrus. The Komodo dragon typically ranges from 2 to 3 meters in length, while a walrus can be up to 4 meters long. The image depicts the Komodo dragon as being disproportionately large compared to the walrus.

[Conclusion]: No, the objects are not in their correct relative sizes."
pair_205.png,Are the objects in their correct relative sizes?,"The image shows a Komodo dragon and a shark, with the shark appearing significantly larger than the Komodo dragon.","In reality, Komodo dragons are much smaller than sharks. The Komodo dragon is typically around 2 to 3 meters long, while sharks can be much longer, with some species reaching lengths of over 10 meters.","No, the objects are not in their correct relative sizes. The shark appears to be disproportionately large compared to the Komodo dragon.","[Observation]: The image shows a Komodo dragon and a shark, with the shark appearing significantly larger than the Komodo dragon.
[Assessment]: In reality, Komodo dragons are much smaller than sharks. The Komodo dragon is typically around 2 to 3 meters long, while sharks can be much longer, with some species reaching lengths of over 10 meters.
[Conclusion]: No, the objects are not in their correct relative sizes. The shark appears to be disproportionately large compared to the Komodo dragon."
pair_160.png,Are the objects in their correct relative sizes?,"The lemur and the rooster appear to be drawn at similar scales, with the rooster being slightly larger than the lemur.","In reality, lemurs are much smaller animals compared to roosters. The rooster depicted here is significantly larger than what would be expected for a lemur of comparable size.","No, the objects are not in their correct relative sizes. The rooster appears disproportionately large compared to the lemur.","[Observation]: The lemur and the rooster appear to be drawn at similar scales, with the rooster being slightly larger than the lemur.

[Assessment]: In reality, lemurs are much smaller animals compared to roosters. The rooster depicted here is significantly larger than what would be expected for a lemur of comparable size.

[Conclusion]: No, the objects are not in their correct relative sizes. The rooster appears disproportionately large compared to the lemur."
pair_262.png,Are the objects in their correct relative sizes?,"The narwhal is depicted much larger than the toucan, which is not typical of their real-world size difference.","In reality, narwhals are significantly larger animals compared to toucans. The image exaggerates the size difference between these two animals.","No, the objects are not in their correct relative sizes.","[Observation]: The narwhal is depicted much larger than the toucan, which is not typical of their real-world size difference.

[Assessment]: In reality, narwhals are significantly larger animals compared to toucans. The image exaggerates the size difference between these two animals.

[Conclusion]: No, the objects are not in their correct relative sizes."
pair_178.png,Are the objects in their correct relative sizes?,The image shows a great white shark and a red panda. The shark is significantly larger than the red panda.,"In reality, a great white shark can grow to be about 20 feet long, while a red panda typically measures around 18 inches in length. The image accurately depicts the size difference between these two animals.","Yes, the objects are in their correct relative sizes.","[Observation]: The image shows a great white shark and a red panda. The shark is significantly larger than the red panda.

[Assessment]: In reality, a great white shark can grow to be about 20 feet long, while a red panda typically measures around 18 inches in length. The image accurately depicts the size difference between these two animals.

[Conclusion]: Yes, the objects are in their correct relative sizes."
pair_062.png,Are the objects in their correct relative sizes?,The image shows a meerkat and a reindeer standing next to each other. The meerkat is significantly smaller than the reindeer.,"In reality, a meerkat is much smaller than a reindeer. The size difference between them is substantial, which is accurately depicted in the image.","Yes, the objects are in their correct relative sizes.","[Observation]: The image shows a meerkat and a reindeer standing next to each other. The meerkat is significantly smaller than the reindeer.

[Assessment]: In reality, a meerkat is much smaller than a reindeer. The size difference between them is substantial, which is accurately depicted in the image.

[Conclusion]: Yes, the objects are in their correct relative sizes."
pair_209.png,Are the objects in their correct relative sizes?,"The image shows a snow leopard and a reindeer side by side. The snow leopard appears to be smaller than the reindeer, which is consistent with their real-world size differences.",Both animals are depicted accurately in terms of their physical characteristics. The snow leopard's spotted coat and the reindeer's antlers are correctly represented. There are no obvious distortions in the proportions or sizes of the animals.,The objects are in their correct relative sizes.,"[Observation]: The image shows a snow leopard and a reindeer side by side. The snow leopard appears to be smaller than the reindeer, which is consistent with their real-world size differences.

[Assessment]: Both animals are depicted accurately in terms of their physical characteristics. The snow leopard's spotted coat and the reindeer's antlers are correctly represented. There are no obvious distortions in the proportions or sizes of the animals.

[Conclusion]: The objects are in their correct relative sizes."
pair_324.png,Are the objects in their correct relative sizes?,"The sloth appears significantly larger than the hedgehog, which is consistent with real-world proportions.","In reality, sloths are much larger animals compared to hedgehogs. The image accurately reflects this size difference.","Yes, the objects are in their correct relative sizes.","[Observation]: The sloth appears significantly larger than the hedgehog, which is consistent with real-world proportions.

[Assessment]: In reality, sloths are much larger animals compared to hedgehogs. The image accurately reflects this size difference.

[Conclusion]: Yes, the objects are in their correct relative sizes."
pair_330.png,Are the objects in their correct relative sizes?,"The image shows a toucan and a hedgehog. The toucan is depicted much larger than the hedgehog, which is not typical of their real-world size comparison.","In reality, a toucan is significantly larger than a hedgehog. The size difference between these animals in nature is substantial, with the toucan being several times bigger than the hedgehog.",The objects are not in their correct relative sizes.,"[Observation]: The image shows a toucan and a hedgehog. The toucan is depicted much larger than the hedgehog, which is not typical of their real-world size comparison.

[Assessment]: In reality, a toucan is significantly larger than a hedgehog. The size difference between these animals in nature is substantial, with the toucan being several times bigger than the hedgehog.

[Conclusion]: The objects are not in their correct relative sizes."
pair_293.png,Are the objects in their correct relative sizes?,"The kangaroo appears significantly larger than the penguin, which is consistent with their real-world size differences.","In reality, a kangaroo can be much taller and heavier than a penguin. The image accurately reflects this difference in size.","Yes, the objects are in their correct relative sizes.","[Observation]: The kangaroo appears significantly larger than the penguin, which is consistent with their real-world size differences.

[Assessment]: In reality, a kangaroo can be much taller and heavier than a penguin. The image accurately reflects this difference in size.

[Conclusion]: Yes, the objects are in their correct relative sizes."
pair_281.png,Are the objects in their correct relative sizes?,"The image shows a single beluga whale depicted in a simple, stylized manner. There are no other objects present for comparison.","Since there are no other objects to compare with the beluga whale, it is impossible to determine if the objects (in this case, the whale) are in their correct relative sizes. The image lacks context or scale reference to assess size relationships.","Without additional context or scale references, it is not possible to determine if the beluga whale is in its correct relative size.","[Observation]: The image shows a single beluga whale depicted in a simple, stylized manner. There are no other objects present for comparison.

[Assessment]: Since there are no other objects to compare with the beluga whale, it is impossible to determine if the objects (in this case, the whale) are in their correct relative sizes. The image lacks context or scale reference to assess size relationships.

[Conclusion]: Without additional context or scale references, it is not possible to determine if the beluga whale is in its correct relative size."
pair_133.png,Are the objects in their correct relative sizes?,"The honey badger appears significantly larger than the toucan, which is consistent with their real-life size differences.","In reality, honey badgers are much larger animals compared to toucans. The image accurately reflects this size difference.","Yes, the objects are in their correct relative sizes.","[Observation]: The honey badger appears significantly larger than the toucan, which is consistent with their real-life size differences.

[Assessment]: In reality, honey badgers are much larger animals compared to toucans. The image accurately reflects this size difference.

[Conclusion]: Yes, the objects are in their correct relative sizes."
pair_199.png,Are the objects in their correct relative sizes?,"The image shows a large reptile, likely a Komodo dragon, and a small animal that resembles a platypus. The Komodo dragon is significantly larger than the platypus.","Based on real-world knowledge, Komodo dragons can grow up to 3 meters long and weigh over 70 kg, while platypuses are much smaller, typically measuring around 45-65 cm in length and weighing about 1-2 kg. The image accurately reflects these size differences.","Yes, the objects are in their correct relative sizes.","[Observation]: The image shows a large reptile, likely a Komodo dragon, and a small animal that resembles a platypus. The Komodo dragon is significantly larger than the platypus.

[Assessment]: Based on real-world knowledge, Komodo dragons can grow up to 3 meters long and weigh over 70 kg, while platypuses are much smaller, typically measuring around 45-65 cm in length and weighing about 1-2 kg. The image accurately reflects these size differences.

[Conclusion]: Yes, the objects are in their correct relative sizes."
pair_023.png,Are the objects in their correct relative sizes?,"The elephant is depicted much larger than the penguin, which is a common representation of these animals.","In reality, elephants are significantly larger than penguins. The image exaggerates the size difference for artistic or illustrative purposes.","No, the objects are not in their correct relative sizes.","[Observation]: The elephant is depicted much larger than the penguin, which is a common representation of these animals.

[Assessment]: In reality, elephants are significantly larger than penguins. The image exaggerates the size difference for artistic or illustrative purposes.

[Conclusion]: No, the objects are not in their correct relative sizes."
pair_025.png,Are the objects in their correct relative sizes?,"The elephant appears to be significantly larger than the shark, which is consistent with their real-world size differences.","In reality, elephants are much larger animals compared to sharks. The image accurately reflects this difference in size.","Yes, the objects are in their correct relative sizes.","[Observation]: The elephant appears to be significantly larger than the shark, which is consistent with their real-world size differences.

[Assessment]: In reality, elephants are much larger animals compared to sharks. The image accurately reflects this difference in size.

[Conclusion]: Yes, the objects are in their correct relative sizes."
pair_295.png,Are the objects in their correct relative sizes?,"The kangaroo appears to be significantly larger than the rooster, which is a common real-world size comparison between these animals.","In reality, a kangaroo can grow to be much larger than a rooster. The rooster depicted here is a standard-sized domestic rooster, while a full-grown kangaroo can be several times taller and heavier.","Yes, the objects are in their correct relative sizes as they represent a typical size comparison between a kangaroo and a rooster.","[Observation]: The kangaroo appears to be significantly larger than the rooster, which is a common real-world size comparison between these animals.

[Assessment]: In reality, a kangaroo can grow to be much larger than a rooster. The rooster depicted here is a standard-sized domestic rooster, while a full-grown kangaroo can be several times taller and heavier.

[Conclusion]: Yes, the objects are in their correct relative sizes as they represent a typical size comparison between a kangaroo and a rooster."
pair_006.png,Are the objects in their correct relative sizes?,"The image shows an elephant and a lemur, with the elephant being significantly larger than the lemur.","In reality, elephants are much larger animals compared to lemurs. The size difference between these two animals is substantial, which is accurately depicted in the image.","Yes, the objects are in their correct relative sizes.","[Observation]: The image shows an elephant and a lemur, with the elephant being significantly larger than the lemur.

[Assessment]: In reality, elephants are much larger animals compared to lemurs. The size difference between these two animals is substantial, which is accurately depicted in the image.

[Conclusion]: Yes, the objects are in their correct relative sizes."
pair_242.png,Are the objects in their correct relative sizes?,"The image shows a reindeer and a walrus side by side for comparison. The reindeer is depicted as smaller than the walrus, which aligns with their real-world size difference.","In reality, a reindeer is significantly smaller than a walrus. The reindeer's size is accurately represented compared to the walrus, which is much larger.","Yes, the objects are in their correct relative sizes.","[Observation]: The image shows a reindeer and a walrus side by side for comparison. The reindeer is depicted as smaller than the walrus, which aligns with their real-world size difference.

[Assessment]: In reality, a reindeer is significantly smaller than a walrus. The reindeer's size is accurately represented compared to the walrus, which is much larger.

[Conclusion]: Yes, the objects are in their correct relative sizes."
pair_004.png,Are the objects in their correct relative sizes?,The image shows an elephant and a hippopotamus side by side for comparison. The elephant is significantly larger than the hippopotamus.,"In reality, elephants are much larger animals compared to hippos. The size difference between these two animals is substantial, with elephants being several times taller and longer than hippos.","Yes, the objects are in their correct relative sizes. The elephant is depicted as much larger than the hippopotamus, which accurately reflects their real-world size difference.","[Observation]: The image shows an elephant and a hippopotamus side by side for comparison. The elephant is significantly larger than the hippopotamus.

[Assessment]: In reality, elephants are much larger animals compared to hippos. The size difference between these two animals is substantial, with elephants being several times taller and longer than hippos.

[Conclusion]: Yes, the objects are in their correct relative sizes. The elephant is depicted as much larger than the hippopotamus, which accurately reflects their real-world size difference."
pair_128.png,Are the objects in their correct relative sizes?,"The image shows two animals, one resembling a honey badger and the other resembling a kangaroo. The honey badger is depicted much smaller than the kangaroo.","In reality, a honey badger is significantly larger than a kangaroo. The size difference between these animals is substantial, with the honey badger being about 10-20 times larger than a typical kangaroo.","No, the objects are not in their correct relative sizes. The honey badger should be much larger compared to the kangaroo in real life.","[Observation]: The image shows two animals, one resembling a honey badger and the other resembling a kangaroo. The honey badger is depicted much smaller than the kangaroo.

[Assessment]: In reality, a honey badger is significantly larger than a kangaroo. The size difference between these animals is substantial, with the honey badger being about 10-20 times larger than a typical kangaroo.

[Conclusion]: No, the objects are not in their correct relative sizes. The honey badger should be much larger compared to the kangaroo in real life."
pair_309.png,Are the objects in their correct relative sizes?,"The bear appears to be significantly larger than the platypus, which is consistent with real-world size differences between these animals.","In reality, a bear is much larger than a platypus. The image accurately reflects this size difference, as the bear's body is many times longer and taller than the platypus.","Yes, the objects are in their correct relative sizes.","[Observation]: The bear appears to be significantly larger than the platypus, which is consistent with real-world size differences between these animals.

[Assessment]: In reality, a bear is much larger than a platypus. The image accurately reflects this size difference, as the bear's body is many times longer and taller than the platypus.

[Conclusion]: Yes, the objects are in their correct relative sizes."
pair_082.png,Are the objects in their correct relative sizes?,"The giraffe is depicted much larger than the beluga whale, which is not accurate to real-life proportions.","In reality, a giraffe is significantly taller and longer than a beluga whale. The giraffe's height and length are exaggerated compared to the beluga whale in this image.","No, the objects are not in their correct relative sizes.","[Observation]: The giraffe is depicted much larger than the beluga whale, which is not accurate to real-life proportions.

[Assessment]: In reality, a giraffe is significantly taller and longer than a beluga whale. The giraffe's height and length are exaggerated compared to the beluga whale in this image.

[Conclusion]: No, the objects are not in their correct relative sizes."
pair_306.png,Are the objects in their correct relative sizes?,The platypus appears significantly larger than the axolotl in the image.,"In reality, an adult platypus is much larger than an axolotl. The axolotl is typically around 10-25 cm long, while a platypus can grow up to 45-65 cm in length. The image reflects this size difference accurately.","Yes, the objects are in their correct relative sizes.","[Observation]: The platypus appears significantly larger than the axolotl in the image.

[Assessment]: In reality, an adult platypus is much larger than an axolotl. The axolotl is typically around 10-25 cm long, while a platypus can grow up to 45-65 cm in length. The image reflects this size difference accurately.

[Conclusion]: Yes, the objects are in their correct relative sizes."
pair_254.png,Are the objects in their correct relative sizes?,The image shows a large squid next to a small deer. The squid appears significantly larger than the deer.,"In real life, squids and deer do not have such a large size difference. Squids are typically much smaller than deer, especially when considering their full body length.",The objects are not in their correct relative sizes.,"[Observation]: The image shows a large squid next to a small deer. The squid appears significantly larger than the deer.

[Assessment]: In real life, squids and deer do not have such a large size difference. Squids are typically much smaller than deer, especially when considering their full body length.

[Conclusion]: The objects are not in their correct relative sizes."
pair_100.png,Are the objects in their correct relative sizes?,The image shows a hippopotamus and a snow leopard side by side for comparison. The hippopotamus is significantly larger than the snow leopard.,"In reality, a hippopotamus is much larger than a snow leopard. The size difference between these two animals is substantial, with the hippopotamus being several times bigger in both length and weight.","Yes, the objects are in their correct relative sizes. The hippopotamus is depicted as much larger than the snow leopard, which accurately reflects their real-world size difference.","[Observation]: The image shows a hippopotamus and a snow leopard side by side for comparison. The hippopotamus is significantly larger than the snow leopard.

[Assessment]: In reality, a hippopotamus is much larger than a snow leopard. The size difference between these two animals is substantial, with the hippopotamus being several times bigger in both length and weight.

[Conclusion]: Yes, the objects are in their correct relative sizes. The hippopotamus is depicted as much larger than the snow leopard, which accurately reflects their real-world size difference."
pair_215.png,Are the objects in their correct relative sizes?,The image shows a snow leopard and a platypus. The snow leopard is significantly larger than the platypus.,"In reality, a snow leopard is much larger than a platypus. The size difference between these two animals is substantial, with the snow leopard being several times longer and heavier.","No, the objects are not in their correct relative sizes. The platypus appears to be disproportionately small compared to the snow leopard.","[Observation]: The image shows a snow leopard and a platypus. The snow leopard is significantly larger than the platypus.

[Assessment]: In reality, a snow leopard is much larger than a platypus. The size difference between these two animals is substantial, with the snow leopard being several times longer and heavier.

[Conclusion]: No, the objects are not in their correct relative sizes. The platypus appears to be disproportionately small compared to the snow leopard."
pair_044.png,Are the objects in their correct relative sizes?,"The image shows a cheetah and a platypus. The cheetah is significantly larger than the platypus, which is consistent with their real-world size differences.","In reality, a cheetah is much larger than a platypus. The cheetah's size is accurately depicted compared to the platypus, which is smaller than it should be in this context.",The objects are not in their correct relative sizes. The platypus appears disproportionately small compared to the cheetah.,"[Observation]: The image shows a cheetah and a platypus. The cheetah is significantly larger than the platypus, which is consistent with their real-world size differences.

[Assessment]: In reality, a cheetah is much larger than a platypus. The cheetah's size is accurately depicted compared to the platypus, which is smaller than it should be in this context.

[Conclusion]: The objects are not in their correct relative sizes. The platypus appears disproportionately small compared to the cheetah."
pair_175.png,Are the objects in their correct relative sizes?,"The image shows a red panda and a bear, with the bear significantly larger than the red panda.","In reality, red pandas are much smaller than bears. The size difference between these animals is substantial, which is accurately depicted in the image.","Yes, the objects are in their correct relative sizes.","[Observation]: The image shows a red panda and a bear, with the bear significantly larger than the red panda.
[Assessment]: In reality, red pandas are much smaller than bears. The size difference between these animals is substantial, which is accurately depicted in the image.
[Conclusion]: Yes, the objects are in their correct relative sizes."
pair_223.png,Are the objects in their correct relative sizes?,The image shows a large squid next to a small leopard. The squid appears significantly larger than the leopard.,"In reality, squids and leopards have vastly different sizes. Squids can be much larger than leopards, but not by the scale shown here. The squid in the image is disproportionately large compared to the leopard.",The objects are not in their correct relative sizes.,"[Observation]: The image shows a large squid next to a small leopard. The squid appears significantly larger than the leopard.

[Assessment]: In reality, squids and leopards have vastly different sizes. Squids can be much larger than leopards, but not by the scale shown here. The squid in the image is disproportionately large compared to the leopard.

[Conclusion]: The objects are not in their correct relative sizes."
pair_189.png,Are the objects in their correct relative sizes?,"The panda and the penguin are depicted side by side, with the panda on the left and the penguin on the right. The panda appears significantly larger than the penguin.","In reality, pandas and penguins have vastly different sizes. Pandas are terrestrial mammals that can grow up to 130-150 cm in length, while penguins are aquatic birds that typically range from 40-120 cm in height. The image shows the panda much larger than it would be compared to a penguin in real life.","No, the objects are not in their correct relative sizes. The panda is disproportionately large compared to the penguin in the image.","[Observation]: The panda and the penguin are depicted side by side, with the panda on the left and the penguin on the right. The panda appears significantly larger than the penguin.

[Assessment]: In reality, pandas and penguins have vastly different sizes. Pandas are terrestrial mammals that can grow up to 130-150 cm in length, while penguins are aquatic birds that typically range from 40-120 cm in height. The image shows the panda much larger than it would be compared to a penguin in real life.

[Conclusion]: No, the objects are not in their correct relative sizes. The panda is disproportionately large compared to the penguin in the image."
pair_116.png,Are the objects in their correct relative sizes?,The image shows a hippopotamus and an octopus side by side. The octopus appears to be significantly larger than the hippopotamus.,"In reality, a hippopotamus is much larger than an octopus. The size difference between these two animals is substantial, with the hippopotamus being several times larger in terms of body mass and overall length.","No, the objects are not in their correct relative sizes. The octopus is depicted as much larger than it should be compared to the hippopotamus.","[Observation]: The image shows a hippopotamus and an octopus side by side. The octopus appears to be significantly larger than the hippopotamus.

[Assessment]: In reality, a hippopotamus is much larger than an octopus. The size difference between these two animals is substantial, with the hippopotamus being several times larger in terms of body mass and overall length.

[Conclusion]: No, the objects are not in their correct relative sizes. The octopus is depicted as much larger than it should be compared to the hippopotamus."
pair_020.png,Are the objects in their correct relative sizes?,"The image shows an elephant and a sloth. The elephant is significantly larger than the sloth, which is positioned much smaller in comparison.","The relative size of the elephant to the sloth appears to be accurately depicted. Elephants are known to be much larger animals compared to sloths, and this illustration maintains that proportionality.","Yes, the objects are in their correct relative sizes.","[Observation]: The image shows an elephant and a sloth. The elephant is significantly larger than the sloth, which is positioned much smaller in comparison.

[Assessment]: The relative size of the elephant to the sloth appears to be accurately depicted. Elephants are known to be much larger animals compared to sloths, and this illustration maintains that proportionality.

[Conclusion]: Yes, the objects are in their correct relative sizes."
pair_059.png,Are the objects in their correct relative sizes?,"The panda is significantly larger than the meerkat, which is consistent with real-world proportions.","In the image, the panda appears to be much bigger than the meerkat, which aligns with the typical size difference between these animals. The meerkat is depicted as a small, slender creature, while the panda is shown as a large, robust bear.",The objects are in their correct relative sizes.,"[Observation]: The panda is significantly larger than the meerkat, which is consistent with real-world proportions.

[Assessment]: In the image, the panda appears to be much bigger than the meerkat, which aligns with the typical size difference between these animals. The meerkat is depicted as a small, slender creature, while the panda is shown as a large, robust bear.

[Conclusion]: The objects are in their correct relative sizes."
pair_203.png,Are the objects in their correct relative sizes?,"The Komodo dragon appears to be significantly larger than the bear, which is not typical of real-world proportions.","In reality, a Komodo dragon is much smaller than a bear. The bear depicted here is disproportionately large compared to the Komodo dragon.",The objects are not in their correct relative sizes.,"[Observation]: The Komodo dragon appears to be significantly larger than the bear, which is not typical of real-world proportions.

[Assessment]: In reality, a Komodo dragon is much smaller than a bear. The bear depicted here is disproportionately large compared to the Komodo dragon.

[Conclusion]: The objects are not in their correct relative sizes."
pair_122.png,Are the objects in their correct relative sizes?,"The image shows two animals, one on the left and one on the right. The animal on the left appears to be significantly smaller than the animal on the right.","Based on the visual observation, the size difference between the two animals is substantial. The animal on the left resembles a weasel or similar small mammal, while the animal on the right resembles a snow leopard, which is much larger.","Yes, the objects are in their correct relative sizes. The weasel-like animal is correctly depicted as much smaller than the snow leopard.","[Observation]: The image shows two animals, one on the left and one on the right. The animal on the left appears to be significantly smaller than the animal on the right.

[Assessment]: Based on the visual observation, the size difference between the two animals is substantial. The animal on the left resembles a weasel or similar small mammal, while the animal on the right resembles a snow leopard, which is much larger.

[Conclusion]: Yes, the objects are in their correct relative sizes. The weasel-like animal is correctly depicted as much smaller than the snow leopard."
pair_103.png,Are the objects in their correct relative sizes?,"The image shows a hippopotamus and a narwhal. The hippopotamus is depicted much larger than the narwhal, which is a common size difference between these animals.","In reality, a full-grown hippopotamus can weigh up to 3,800 kg (8,400 lbs) and stand about 1.5 meters tall at the shoulder, while a narwhal typically weighs around 900 kg (2,000 lbs) and stands about 3.6 meters long. The image accurately reflects this size difference.","Yes, the objects are in their correct relative sizes.","[Observation]: The image shows a hippopotamus and a narwhal. The hippopotamus is depicted much larger than the narwhal, which is a common size difference between these animals.

[Assessment]: In reality, a full-grown hippopotamus can weigh up to 3,800 kg (8,400 lbs) and stand about 1.5 meters tall at the shoulder, while a narwhal typically weighs around 900 kg (2,000 lbs) and stands about 3.6 meters long. The image accurately reflects this size difference.

[Conclusion]: Yes, the objects are in their correct relative sizes."
pair_213.png,Are the objects in their correct relative sizes?,"The image shows a snow leopard and a kangaroo side by side for comparison.
- The snow leopard appears to be smaller than the kangaroo.
- Both animals are depicted with accurate proportions, but the size difference is exaggerated.","The relative sizes of the animals in the image do not accurately reflect their real-world sizes. The snow leopard is typically much larger than the kangaroo, especially when considering their full body length and height.","No, the objects are not in their correct relative sizes.","[Observation]: The image shows a snow leopard and a kangaroo side by side for comparison.
- The snow leopard appears to be smaller than the kangaroo.
- Both animals are depicted with accurate proportions, but the size difference is exaggerated.

[Assessment]: The relative sizes of the animals in the image do not accurately reflect their real-world sizes. The snow leopard is typically much larger than the kangaroo, especially when considering their full body length and height.

[Conclusion]: No, the objects are not in their correct relative sizes."
pair_227.png,Are the objects in their correct relative sizes?,"The camel and the walrus appear to be drawn at similar scales, with the walrus being slightly larger than the camel.","In reality, a camel is significantly larger than a walrus. The size difference between these animals is substantial, with the camel being much taller and longer overall compared to the walrus.",The objects are not in their correct relative sizes. The drawing exaggerates the size of the walrus compared to the camel.,"[Observation]: The camel and the walrus appear to be drawn at similar scales, with the walrus being slightly larger than the camel.

[Assessment]: In reality, a camel is significantly larger than a walrus. The size difference between these animals is substantial, with the camel being much taller and longer overall compared to the walrus.

[Conclusion]: The objects are not in their correct relative sizes. The drawing exaggerates the size of the walrus compared to the camel."
pair_067.png,Are the objects in their correct relative sizes?,"The image shows a bear and a meerkat standing next to each other, with the bear appearing significantly larger than the meerkat.","In reality, meerkats are much smaller than bears. The size difference between these animals is substantial, and the image accurately reflects this natural disparity.","Yes, the objects are in their correct relative sizes.","[Observation]: The image shows a bear and a meerkat standing next to each other, with the bear appearing significantly larger than the meerkat.

[Assessment]: In reality, meerkats are much smaller than bears. The size difference between these animals is substantial, and the image accurately reflects this natural disparity.

[Conclusion]: Yes, the objects are in their correct relative sizes."
pair_222.png,Are the objects in their correct relative sizes?,The image shows a great white shark and a snow leopard. The shark is significantly larger than the snow leopard.,"In reality, a great white shark can grow to be about 20 feet long, while a snow leopard typically ranges from 4 to 5 feet in length. The image accurately depicts the size difference between these two animals.","Yes, the objects are in their correct relative sizes.","[Observation]: The image shows a great white shark and a snow leopard. The shark is significantly larger than the snow leopard.

[Assessment]: In reality, a great white shark can grow to be about 20 feet long, while a snow leopard typically ranges from 4 to 5 feet in length. The image accurately depicts the size difference between these two animals.

[Conclusion]: Yes, the objects are in their correct relative sizes."
pair_188.png,Are the objects in their correct relative sizes?,The panda on the left is significantly smaller than the bear on the right.,"In reality, pandas and bears are not of comparable size; pandas are much smaller animals compared to bears. The image depicts a panda that is disproportionately small next to the bear.",The objects are not in their correct relative sizes.,"[Observation]: The panda on the left is significantly smaller than the bear on the right.
[Assessment]: In reality, pandas and bears are not of comparable size; pandas are much smaller animals compared to bears. The image depicts a panda that is disproportionately small next to the bear.
[Conclusion]: The objects are not in their correct relative sizes."
pair_165.png,Are the objects in their correct relative sizes?,"The image shows a large reindeer and a small red panda. The reindeer is significantly larger than the red panda, which is consistent with their real-life size differences.","The relative sizes of the reindeer and the red panda appear to be accurately depicted. The reindeer is much larger, and the red panda is smaller, maintaining the correct proportional relationship between the two animals as they exist in nature.",The objects are in their correct relative sizes.,"[Observation]: The image shows a large reindeer and a small red panda. The reindeer is significantly larger than the red panda, which is consistent with their real-life size differences.

[Assessment]: The relative sizes of the reindeer and the red panda appear to be accurately depicted. The reindeer is much larger, and the red panda is smaller, maintaining the correct proportional relationship between the two animals as they exist in nature.

[Conclusion]: The objects are in their correct relative sizes."
pair_220.png,Are the objects in their correct relative sizes?,The image shows a snow leopard and an Adelie penguin side by side. The snow leopard appears significantly larger than the Adelie penguin.,"In reality, a snow leopard is much larger than an Adelie penguin. The size difference between these two animals is substantial, with the snow leopard being several times bigger in length and height.","No, the objects are not in their correct relative sizes. The Adelie penguin is depicted much smaller than it should be compared to the snow leopard.","[Observation]: The image shows a snow leopard and an Adelie penguin side by side. The snow leopard appears significantly larger than the Adelie penguin.

[Assessment]: In reality, a snow leopard is much larger than an Adelie penguin. The size difference between these two animals is substantial, with the snow leopard being several times bigger in length and height.

[Conclusion]: No, the objects are not in their correct relative sizes. The Adelie penguin is depicted much smaller than it should be compared to the snow leopard."
pair_336.png,Are the objects in their correct relative sizes?,"The bear appears to be smaller than the shark, which is consistent with real-world proportions.","In reality, sharks are much larger than bears. The image depicts a bear that is significantly smaller than a typical shark, which aligns with the natural size difference between these animals.","Yes, the objects are in their correct relative sizes.","[Observation]: The bear appears to be smaller than the shark, which is consistent with real-world proportions.

[Assessment]: In reality, sharks are much larger than bears. The image depicts a bear that is significantly smaller than a typical shark, which aligns with the natural size difference between these animals.

[Conclusion]: Yes, the objects are in their correct relative sizes."
pair_290.png,Are the objects in their correct relative sizes?,"The kangaroo appears to be significantly larger than the platypus, which is consistent with real-world proportions.","In reality, a kangaroo is much larger than a platypus. The image accurately reflects this size difference.","Yes, the objects are in their correct relative sizes.","[Observation]: The kangaroo appears to be significantly larger than the platypus, which is consistent with real-world proportions.

[Assessment]: In reality, a kangaroo is much larger than a platypus. The image accurately reflects this size difference.

[Conclusion]: Yes, the objects are in their correct relative sizes."
pair_320.png,Are the objects in their correct relative sizes?,"The image shows an octopus with its tentacles spread out, and the overall proportions appear to be consistent with typical depictions of an octopus.","The size of the head and the length of the tentacles seem proportional to each other, which is generally accurate for an octopus. The suckers on the tentacles are also appropriately spaced and sized, which supports the observation that the relative sizes are correct.",The objects in the image are in their correct relative sizes.,"[Observation]: The image shows an octopus with its tentacles spread out, and the overall proportions appear to be consistent with typical depictions of an octopus.

[Assessment]: The size of the head and the length of the tentacles seem proportional to each other, which is generally accurate for an octopus. The suckers on the tentacles are also appropriately spaced and sized, which supports the observation that the relative sizes are correct.

[Conclusion]: The objects in the image are in their correct relative sizes."
pair_238.png,Are the objects in their correct relative sizes?,"The camel appears to be significantly larger than the shark, which is not typical of their real-world size comparison.","In reality, camels and sharks have vastly different sizes. Camels can grow up to 2 meters tall at the shoulder, while sharks like the great white can reach lengths of up to 6 meters or more. The image does not reflect these natural size differences.","No, the objects are not in their correct relative sizes.","[Observation]: The camel appears to be significantly larger than the shark, which is not typical of their real-world size comparison.

[Assessment]: In reality, camels and sharks have vastly different sizes. Camels can grow up to 2 meters tall at the shoulder, while sharks like the great white can reach lengths of up to 6 meters or more. The image does not reflect these natural size differences.

[Conclusion]: No, the objects are not in their correct relative sizes."
pair_031.png,Are the objects in their correct relative sizes?,"The cheetah appears significantly larger than the honey badger, which is consistent with their real-world size differences.","In reality, a cheetah is much larger than a honey badger. The image accurately reflects this size difference.","Yes, the objects are in their correct relative sizes.","[Observation]: The cheetah appears significantly larger than the honey badger, which is consistent with their real-world size differences.

[Assessment]: In reality, a cheetah is much larger than a honey badger. The image accurately reflects this size difference.

[Conclusion]: Yes, the objects are in their correct relative sizes."
pair_051.png,Are the objects in their correct relative sizes?,"The image shows a cheetah and a shark side by side for comparison.
- The cheetah is depicted as much smaller than the shark.
- The shark appears to be significantly larger in size compared to the cheetah.","In reality, sharks are much larger animals than cheetahs. Cheetahs are known to be the fastest land animals but are not comparable in size to sharks.
- The shark's size is exaggerated relative to the cheetah's size in this image.","No, the objects are not in their correct relative sizes. The shark is depicted much larger than it would be in real life compared to a cheetah.","[Observation]: The image shows a cheetah and a shark side by side for comparison.
- The cheetah is depicted as much smaller than the shark.
- The shark appears to be significantly larger in size compared to the cheetah.

[Assessment]: In reality, sharks are much larger animals than cheetahs. Cheetahs are known to be the fastest land animals but are not comparable in size to sharks.
- The shark's size is exaggerated relative to the cheetah's size in this image.

[Conclusion]: No, the objects are not in their correct relative sizes. The shark is depicted much larger than it would be in real life compared to a cheetah."
pair_069.png,Are the objects in their correct relative sizes?,"The meerkat appears significantly larger than the hedgehog, which is consistent with their real-world size differences.","In reality, meerkats are much larger animals compared to hedgehogs. The image accurately reflects this size difference.","Yes, the objects are in their correct relative sizes.","[Observation]: The meerkat appears significantly larger than the hedgehog, which is consistent with their real-world size differences.

[Assessment]: In reality, meerkats are much larger animals compared to hedgehogs. The image accurately reflects this size difference.

[Conclusion]: Yes, the objects are in their correct relative sizes."
pair_228.png,Are the objects in their correct relative sizes?,The camel appears to be significantly larger than the beluga whale in the image.,"In reality, a camel is much smaller than a beluga whale. The camel's size in the image does not reflect its actual size compared to a beluga whale.","No, the objects are not in their correct relative sizes.","[Observation]: The camel appears to be significantly larger than the beluga whale in the image.

[Assessment]: In reality, a camel is much smaller than a beluga whale. The camel's size in the image does not reflect its actual size compared to a beluga whale.

[Conclusion]: No, the objects are not in their correct relative sizes."
pair_312.png,Are the objects in their correct relative sizes?,The image shows a large shark and a small beaver. The shark is significantly larger than the beaver.,"In reality, sharks are much larger than beavers. The size difference between a shark and a beaver is not as extreme as depicted in the image. The beaver appears to be disproportionately small compared to the shark.","No, the objects are not in their correct relative sizes. The beaver should be much larger in comparison to the shark to reflect their actual size difference.","[Observation]: The image shows a large shark and a small beaver. The shark is significantly larger than the beaver.

[Assessment]: In reality, sharks are much larger than beavers. The size difference between a shark and a beaver is not as extreme as depicted in the image. The beaver appears to be disproportionately small compared to the shark.

[Conclusion]: No, the objects are not in their correct relative sizes. The beaver should be much larger in comparison to the shark to reflect their actual size difference."
pair_045.png,Are the objects in their correct relative sizes?,"The image shows a cheetah and an axolotl. The cheetah is significantly larger than the axolotl, which is a common observation.","In reality, a cheetah is much larger than an axolotl. The size difference between these two animals is substantial, with the cheetah being several orders of magnitude larger.",The objects are not in their correct relative sizes. The cheetah appears to be disproportionately large compared to the axolotl.,"[Observation]: The image shows a cheetah and an axolotl. The cheetah is significantly larger than the axolotl, which is a common observation.

[Assessment]: In reality, a cheetah is much larger than an axolotl. The size difference between these two animals is substantial, with the cheetah being several orders of magnitude larger.

[Conclusion]: The objects are not in their correct relative sizes. The cheetah appears to be disproportionately large compared to the axolotl."
pair_323.png,Are the objects in their correct relative sizes?,"The bear appears to be significantly larger than the sloth, which is holding onto a stick.","In reality, bears and sloths have vastly different sizes. Bears are much larger animals compared to sloths, which are relatively small mammals. The image depicts the bear as much larger than it would be in real life relative to the sloth.","No, the objects are not in their correct relative sizes. The bear is depicted as much larger than it should be compared to the sloth.","[Observation]: The bear appears to be significantly larger than the sloth, which is holding onto a stick.

[Assessment]: In reality, bears and sloths have vastly different sizes. Bears are much larger animals compared to sloths, which are relatively small mammals. The image depicts the bear as much larger than it would be in real life relative to the sloth.

[Conclusion]: No, the objects are not in their correct relative sizes. The bear is depicted as much larger than it should be compared to the sloth."
pair_114.png,Are the objects in their correct relative sizes?,"The image shows a large hippopotamus and a small hedgehog. The hippopotamus is significantly larger than the hedgehog, which is consistent with real-world proportions.","The drawing accurately represents the size difference between a hippopotamus and a hedgehog. The hippopotamus is depicted as much larger than the hedgehog, which is a realistic representation of their actual size difference.","Yes, the objects are in their correct relative sizes.","[Observation]: The image shows a large hippopotamus and a small hedgehog. The hippopotamus is significantly larger than the hedgehog, which is consistent with real-world proportions.

[Assessment]: The drawing accurately represents the size difference between a hippopotamus and a hedgehog. The hippopotamus is depicted as much larger than the hedgehog, which is a realistic representation of their actual size difference.

[Conclusion]: Yes, the objects are in their correct relative sizes."
pair_005.png,Are the objects in their correct relative sizes?,"The image shows an elephant and a honey badger, with the elephant being significantly larger than the honey badger.","In reality, elephants are much larger animals compared to honey badgers. The size difference between these two animals is substantial, with elephants being several orders of magnitude larger.","No, the objects are not in their correct relative sizes. The elephant appears to be disproportionately large compared to the honey badger.","[Observation]: The image shows an elephant and a honey badger, with the elephant being significantly larger than the honey badger.

[Assessment]: In reality, elephants are much larger animals compared to honey badgers. The size difference between these two animals is substantial, with elephants being several orders of magnitude larger.

[Conclusion]: No, the objects are not in their correct relative sizes. The elephant appears to be disproportionately large compared to the honey badger."
pair_273.png,Are the objects in their correct relative sizes?,"The walrus is significantly larger than the bird, which is consistent with real-world proportions.","In the image, the walrus is depicted much larger than the bird, which aligns with the natural size difference between these animals. The bird appears to be a toucan, and it is correctly shown as much smaller than the walrus.","Yes, the objects are in their correct relative sizes.","[Observation]: The walrus is significantly larger than the bird, which is consistent with real-world proportions.

[Assessment]: In the image, the walrus is depicted much larger than the bird, which aligns with the natural size difference between these animals. The bird appears to be a toucan, and it is correctly shown as much smaller than the walrus.

[Conclusion]: Yes, the objects are in their correct relative sizes."
pair_229.png,Are the objects in their correct relative sizes?,"The camel appears significantly larger than the kangaroo, which is consistent with their real-world size differences.","Both animals are depicted accurately to scale, with the camel being much larger than the kangaroo. This is evident from the proportions of their bodies and legs.","Yes, the objects are in their correct relative sizes.","[Observation]: The camel appears significantly larger than the kangaroo, which is consistent with their real-world size differences.

[Assessment]: Both animals are depicted accurately to scale, with the camel being much larger than the kangaroo. This is evident from the proportions of their bodies and legs.

[Conclusion]: Yes, the objects are in their correct relative sizes."
pair_248.png,Are the objects in their correct relative sizes?,"The image shows a reindeer and a sloth. The reindeer is significantly larger than the sloth, which is holding onto a branch.","In reality, reindeer are much larger animals compared to sloths. Sloths are known for being small and slow-moving creatures, while reindeer are large herbivores with antlers. The size difference between these two animals is substantial.","The objects are not in their correct relative sizes. The reindeer appears disproportionately large compared to the sloth, which is not accurate to real-life proportions.","[Observation]: The image shows a reindeer and a sloth. The reindeer is significantly larger than the sloth, which is holding onto a branch.

[Assessment]: In reality, reindeer are much larger animals compared to sloths. Sloths are known for being small and slow-moving creatures, while reindeer are large herbivores with antlers. The size difference between these two animals is substantial.

[Conclusion]: The objects are not in their correct relative sizes. The reindeer appears disproportionately large compared to the sloth, which is not accurate to real-life proportions."
pair_084.png,Are the objects in their correct relative sizes?,"The giraffe is depicted much larger than the koala, which is consistent with real-world proportions.","In reality, giraffes are significantly larger than koalas. The image accurately reflects this size difference.","Yes, the objects are in their correct relative sizes.","[Observation]: The giraffe is depicted much larger than the koala, which is consistent with real-world proportions.

[Assessment]: In reality, giraffes are significantly larger than koalas. The image accurately reflects this size difference.

[Conclusion]: Yes, the objects are in their correct relative sizes."
pair_106.png,Are the objects in their correct relative sizes?,The image shows a hippopotamus and a kangaroo side by side. The hippopotamus appears significantly larger than the kangaroo.,"In reality, a hippopotamus is much larger than a kangaroo. The size difference between these two animals is substantial, with the hippopotamus being several times taller and heavier.","Yes, the objects are in their correct relative sizes as depicted in the image.","[Observation]: The image shows a hippopotamus and a kangaroo side by side. The hippopotamus appears significantly larger than the kangaroo.

[Assessment]: In reality, a hippopotamus is much larger than a kangaroo. The size difference between these two animals is substantial, with the hippopotamus being several times taller and heavier.

[Conclusion]: Yes, the objects are in their correct relative sizes as depicted in the image."
pair_233.png,Are the objects in their correct relative sizes?,"The camel is depicted much larger than the sloth, which is holding onto a stick.","In reality, camels and sloths have vastly different sizes. Camels are significantly larger animals compared to sloths, which are small mammals. The image appears to exaggerate the size difference between these two animals.","No, the objects are not in their correct relative sizes.","[Observation]: The camel is depicted much larger than the sloth, which is holding onto a stick.

[Assessment]: In reality, camels and sloths have vastly different sizes. Camels are significantly larger animals compared to sloths, which are small mammals. The image appears to exaggerate the size difference between these two animals.

[Conclusion]: No, the objects are not in their correct relative sizes."
pair_322.png,Are the objects in their correct relative sizes?,"The sloth and the toucan appear to be drawn at similar scales, with the sloth being slightly larger than the toucan.","In reality, sloths are much larger animals compared to birds like toucans. The image seems to have exaggerated the size of the sloth relative to the toucan for artistic or illustrative purposes.","No, the objects are not in their correct relative sizes. The sloth is depicted as significantly larger than it would be in real life compared to the toucan.","[Observation]: The sloth and the toucan appear to be drawn at similar scales, with the sloth being slightly larger than the toucan.

[Assessment]: In reality, sloths are much larger animals compared to birds like toucans. The image seems to have exaggerated the size of the sloth relative to the toucan for artistic or illustrative purposes.

[Conclusion]: No, the objects are not in their correct relative sizes. The sloth is depicted as significantly larger than it would be in real life compared to the toucan."
pair_340.png,Are the objects in their correct relative sizes?,"The penguin appears significantly larger than the rooster, which is typical for these animals in real life.","In the image, the penguin is drawn much larger compared to the rooster, which is not accurate to their real-life size difference. Penguins are generally much larger than roosters.",The objects are not in their correct relative sizes; the penguin is depicted much larger than it should be compared to the rooster.,"[Observation]: The penguin appears significantly larger than the rooster, which is typical for these animals in real life.

[Assessment]: In the image, the penguin is drawn much larger compared to the rooster, which is not accurate to their real-life size difference. Penguins are generally much larger than roosters.

[Conclusion]: The objects are not in their correct relative sizes; the penguin is depicted much larger than it should be compared to the rooster."
pair_071.png,Are the objects in their correct relative sizes?,"The giraffe is depicted as significantly taller than the hippopotamus, which aligns with their real-world size difference.","In reality, giraffes are much taller than hippos. The image accurately represents this size disparity.","Yes, the objects are in their correct relative sizes.","[Observation]: The giraffe is depicted as significantly taller than the hippopotamus, which aligns with their real-world size difference.

[Assessment]: In reality, giraffes are much taller than hippos. The image accurately represents this size disparity.

[Conclusion]: Yes, the objects are in their correct relative sizes."
pair_206.png,Are the objects in their correct relative sizes?,The image shows a large squid and a small dinosaur-like creature. The squid appears significantly larger than the dinosaur.,"In reality, squids can be much larger than dinosaurs. However, the image seems to exaggerate the size difference for dramatic effect or artistic purposes.",The objects are not in their correct relative sizes.,"[Observation]: The image shows a large squid and a small dinosaur-like creature. The squid appears significantly larger than the dinosaur.

[Assessment]: In reality, squids can be much larger than dinosaurs. However, the image seems to exaggerate the size difference for dramatic effect or artistic purposes.

[Conclusion]: The objects are not in their correct relative sizes."
pair_038.png,Are the objects in their correct relative sizes?,"The cheetah and the reindeer appear to be drawn at different scales, with the reindeer being significantly larger than the cheetah.","In reality, a cheetah is much smaller than a reindeer. The drawing seems to exaggerate the size difference between the two animals.","No, the objects are not in their correct relative sizes.","[Observation]: The cheetah and the reindeer appear to be drawn at different scales, with the reindeer being significantly larger than the cheetah.

[Assessment]: In reality, a cheetah is much smaller than a reindeer. The drawing seems to exaggerate the size difference between the two animals.

[Conclusion]: No, the objects are not in their correct relative sizes."
pair_125.png,Are the objects in their correct relative sizes?,The image shows a narwhal and a honey badger. The narwhal is significantly larger than the honey badger.,"In reality, a narwhal is much larger than a honey badger. The narwhal can grow up to 16 feet long, while a honey badger typically ranges from 20 to 30 inches in length. The image accurately reflects this size difference.","Yes, the objects are in their correct relative sizes.","[Observation]: The image shows a narwhal and a honey badger. The narwhal is significantly larger than the honey badger.

[Assessment]: In reality, a narwhal is much larger than a honey badger. The narwhal can grow up to 16 feet long, while a honey badger typically ranges from 20 to 30 inches in length. The image accurately reflects this size difference.

[Conclusion]: Yes, the objects are in their correct relative sizes."
pair_137.png,Are the objects in their correct relative sizes?,"The image shows a large shark and a small animal, likely a honey badger, next to each other for comparison.","The shark is significantly larger than the honey badger, which is consistent with real-world size differences between these animals. However, the shark appears disproportionately large compared to the honey badger in this image.",The objects are not in their correct relative sizes. The shark is drawn much larger than it would be in reality compared to a honey badger.,"[Observation]: The image shows a large shark and a small animal, likely a honey badger, next to each other for comparison.

[Assessment]: The shark is significantly larger than the honey badger, which is consistent with real-world size differences between these animals. However, the shark appears disproportionately large compared to the honey badger in this image.

[Conclusion]: The objects are not in their correct relative sizes. The shark is drawn much larger than it would be in reality compared to a honey badger."
pair_148.png,Are the objects in their correct relative sizes?,The image shows a beluga whale and a lemur. The beluga whale is significantly larger than the lemur.,"In reality, a beluga whale can grow up to 18-20 feet long, while a lemur typically ranges from 10 to 30 inches in length. The image accurately depicts this size difference.","Yes, the objects are in their correct relative sizes.","[Observation]: The image shows a beluga whale and a lemur. The beluga whale is significantly larger than the lemur.

[Assessment]: In reality, a beluga whale can grow up to 18-20 feet long, while a lemur typically ranges from 10 to 30 inches in length. The image accurately depicts this size difference.

[Conclusion]: Yes, the objects are in their correct relative sizes."
pair_155.png,Are the objects in their correct relative sizes?,"The bear appears significantly larger than the lemur, which is consistent with real-world size differences between these animals.","In reality, lemurs are much smaller than bears. The image accurately depicts this size difference, as the bear's body is many times larger than the lemur's.","Yes, the objects are in their correct relative sizes.","[Observation]: The bear appears significantly larger than the lemur, which is consistent with real-world size differences between these animals.

[Assessment]: In reality, lemurs are much smaller than bears. The image accurately depicts this size difference, as the bear's body is many times larger than the lemur's.

[Conclusion]: Yes, the objects are in their correct relative sizes."
pair_013.png,Are the objects in their correct relative sizes?,The image shows an elephant on the left and a narwhal on the right. The elephant is significantly larger than the narwhal.,"In reality, elephants are much larger animals compared to narwhals. The size difference between these two animals is substantial, with elephants being several orders of magnitude larger.","No, the objects are not in their correct relative sizes. The narwhal appears disproportionately small compared to the elephant.","[Observation]: The image shows an elephant on the left and a narwhal on the right. The elephant is significantly larger than the narwhal.

[Assessment]: In reality, elephants are much larger animals compared to narwhals. The size difference between these two animals is substantial, with elephants being several orders of magnitude larger.

[Conclusion]: No, the objects are not in their correct relative sizes. The narwhal appears disproportionately small compared to the elephant."
pair_029.png,Are the objects in their correct relative sizes?,"The giraffe is significantly larger than the cheetah, which is consistent with their real-world size differences.","In the image, the giraffe's height and body size are much greater compared to the cheetah, reflecting their actual size difference where giraffes are much taller and heavier than cheetahs.","Yes, the objects are in their correct relative sizes.","[Observation]: The giraffe is significantly larger than the cheetah, which is consistent with their real-world size differences.

[Assessment]: In the image, the giraffe's height and body size are much greater compared to the cheetah, reflecting their actual size difference where giraffes are much taller and heavier than cheetahs.

[Conclusion]: Yes, the objects are in their correct relative sizes."
pair_169.png,Are the objects in their correct relative sizes?,"The red panda appears significantly smaller than the kangaroo, which is consistent with their real-world size differences.","In reality, a red panda is much smaller than a kangaroo. The image accurately reflects this size difference by placing the red panda to the left and the kangaroo to the right, with the red panda being noticeably smaller.","Yes, the objects are in their correct relative sizes.","[Observation]: The red panda appears significantly smaller than the kangaroo, which is consistent with their real-world size differences.

[Assessment]: In reality, a red panda is much smaller than a kangaroo. The image accurately reflects this size difference by placing the red panda to the left and the kangaroo to the right, with the red panda being noticeably smaller.

[Conclusion]: Yes, the objects are in their correct relative sizes."
pair_019.png,Are the objects in their correct relative sizes?,"The image shows an elephant with its typical features, including large ears, long tusks, and a trunk. The proportions of the elephant's body parts appear to be consistent with real elephants.","The size of the elephant's ears, tusks, and trunk relative to the rest of the body look appropriate. There are no signs of distortion or exaggeration that would suggest the objects are not in their correct relative sizes.",The objects in the image are in their correct relative sizes.,"[Observation]: The image shows an elephant with its typical features, including large ears, long tusks, and a trunk. The proportions of the elephant's body parts appear to be consistent with real elephants.

[Assessment]: The size of the elephant's ears, tusks, and trunk relative to the rest of the body look appropriate. There are no signs of distortion or exaggeration that would suggest the objects are not in their correct relative sizes.

[Conclusion]: The objects in the image are in their correct relative sizes."
pair_147.png,Are the objects in their correct relative sizes?,"The image shows a large walrus and a small lemur. The walrus is significantly larger than the lemur, which is consistent with their real-world size differences.","The drawing accurately represents the size difference between a walrus and a lemur. Walruses are much larger animals compared to lemurs, and this is depicted correctly in the image.","Yes, the objects are in their correct relative sizes.","[Observation]: The image shows a large walrus and a small lemur. The walrus is significantly larger than the lemur, which is consistent with their real-world size differences.

[Assessment]: The drawing accurately represents the size difference between a walrus and a lemur. Walruses are much larger animals compared to lemurs, and this is depicted correctly in the image.

[Conclusion]: Yes, the objects are in their correct relative sizes."
pair_275.png,Are the objects in their correct relative sizes?,"The image shows a large walrus and a small hedgehog. The walrus is significantly larger than the hedgehog, which is consistent with real-world proportions.","The size difference between the walrus and the hedgehog appears to be accurately represented. The walrus is depicted as much larger than the hedgehog, which aligns with the known size disparity between these animals.",The objects are in their correct relative sizes.,"[Observation]: The image shows a large walrus and a small hedgehog. The walrus is significantly larger than the hedgehog, which is consistent with real-world proportions.

[Assessment]: The size difference between the walrus and the hedgehog appears to be accurately represented. The walrus is depicted as much larger than the hedgehog, which aligns with the known size disparity between these animals.

[Conclusion]: The objects are in their correct relative sizes."
pair_118.png,Are the objects in their correct relative sizes?,"The image shows two animals, one on the left and one on the right. The animal on the left appears to be larger than the animal on the right.","Based on the visual observation, the animal on the left is significantly larger than the animal on the right. This suggests that they are not drawn to scale with each other.",The objects are not in their correct relative sizes.,"[Observation]: The image shows two animals, one on the left and one on the right. The animal on the left appears to be larger than the animal on the right.

[Assessment]: Based on the visual observation, the animal on the left is significantly larger than the animal on the right. This suggests that they are not drawn to scale with each other.

[Conclusion]: The objects are not in their correct relative sizes."
pair_041.png,Are the objects in their correct relative sizes?,"The image shows a cheetah and a beluga whale. The cheetah is depicted much smaller than the beluga whale, which is consistent with their real-world size difference.","In reality, a cheetah is significantly smaller than a beluga whale. The cheetah's size in the image aligns closely with its actual size compared to the beluga whale.","Yes, the objects are in their correct relative sizes.","[Observation]: The image shows a cheetah and a beluga whale. The cheetah is depicted much smaller than the beluga whale, which is consistent with their real-world size difference.

[Assessment]: In reality, a cheetah is significantly smaller than a beluga whale. The cheetah's size in the image aligns closely with its actual size compared to the beluga whale.

[Conclusion]: Yes, the objects are in their correct relative sizes."
pair_250.png,Are the objects in their correct relative sizes?,The image shows a reindeer and a bear side by side for comparison.,"The bear appears to be significantly larger than the reindeer, which is consistent with real-world size differences between these animals.","Yes, the objects are in their correct relative sizes.","[Observation]: The image shows a reindeer and a bear side by side for comparison.
[Assessment]: The bear appears to be significantly larger than the reindeer, which is consistent with real-world size differences between these animals.
[Conclusion]: Yes, the objects are in their correct relative sizes."
pair_252.png,Are the objects in their correct relative sizes?,"The image shows a large reindeer and a small hedgehog. The reindeer is significantly larger than the hedgehog, which is consistent with real-world proportions.","The relative sizes of the reindeer and the hedgehog appear to be accurately depicted. The reindeer's size is much greater than that of the hedgehog, which is typical for these animals in nature.",The objects are in their correct relative sizes.,"[Observation]: The image shows a large reindeer and a small hedgehog. The reindeer is significantly larger than the hedgehog, which is consistent with real-world proportions.

[Assessment]: The relative sizes of the reindeer and the hedgehog appear to be accurately depicted. The reindeer's size is much greater than that of the hedgehog, which is typical for these animals in nature.

[Conclusion]: The objects are in their correct relative sizes."
pair_171.png,Are the objects in their correct relative sizes?,The red panda on the left appears significantly larger than the platypus on the right.,"In reality, a red panda is much larger than a platypus. The image depicts the red panda as being disproportionately large compared to the platypus.","No, the objects are not in their correct relative sizes.","[Observation]: The red panda on the left appears significantly larger than the platypus on the right.

[Assessment]: In reality, a red panda is much larger than a platypus. The image depicts the red panda as being disproportionately large compared to the platypus.

[Conclusion]: No, the objects are not in their correct relative sizes."
pair_166.png,Are the objects in their correct relative sizes?,The image shows a narwhal and a red panda. The narwhal is significantly larger than the red panda.,"In reality, a narwhal is much larger than a red panda. The narwhal's size is typically around 4 to 6 meters long, while a red panda is only about 50 to 70 centimeters long. The image accurately reflects this difference in size.","Yes, the objects are in their correct relative sizes.","[Observation]: The image shows a narwhal and a red panda. The narwhal is significantly larger than the red panda.

[Assessment]: In reality, a narwhal is much larger than a red panda. The narwhal's size is typically around 4 to 6 meters long, while a red panda is only about 50 to 70 centimeters long. The image accurately reflects this difference in size.

[Conclusion]: Yes, the objects are in their correct relative sizes."
pair_259.png,Are the objects in their correct relative sizes?,"The narwhal is depicted much larger than the beaver, which is not typical of their real-world size comparison.","In reality, a narwhal is significantly larger than a beaver. The image shows the narwhal as being disproportionately large compared to the beaver.",The objects are not in their correct relative sizes.,"[Observation]: The narwhal is depicted much larger than the beaver, which is not typical of their real-world size comparison.

[Assessment]: In reality, a narwhal is significantly larger than a beaver. The image shows the narwhal as being disproportionately large compared to the beaver.

[Conclusion]: The objects are not in their correct relative sizes."
pair_294.png,Are the objects in their correct relative sizes?,"The kangaroo is depicted much larger than the hedgehog, which is not accurate to real-life proportions.","In reality, a kangaroo is significantly larger than a hedgehog. The image exaggerates the size difference between these two animals.",The objects are not in their correct relative sizes.,"[Observation]: The kangaroo is depicted much larger than the hedgehog, which is not accurate to real-life proportions.

[Assessment]: In reality, a kangaroo is significantly larger than a hedgehog. The image exaggerates the size difference between these two animals.

[Conclusion]: The objects are not in their correct relative sizes."
pair_012.png,Are the objects in their correct relative sizes?,"The elephant is significantly larger than the reindeer, which aligns with their real-world size differences.","The drawing accurately depicts the elephant as much larger than the reindeer, maintaining the proportional relationship between these two animals.","Yes, the objects are in their correct relative sizes.","[Observation]: The elephant is significantly larger than the reindeer, which aligns with their real-world size differences.

[Assessment]: The drawing accurately depicts the elephant as much larger than the reindeer, maintaining the proportional relationship between these two animals.

[Conclusion]: Yes, the objects are in their correct relative sizes."
pair_225.png,Are the objects in their correct relative sizes?,"The camel and the reindeer appear to be drawn at similar scales, with the camel being slightly larger than the reindeer.","Both animals are depicted with proportional features that align with their real-world sizes. The camel's hump and size of its body are consistent with a dromedary camel, while the reindeer's antlers and overall body size are typical of a reindeer.","Yes, the objects are in their correct relative sizes.","[Observation]: The camel and the reindeer appear to be drawn at similar scales, with the camel being slightly larger than the reindeer.

[Assessment]: Both animals are depicted with proportional features that align with their real-world sizes. The camel's hump and size of its body are consistent with a dromedary camel, while the reindeer's antlers and overall body size are typical of a reindeer.

[Conclusion]: Yes, the objects are in their correct relative sizes."
pair_136.png,Are the objects in their correct relative sizes?,"The image shows a large animal, likely a badger, and a much smaller animal, possibly a hedgehog, alongside it for size comparison.","The badger is depicted significantly larger than the hedgehog, which aligns with the actual size difference between these animals. Badgers are known to be much larger than hedgehogs.","Yes, the objects are in their correct relative sizes.","[Observation]: The image shows a large animal, likely a badger, and a much smaller animal, possibly a hedgehog, alongside it for size comparison.

[Assessment]: The badger is depicted significantly larger than the hedgehog, which aligns with the actual size difference between these animals. Badgers are known to be much larger than hedgehogs.

[Conclusion]: Yes, the objects are in their correct relative sizes."
pair_237.png,Are the objects in their correct relative sizes?,"The camel is depicted much larger than the hedgehog, which is placed to its right.","In reality, camels and hedgehogs have vastly different sizes. A camel can be several meters tall and weigh hundreds of kilograms, while a hedgehog is typically only a few centimeters long and weighs a fraction of a kilogram. The image shows these animals in a way that does not reflect their actual size differences.","No, the objects are not in their correct relative sizes.","[Observation]: The camel is depicted much larger than the hedgehog, which is placed to its right.

[Assessment]: In reality, camels and hedgehogs have vastly different sizes. A camel can be several meters tall and weigh hundreds of kilograms, while a hedgehog is typically only a few centimeters long and weighs a fraction of a kilogram. The image shows these animals in a way that does not reflect their actual size differences.

[Conclusion]: No, the objects are not in their correct relative sizes."
pair_212.png,Are the objects in their correct relative sizes?,The image shows a beluga whale and a snow leopard. The beluga whale is significantly larger than the snow leopard.,"In reality, a beluga whale can grow up to 18-20 feet long, while a snow leopard typically ranges from 3.5 to 6 feet in length. The image accurately depicts the size difference between these two animals.","Yes, the objects are in their correct relative sizes.","[Observation]: The image shows a beluga whale and a snow leopard. The beluga whale is significantly larger than the snow leopard.

[Assessment]: In reality, a beluga whale can grow up to 18-20 feet long, while a snow leopard typically ranges from 3.5 to 6 feet in length. The image accurately depicts the size difference between these two animals.

[Conclusion]: Yes, the objects are in their correct relative sizes."
pair_339.png,Are the objects in their correct relative sizes?,"The penguin is significantly larger than the hedgehog, which is consistent with real-world proportions.","In the image, the penguin is drawn to be much larger than the hedgehog, which is accurate as penguins are much bigger animals compared to hedgehogs.","Yes, the objects are in their correct relative sizes.","[Observation]: The penguin is significantly larger than the hedgehog, which is consistent with real-world proportions.

[Assessment]: In the image, the penguin is drawn to be much larger than the hedgehog, which is accurate as penguins are much bigger animals compared to hedgehogs.

[Conclusion]: Yes, the objects are in their correct relative sizes."
pair_256.png,Are the objects in their correct relative sizes?,"The narwhal and the walrus appear to be drawn at different scales, with the narwhal being significantly smaller than the walrus.","In reality, narwhals are much smaller than walruses. The narwhal is typically around 3-4 meters long, while the walrus can grow up to 4.5 meters long. The drawing maintains these proportions, but the narwhal appears disproportionately small compared to the walrus.","Yes, the objects are depicted in their correct relative sizes according to their real-world dimensions.","[Observation]: The narwhal and the walrus appear to be drawn at different scales, with the narwhal being significantly smaller than the walrus.

[Assessment]: In reality, narwhals are much smaller than walruses. The narwhal is typically around 3-4 meters long, while the walrus can grow up to 4.5 meters long. The drawing maintains these proportions, but the narwhal appears disproportionately small compared to the walrus.

[Conclusion]: Yes, the objects are depicted in their correct relative sizes according to their real-world dimensions."
pair_181.png,Are the objects in their correct relative sizes?,"The panda appears significantly larger than the snow leopard, which is not typical of their real-world size comparison.","In reality, pandas and snow leopards have vastly different sizes. Pandas are much larger animals compared to snow leopards. The image depicts them in a way that exaggerates the size difference between them.","No, the objects are not in their correct relative sizes.","[Observation]: The panda appears significantly larger than the snow leopard, which is not typical of their real-world size comparison.

[Assessment]: In reality, pandas and snow leopards have vastly different sizes. Pandas are much larger animals compared to snow leopards. The image depicts them in a way that exaggerates the size difference between them.

[Conclusion]: No, the objects are not in their correct relative sizes."
pair_161.png,Are the objects in their correct relative sizes?,"The red panda appears significantly smaller than the panda, which is consistent with their real-world size difference.","In the image, the red panda is depicted as much smaller compared to the panda, which aligns with the known size disparity between these two animals. The red panda's proportions and size relative to the panda are accurately represented.",The objects are in their correct relative sizes.,"[Observation]: The red panda appears significantly smaller than the panda, which is consistent with their real-world size difference.

[Assessment]: In the image, the red panda is depicted as much smaller compared to the panda, which aligns with the known size disparity between these two animals. The red panda's proportions and size relative to the panda are accurately represented.

[Conclusion]: The objects are in their correct relative sizes."
pair_053.png,Are the objects in their correct relative sizes?,The image shows a cheetah and a rooster standing next to each other. The cheetah is significantly larger than the rooster.,"In reality, a cheetah is much larger than a rooster. The size difference between these two animals is substantial, with the cheetah being several times taller and longer than the rooster.","No, the objects are not in their correct relative sizes. The cheetah appears to be disproportionately large compared to the rooster.","[Observation]: The image shows a cheetah and a rooster standing next to each other. The cheetah is significantly larger than the rooster.

[Assessment]: In reality, a cheetah is much larger than a rooster. The size difference between these two animals is substantial, with the cheetah being several times taller and longer than the rooster.

[Conclusion]: No, the objects are not in their correct relative sizes. The cheetah appears to be disproportionately large compared to the rooster."
pair_159.png,Are the objects in their correct relative sizes?,"The image shows an octopus with a small animal, possibly a lemur, in the bottom left corner for scale.","The octopus appears to be significantly larger than the lemur. The lemur is positioned at the bottom of the image, and its size relative to the octopus suggests that the octopus is much larger.","Yes, the objects are in their correct relative sizes; the octopus is much larger than the lemur.","[Observation]: The image shows an octopus with a small animal, possibly a lemur, in the bottom left corner for scale.

[Assessment]: The octopus appears to be significantly larger than the lemur. The lemur is positioned at the bottom of the image, and its size relative to the octopus suggests that the octopus is much larger.

[Conclusion]: Yes, the objects are in their correct relative sizes; the octopus is much larger than the lemur."
pair_217.png,Are the objects in their correct relative sizes?,"The image shows a snow leopard and a sloth. The snow leopard is depicted as a large, powerful predator, while the sloth is shown as a small, slow-moving animal hanging from a branch.","In reality, a snow leopard is significantly larger than a sloth. Snow leopards can weigh between 50 to 120 kg (110 to 265 lb) and stand about 1 meter tall at the shoulder, whereas sloths typically weigh between 3 to 14 kg (7 to 30 lb) and are much smaller in stature.","The objects are not in their correct relative sizes. The snow leopard appears disproportionately large compared to the sloth, which is an unrealistic representation of their actual size difference.","[Observation]: The image shows a snow leopard and a sloth. The snow leopard is depicted as a large, powerful predator, while the sloth is shown as a small, slow-moving animal hanging from a branch.

[Assessment]: In reality, a snow leopard is significantly larger than a sloth. Snow leopards can weigh between 50 to 120 kg (110 to 265 lb) and stand about 1 meter tall at the shoulder, whereas sloths typically weigh between 3 to 14 kg (7 to 30 lb) and are much smaller in stature.

[Conclusion]: The objects are not in their correct relative sizes. The snow leopard appears disproportionately large compared to the sloth, which is an unrealistic representation of their actual size difference."
pair_134.png,Are the objects in their correct relative sizes?,"The image shows a bear and a honey badger, with the bear being significantly larger than the honey badger.","In reality, a honey badger is much smaller than a bear. The size difference between these animals is substantial, which is reflected in the image.","Yes, the objects are in their correct relative sizes.","[Observation]: The image shows a bear and a honey badger, with the bear being significantly larger than the honey badger.
[Assessment]: In reality, a honey badger is much smaller than a bear. The size difference between these animals is substantial, which is reflected in the image.
[Conclusion]: Yes, the objects are in their correct relative sizes."
pair_258.png,Are the objects in their correct relative sizes?,"The narwhal is depicted much larger than the koala, which is not accurate to real-life proportions.","In reality, a narwhal is significantly larger than a koala. The narwhal can grow up to 6 meters long, while a koala typically ranges from 0.4 to 1 meter in length.",The objects are not in their correct relative sizes.,"[Observation]: The narwhal is depicted much larger than the koala, which is not accurate to real-life proportions.

[Assessment]: In reality, a narwhal is significantly larger than a koala. The narwhal can grow up to 6 meters long, while a koala typically ranges from 0.4 to 1 meter in length.

[Conclusion]: The objects are not in their correct relative sizes."
pair_039.png,Are the objects in their correct relative sizes?,"The image shows a cheetah and a narwhal side by side for comparison.
- The cheetah is depicted as much smaller than the narwhal.
- The narwhal's size is exaggerated compared to the cheetah.","In reality, a cheetah is significantly larger than a narwhal. Cheetahs can grow up to 5 feet tall at the shoulder and weigh around 120 pounds, while narwhals typically measure about 13 feet long and weigh around 4,000 pounds.","No, the objects are not in their correct relative sizes. The narwhal appears much larger than it should be compared to the cheetah.","[Observation]: The image shows a cheetah and a narwhal side by side for comparison.
- The cheetah is depicted as much smaller than the narwhal.
- The narwhal's size is exaggerated compared to the cheetah.

[Assessment]: In reality, a cheetah is significantly larger than a narwhal. Cheetahs can grow up to 5 feet tall at the shoulder and weigh around 120 pounds, while narwhals typically measure about 13 feet long and weigh around 4,000 pounds.

[Conclusion]: No, the objects are not in their correct relative sizes. The narwhal appears much larger than it should be compared to the cheetah."
pair_157.png,Are the objects in their correct relative sizes?,"The lemur appears significantly larger than the hedgehog, which is consistent with their real-world size differences.","In the image, the lemur's body and tail are much larger compared to the hedgehog. This suggests that the lemur is depicted at a larger scale than the hedgehog.","Yes, the objects are in their correct relative sizes as they reflect the typical size difference between a lemur and a hedgehog.","[Observation]: The lemur appears significantly larger than the hedgehog, which is consistent with their real-world size differences.

[Assessment]: In the image, the lemur's body and tail are much larger compared to the hedgehog. This suggests that the lemur is depicted at a larger scale than the hedgehog.

[Conclusion]: Yes, the objects are in their correct relative sizes as they reflect the typical size difference between a lemur and a hedgehog."
pair_030.png,Are the objects in their correct relative sizes?,The image shows a cheetah and a hippopotamus side by side for comparison. The cheetah is significantly smaller than the hippopotamus.,"In reality, a cheetah is much smaller than a hippopotamus. The size difference between these two animals is substantial, with the hippopotamus being several times larger than the cheetah.","Yes, the objects are in their correct relative sizes as depicted in the image.","[Observation]: The image shows a cheetah and a hippopotamus side by side for comparison. The cheetah is significantly smaller than the hippopotamus.

[Assessment]: In reality, a cheetah is much smaller than a hippopotamus. The size difference between these two animals is substantial, with the hippopotamus being several times larger than the cheetah.

[Conclusion]: Yes, the objects are in their correct relative sizes as depicted in the image."
pair_060.png,Are the objects in their correct relative sizes?,The image shows a meerkat and a snow leopard side by side for comparison. The meerkat is significantly smaller than the snow leopard.,"In reality, a meerkat is much smaller than a snow leopard. The meerkat's size is accurately depicted as being much smaller than the snow leopard, which is correctly sized to represent its actual proportions.","Yes, the objects are in their correct relative sizes.","[Observation]: The image shows a meerkat and a snow leopard side by side for comparison. The meerkat is significantly smaller than the snow leopard.

[Assessment]: In reality, a meerkat is much smaller than a snow leopard. The meerkat's size is accurately depicted as being much smaller than the snow leopard, which is correctly sized to represent its actual proportions.

[Conclusion]: Yes, the objects are in their correct relative sizes."
pair_153.png,Are the objects in their correct relative sizes?,"The lemur and the sloth appear to be drawn at different scales, with the sloth being significantly larger than the lemur.","In reality, lemurs and sloths do not have a proportional size difference as depicted here. Lemurs are much smaller animals compared to sloths, which are known for their large bodies and long limbs.","No, the objects are not in their correct relative sizes.","[Observation]: The lemur and the sloth appear to be drawn at different scales, with the sloth being significantly larger than the lemur.

[Assessment]: In reality, lemurs and sloths do not have a proportional size difference as depicted here. Lemurs are much smaller animals compared to sloths, which are known for their large bodies and long limbs.

[Conclusion]: No, the objects are not in their correct relative sizes."
pair_341.png,Are the objects in their correct relative sizes?,The image shows a large shark and a small hedgehog. The shark is significantly larger than the hedgehog.,"In reality, sharks are much larger animals compared to hedgehogs. The size difference between a typical shark and a hedgehog is substantial, with sharks being several orders of magnitude larger.","No, the objects are not in their correct relative sizes. The hedgehog appears disproportionately large compared to the shark, which is not accurate to real-life proportions.","[Observation]: The image shows a large shark and a small hedgehog. The shark is significantly larger than the hedgehog.

[Assessment]: In reality, sharks are much larger animals compared to hedgehogs. The size difference between a typical shark and a hedgehog is substantial, with sharks being several orders of magnitude larger.

[Conclusion]: No, the objects are not in their correct relative sizes. The hedgehog appears disproportionately large compared to the shark, which is not accurate to real-life proportions."
pair_154.png,Are the objects in their correct relative sizes?,"The lemur and the toucan appear to be drawn at similar scales, with the lemur being slightly larger than the toucan.","In real life, lemurs are significantly larger than toucans. The image seems to maintain a proportional representation of these animals, but it does not reflect their actual size difference.",The objects are not in their correct relative sizes; the lemur is depicted as larger than it should be compared to the toucan.,"[Observation]: The lemur and the toucan appear to be drawn at similar scales, with the lemur being slightly larger than the toucan.

[Assessment]: In real life, lemurs are significantly larger than toucans. The image seems to maintain a proportional representation of these animals, but it does not reflect their actual size difference.

[Conclusion]: The objects are not in their correct relative sizes; the lemur is depicted as larger than it should be compared to the toucan."
pair_313.png,Are the objects in their correct relative sizes?,The image shows a large squid with a small mouse next to it for scale.,"The mouse appears significantly smaller than the squid, which is consistent with the expected size difference between a mouse and a squid. The mouse's size is used as a reference to emphasize the large size of the squid.","Yes, the objects are in their correct relative sizes.","[Observation]: The image shows a large squid with a small mouse next to it for scale.

[Assessment]: The mouse appears significantly smaller than the squid, which is consistent with the expected size difference between a mouse and a squid. The mouse's size is used as a reference to emphasize the large size of the squid.

[Conclusion]: Yes, the objects are in their correct relative sizes."
pair_180.png,Are the objects in their correct relative sizes?,"The red panda and the rooster appear to be drawn at similar scales, with the rooster being slightly larger but not significantly so.","In real life, a red panda is much smaller than a rooster. The image seems to have exaggerated the size of the rooster compared to the red panda for artistic or illustrative purposes.","No, the objects are not in their correct relative sizes. The rooster appears disproportionately large compared to the red panda.","[Observation]: The red panda and the rooster appear to be drawn at similar scales, with the rooster being slightly larger but not significantly so.

[Assessment]: In real life, a red panda is much smaller than a rooster. The image seems to have exaggerated the size of the rooster compared to the red panda for artistic or illustrative purposes.

[Conclusion]: No, the objects are not in their correct relative sizes. The rooster appears disproportionately large compared to the red panda."
pair_184.png,Are the objects in their correct relative sizes?,"The panda appears significantly smaller than the kangaroo, which is not typical of their real-world size comparison.","In reality, pandas and kangaroos have vastly different sizes. Pandas are much smaller animals compared to kangaroos, especially adult kangaroos like the one depicted here.","No, the objects are not in their correct relative sizes. The panda is drawn much larger than it should be compared to the kangaroo.","[Observation]: The panda appears significantly smaller than the kangaroo, which is not typical of their real-world size comparison.

[Assessment]: In reality, pandas and kangaroos have vastly different sizes. Pandas are much smaller animals compared to kangaroos, especially adult kangaroos like the one depicted here.

[Conclusion]: No, the objects are not in their correct relative sizes. The panda is drawn much larger than it should be compared to the kangaroo."
pair_332.png,Are the objects in their correct relative sizes?,The image shows an octopus with a small bird logo at the bottom left corner.,"The octopus appears to be significantly larger than the bird logo, which is a common practice in design to emphasize the main subject.","Yes, the objects are in their correct relative sizes, with the octopus being much larger than the bird logo.","[Observation]: The image shows an octopus with a small bird logo at the bottom left corner.
[Assessment]: The octopus appears to be significantly larger than the bird logo, which is a common practice in design to emphasize the main subject.
[Conclusion]: Yes, the objects are in their correct relative sizes, with the octopus being much larger than the bird logo."
pair_047.png,Are the objects in their correct relative sizes?,"The cheetah is depicted much larger than the toucan, which is a natural size comparison between these two animals.","In reality, a cheetah is significantly larger than a toucan. The image accurately reflects this difference in size.","Yes, the objects are in their correct relative sizes.","[Observation]: The cheetah is depicted much larger than the toucan, which is a natural size comparison between these two animals.

[Assessment]: In reality, a cheetah is significantly larger than a toucan. The image accurately reflects this difference in size.

[Conclusion]: Yes, the objects are in their correct relative sizes."
pair_221.png,Are the objects in their correct relative sizes?,"The image shows a snow leopard and a hedgehog. The snow leopard is significantly larger than the hedgehog, which is depicted to the right of the snow leopard.","The relative size of the hedgehog compared to the snow leopard appears to be exaggerated. In reality, a snow leopard is much larger than a hedgehog, but this image seems to have a scale distortion where the snow leopard is disproportionately small next to the hedgehog.","No, the objects are not in their correct relative sizes. The hedgehog appears too large compared to the snow leopard, indicating a scale issue in the image.","[Observation]: The image shows a snow leopard and a hedgehog. The snow leopard is significantly larger than the hedgehog, which is depicted to the right of the snow leopard.

[Assessment]: The relative size of the hedgehog compared to the snow leopard appears to be exaggerated. In reality, a snow leopard is much larger than a hedgehog, but this image seems to have a scale distortion where the snow leopard is disproportionately small next to the hedgehog.

[Conclusion]: No, the objects are not in their correct relative sizes. The hedgehog appears too large compared to the snow leopard, indicating a scale issue in the image."
pair_037.png,Are the objects in their correct relative sizes?,"The image shows a camel and a cheetah, with the camel appearing significantly larger than the cheetah.","In reality, a camel is much larger than a cheetah. The size difference between these two animals is substantial, with the camel being several times taller and longer than the cheetah.","No, the objects are not in their correct relative sizes. The camel appears to be disproportionately large compared to the cheetah.","[Observation]: The image shows a camel and a cheetah, with the camel appearing significantly larger than the cheetah.

[Assessment]: In reality, a camel is much larger than a cheetah. The size difference between these two animals is substantial, with the camel being several times taller and longer than the cheetah.

[Conclusion]: No, the objects are not in their correct relative sizes. The camel appears to be disproportionately large compared to the cheetah."
pair_267.png,Are the objects in their correct relative sizes?,"The narwhal is depicted much larger than the rooster, which is not typical of their real-world size difference.","In reality, narwhals are significantly larger animals compared to roosters. The image exaggerates the size disparity between these two animals.","No, the objects are not in their correct relative sizes.","[Observation]: The narwhal is depicted much larger than the rooster, which is not typical of their real-world size difference.

[Assessment]: In reality, narwhals are significantly larger animals compared to roosters. The image exaggerates the size disparity between these two animals.

[Conclusion]: No, the objects are not in their correct relative sizes."
pair_049.png,Are the objects in their correct relative sizes?,"The cheetah and the penguin are depicted side by side, with the cheetah on the left and the penguin on the right.","In reality, a cheetah is significantly larger than a penguin. The cheetah's size dwarfs the penguin, which is not accurate to their real-world proportions.","No, the objects are not in their correct relative sizes.","[Observation]: The cheetah and the penguin are depicted side by side, with the cheetah on the left and the penguin on the right.

[Assessment]: In reality, a cheetah is significantly larger than a penguin. The cheetah's size dwarfs the penguin, which is not accurate to their real-world proportions.

[Conclusion]: No, the objects are not in their correct relative sizes."
pair_088.png,Are the objects in their correct relative sizes?,"The giraffe is depicted with a bird next to it, and the bird appears significantly smaller than the giraffe.","In reality, giraffes are much larger animals compared to birds. The size difference between a giraffe and a bird is typically not as pronounced as shown in this image.",The objects are not in their correct relative sizes; the bird is disproportionately small compared to the giraffe.,"[Observation]: The giraffe is depicted with a bird next to it, and the bird appears significantly smaller than the giraffe.
[Assessment]: In reality, giraffes are much larger animals compared to birds. The size difference between a giraffe and a bird is typically not as pronounced as shown in this image.
[Conclusion]: The objects are not in their correct relative sizes; the bird is disproportionately small compared to the giraffe."
pair_016.png,Are the objects in their correct relative sizes?,"The image shows an elephant and a kangaroo, with the elephant being significantly larger than the kangaroo.","In reality, elephants are much larger animals compared to kangaroos. The size difference between these two animals is substantial, which is accurately depicted in the image.","Yes, the objects are in their correct relative sizes.","[Observation]: The image shows an elephant and a kangaroo, with the elephant being significantly larger than the kangaroo.

[Assessment]: In reality, elephants are much larger animals compared to kangaroos. The size difference between these two animals is substantial, which is accurately depicted in the image.

[Conclusion]: Yes, the objects are in their correct relative sizes."
pair_216.png,Are the objects in their correct relative sizes?,The image shows a snow leopard and an axolotl. The snow leopard is significantly larger than the axolotl.,"In reality, a snow leopard is much larger than an axolotl. The size difference between these two animals is substantial, with the snow leopard being several times bigger.","No, the objects are not in their correct relative sizes. The axolotl appears to be disproportionately small compared to the snow leopard.","[Observation]: The image shows a snow leopard and an axolotl. The snow leopard is significantly larger than the axolotl.

[Assessment]: In reality, a snow leopard is much larger than an axolotl. The size difference between these two animals is substantial, with the snow leopard being several times bigger.

[Conclusion]: No, the objects are not in their correct relative sizes. The axolotl appears to be disproportionately small compared to the snow leopard."
pair_272.png,Are the objects in their correct relative sizes?,"The image shows a walrus and a sloth. The walrus is significantly larger than the sloth, which is hanging from a branch.","In reality, a walrus is much larger than a sloth. The size difference between these two animals is substantial, with the walrus being several times bigger in length and girth compared to the sloth.","The objects are not in their correct relative sizes. The walrus appears disproportionately large compared to the sloth, which is not accurate to the real-world size difference between these animals.","[Observation]: The image shows a walrus and a sloth. The walrus is significantly larger than the sloth, which is hanging from a branch.

[Assessment]: In reality, a walrus is much larger than a sloth. The size difference between these two animals is substantial, with the walrus being several times bigger in length and girth compared to the sloth.

[Conclusion]: The objects are not in their correct relative sizes. The walrus appears disproportionately large compared to the sloth, which is not accurate to the real-world size difference between these animals."
pair_107.png,Are the objects in their correct relative sizes?,"The image shows a hippopotamus and a koala, with the hippopotamus being significantly larger than the koala.","In reality, a hippopotamus is much larger than a koala. The size difference between these animals is substantial, with the hippopotamus being several times bigger in terms of height and overall body length.","No, the objects are not in their correct relative sizes. The koala appears to be disproportionately small compared to the hippopotamus, which does not reflect their actual size difference in nature.","[Observation]: The image shows a hippopotamus and a koala, with the hippopotamus being significantly larger than the koala.

[Assessment]: In reality, a hippopotamus is much larger than a koala. The size difference between these animals is substantial, with the hippopotamus being several times bigger in terms of height and overall body length.

[Conclusion]: No, the objects are not in their correct relative sizes. The koala appears to be disproportionately small compared to the hippopotamus, which does not reflect their actual size difference in nature."
pair_286.png,Are the objects in their correct relative sizes?,"The image shows a beluga whale on the left and a great white shark on the right. Both animals are depicted with a simplified, cartoon-like style.","In reality, a beluga whale is significantly larger than a great white shark. The beluga whale can grow up to 18-20 feet (5.5-6 meters) in length, while a great white shark typically grows to about 16-20 feet (4.9-6 meters).",The objects are not in their correct relative sizes. The beluga whale appears much smaller than it should be compared to the great white shark.,"[Observation]: The image shows a beluga whale on the left and a great white shark on the right. Both animals are depicted with a simplified, cartoon-like style.

[Assessment]: In reality, a beluga whale is significantly larger than a great white shark. The beluga whale can grow up to 18-20 feet (5.5-6 meters) in length, while a great white shark typically grows to about 16-20 feet (4.9-6 meters).

[Conclusion]: The objects are not in their correct relative sizes. The beluga whale appears much smaller than it should be compared to the great white shark."
pair_093.png,Are the objects in their correct relative sizes?,"The image shows a giraffe and a squid side by side for comparison. The giraffe is depicted with its typical long neck and legs, while the squid has a large, elongated body with tentacles extending from it.","In reality, a giraffe is significantly taller than a squid. The giraffe's height can be around 15 feet or more, whereas a squid like the giant squid can reach lengths of up to 40 feet or more, but its body is much thicker and shorter compared to the giraffe's height.","The objects are not in their correct relative sizes. The giraffe appears disproportionately small compared to the squid, which is not accurate given the actual size difference between these animals.","[Observation]: The image shows a giraffe and a squid side by side for comparison. The giraffe is depicted with its typical long neck and legs, while the squid has a large, elongated body with tentacles extending from it.

[Assessment]: In reality, a giraffe is significantly taller than a squid. The giraffe's height can be around 15 feet or more, whereas a squid like the giant squid can reach lengths of up to 40 feet or more, but its body is much thicker and shorter compared to the giraffe's height.

[Conclusion]: The objects are not in their correct relative sizes. The giraffe appears disproportionately small compared to the squid, which is not accurate given the actual size difference between these animals."
pair_244.png,Are the objects in their correct relative sizes?,"The image shows two animals, one resembling a reindeer and the other a kangaroo, standing side by side for comparison.",The reindeer appears to be significantly larger than the kangaroo. The size difference is noticeable in terms of height and overall body structure.,"No, the objects are not in their correct relative sizes. The reindeer is much larger than the kangaroo.","[Observation]: The image shows two animals, one resembling a reindeer and the other a kangaroo, standing side by side for comparison.

[Assessment]: The reindeer appears to be significantly larger than the kangaroo. The size difference is noticeable in terms of height and overall body structure.

[Conclusion]: No, the objects are not in their correct relative sizes. The reindeer is much larger than the kangaroo."
pair_337.png,Are the objects in their correct relative sizes?,"The image shows a large squid next to a bear, which is significantly smaller than the squid.","In reality, squids are much larger than bears. Squids can grow to be several meters long, while even the largest bears do not exceed 3 meters in length.","No, the objects are not in their correct relative sizes.","[Observation]: The image shows a large squid next to a bear, which is significantly smaller than the squid.
[Assessment]: In reality, squids are much larger than bears. Squids can grow to be several meters long, while even the largest bears do not exceed 3 meters in length.
[Conclusion]: No, the objects are not in their correct relative sizes."
pair_127.png,Are the objects in their correct relative sizes?,The image shows a beluga whale and a honey badger. The beluga whale is significantly larger than the honey badger.,"In reality, a beluga whale can grow up to 18-20 feet long, while a honey badger typically ranges from 1.5 to 3 feet in length. The image accurately depicts this size difference.","Yes, the objects are in their correct relative sizes.","[Observation]: The image shows a beluga whale and a honey badger. The beluga whale is significantly larger than the honey badger.

[Assessment]: In reality, a beluga whale can grow up to 18-20 feet long, while a honey badger typically ranges from 1.5 to 3 feet in length. The image accurately depicts this size difference.

[Conclusion]: Yes, the objects are in their correct relative sizes."
pair_187.png,Are the objects in their correct relative sizes?,"The panda is significantly larger than the bird, which is consistent with real-world proportions.","In the image, the panda is depicted as much larger than the bird, which aligns with the typical size difference between these animals in reality. The bird appears to be a toucan, and it is correctly sized relative to the panda.",The objects are in their correct relative sizes.,"[Observation]: The panda is significantly larger than the bird, which is consistent with real-world proportions.

[Assessment]: In the image, the panda is depicted as much larger than the bird, which aligns with the typical size difference between these animals in reality. The bird appears to be a toucan, and it is correctly sized relative to the panda.

[Conclusion]: The objects are in their correct relative sizes."
pair_231.png,Are the objects in their correct relative sizes?,"The camel is depicted much larger than the platypus, which is a common size comparison between these two animals.","In reality, a camel is significantly larger than a platypus. The image accurately reflects this difference in size.","Yes, the objects are in their correct relative sizes.","[Observation]: The camel is depicted much larger than the platypus, which is a common size comparison between these two animals.

[Assessment]: In reality, a camel is significantly larger than a platypus. The image accurately reflects this difference in size.

[Conclusion]: Yes, the objects are in their correct relative sizes."
pair_255.png,Are the objects in their correct relative sizes?,The image shows a reindeer and a rooster standing next to each other. The reindeer is significantly larger than the rooster.,"In reality, reindeer are much larger animals compared to chickens. The size difference between a reindeer and a rooster is substantial, with the reindeer being several times taller and heavier.","No, the objects are not in their correct relative sizes. The rooster appears disproportionately small compared to the reindeer.","[Observation]: The image shows a reindeer and a rooster standing next to each other. The reindeer is significantly larger than the rooster.

[Assessment]: In reality, reindeer are much larger animals compared to chickens. The size difference between a reindeer and a rooster is substantial, with the reindeer being several times taller and heavier.

[Conclusion]: No, the objects are not in their correct relative sizes. The rooster appears disproportionately small compared to the reindeer."
pair_174.png,Are the objects in their correct relative sizes?,"The red panda appears to be significantly larger than the toucan, which is a common observation when comparing these two animals.","In reality, red pandas are much larger than toucans. The red panda in the image is depicted as being about twice the size of the toucan, which aligns with the typical size difference between these animals.","Yes, the objects are in their correct relative sizes.","[Observation]: The red panda appears to be significantly larger than the toucan, which is a common observation when comparing these two animals.

[Assessment]: In reality, red pandas are much larger than toucans. The red panda in the image is depicted as being about twice the size of the toucan, which aligns with the typical size difference between these animals.

[Conclusion]: Yes, the objects are in their correct relative sizes."
pair_241.png,Are the objects in their correct relative sizes?,The image shows a reindeer and a narwhal side by side. The narwhal appears to be significantly larger than the reindeer.,"In reality, a narwhal is much smaller than a reindeer. Narwhals typically measure around 3.5 to 4 meters in length, while reindeer can grow up to 1.8 meters tall at the shoulder. The image does not reflect these natural size differences accurately.","No, the objects are not in their correct relative sizes.","[Observation]: The image shows a reindeer and a narwhal side by side. The narwhal appears to be significantly larger than the reindeer.

[Assessment]: In reality, a narwhal is much smaller than a reindeer. Narwhals typically measure around 3.5 to 4 meters in length, while reindeer can grow up to 1.8 meters tall at the shoulder. The image does not reflect these natural size differences accurately.

[Conclusion]: No, the objects are not in their correct relative sizes."
pair_342.png,Are the objects in their correct relative sizes?,The image shows a large squid with a small hedgehog in the bottom left corner for scale.,"The hedgehog appears to be significantly smaller than the squid, which is consistent with the expected size difference between a hedgehog and a squid. The hedgehog's size is used as a reference point to gauge the relative size of the squid.","Yes, the objects are in their correct relative sizes. The hedgehog serves as a good scale reference, indicating that the squid is much larger than the hedgehog.","[Observation]: The image shows a large squid with a small hedgehog in the bottom left corner for scale.

[Assessment]: The hedgehog appears to be significantly smaller than the squid, which is consistent with the expected size difference between a hedgehog and a squid. The hedgehog's size is used as a reference point to gauge the relative size of the squid.

[Conclusion]: Yes, the objects are in their correct relative sizes. The hedgehog serves as a good scale reference, indicating that the squid is much larger than the hedgehog."
pair_120.png,Are the objects in their correct relative sizes?,"The image shows two animals, one that resembles a badger and another that resembles a panda. The badger is depicted on the left side of the image, while the panda is on the right.","In reality, pandas are significantly larger than badgers. The badger appears to be about the size of a medium-sized dog, whereas pandas are much larger, often weighing between 120 to 300 pounds and measuring up to 7 feet long from head to tail.",The objects in the image do not reflect their correct relative sizes. The panda is disproportionately small compared to what it should be in relation to the badger.,"[Observation]: The image shows two animals, one that resembles a badger and another that resembles a panda. The badger is depicted on the left side of the image, while the panda is on the right.

[Assessment]: In reality, pandas are significantly larger than badgers. The badger appears to be about the size of a medium-sized dog, whereas pandas are much larger, often weighing between 120 to 300 pounds and measuring up to 7 feet long from head to tail.

[Conclusion]: The objects in the image do not reflect their correct relative sizes. The panda is disproportionately small compared to what it should be in relation to the badger."
pair_308.png,Are the objects in their correct relative sizes?,"The platypus and the toucan appear to be drawn at similar scales, with the platypus being slightly larger than the toucan.","In reality, a platypus is significantly larger than a toucan. The image does not reflect this natural size difference accurately.",The objects are not in their correct relative sizes.,"[Observation]: The platypus and the toucan appear to be drawn at similar scales, with the platypus being slightly larger than the toucan.

[Assessment]: In reality, a platypus is significantly larger than a toucan. The image does not reflect this natural size difference accurately.

[Conclusion]: The objects are not in their correct relative sizes."
pair_152.png,Are the objects in their correct relative sizes?,"The lemur appears significantly larger than the axolotl, which is consistent with their real-world size differences.","In reality, lemurs are much larger animals compared to axolotls. The image accurately reflects this size difference.","Yes, the objects are in their correct relative sizes.","[Observation]: The lemur appears significantly larger than the axolotl, which is consistent with their real-world size differences.

[Assessment]: In reality, lemurs are much larger animals compared to axolotls. The image accurately reflects this size difference.

[Conclusion]: Yes, the objects are in their correct relative sizes."
pair_310.png,Are the objects in their correct relative sizes?,"The penguin appears significantly larger than the platypus, which is consistent with real-world size differences between these animals.","In reality, a platypus is much smaller than a penguin. The image accurately reflects this size difference, as the penguin is depicted as being much taller and longer than the platypus.","Yes, the objects are in their correct relative sizes.","[Observation]: The penguin appears significantly larger than the platypus, which is consistent with real-world size differences between these animals.

[Assessment]: In reality, a platypus is much smaller than a penguin. The image accurately reflects this size difference, as the penguin is depicted as being much taller and longer than the platypus.

[Conclusion]: Yes, the objects are in their correct relative sizes."
pair_075.png,Are the objects in their correct relative sizes?,"The giraffe is significantly larger than the panda, which is consistent with their real-world size differences.","In the image, the giraffe is depicted much taller and larger compared to the panda, which accurately reflects the typical size difference between these two animals.","Yes, the objects are in their correct relative sizes.","[Observation]: The giraffe is significantly larger than the panda, which is consistent with their real-world size differences.

[Assessment]: In the image, the giraffe is depicted much taller and larger compared to the panda, which accurately reflects the typical size difference between these two animals.

[Conclusion]: Yes, the objects are in their correct relative sizes."
pair_070.png,Are the objects in their correct relative sizes?,"The meerkat and the rooster appear to be drawn at similar scales, with the rooster being slightly larger than the meerkat.","In real life, meerkats are much smaller than roosters. The image seems to have exaggerated the size of the rooster compared to the meerkat for artistic or illustrative purposes.","No, the objects are not in their correct relative sizes. The rooster is depicted as significantly larger than it would be in reality compared to the meerkat.","[Observation]: The meerkat and the rooster appear to be drawn at similar scales, with the rooster being slightly larger than the meerkat.

[Assessment]: In real life, meerkats are much smaller than roosters. The image seems to have exaggerated the size of the rooster compared to the meerkat for artistic or illustrative purposes.

[Conclusion]: No, the objects are not in their correct relative sizes. The rooster is depicted as significantly larger than it would be in reality compared to the meerkat."
pair_141.png,Are the objects in their correct relative sizes?,"The panda appears significantly larger than the lemur, which is consistent with real-world size differences between these animals.","In reality, pandas are much larger than lemurs. The image accurately reflects this size difference, as pandas are known to be one of the largest bears and lemurs are small primates.","Yes, the objects are in their correct relative sizes.","[Observation]: The panda appears significantly larger than the lemur, which is consistent with real-world size differences between these animals.

[Assessment]: In reality, pandas are much larger than lemurs. The image accurately reflects this size difference, as pandas are known to be one of the largest bears and lemurs are small primates.

[Conclusion]: Yes, the objects are in their correct relative sizes."
pair_033.png,Are the objects in their correct relative sizes?,"The image shows a cheetah and a red panda. The cheetah is significantly larger than the red panda, which is consistent with their real-world size differences.","The cheetah's size is accurately depicted as much larger than the red panda. The proportions of both animals are maintained, indicating that the relative sizes are correctly represented.",The objects are in their correct relative sizes.,"[Observation]: The image shows a cheetah and a red panda. The cheetah is significantly larger than the red panda, which is consistent with their real-world size differences.

[Assessment]: The cheetah's size is accurately depicted as much larger than the red panda. The proportions of both animals are maintained, indicating that the relative sizes are correctly represented.

[Conclusion]: The objects are in their correct relative sizes."
pair_151.png,Are the objects in their correct relative sizes?,"The image shows two animals, one resembling a lemur and the other resembling a platypus. The lemur is depicted with a long tail and a lighter fur color, while the platypus has a darker, more uniform fur color and a distinctive beak.","Based on real-world knowledge, lemurs and platypuses are not typically found together in the same environment. However, for the purpose of this question, we should consider the relative sizes of these animals as they appear in the image. The lemur appears larger than the platypus, which is consistent with their actual sizes in nature.","Yes, the objects are in their correct relative sizes. The lemur is depicted as larger than the platypus, which aligns with their real-world size differences.","[Observation]: The image shows two animals, one resembling a lemur and the other resembling a platypus. The lemur is depicted with a long tail and a lighter fur color, while the platypus has a darker, more uniform fur color and a distinctive beak.

[Assessment]: Based on real-world knowledge, lemurs and platypuses are not typically found together in the same environment. However, for the purpose of this question, we should consider the relative sizes of these animals as they appear in the image. The lemur appears larger than the platypus, which is consistent with their actual sizes in nature.

[Conclusion]: Yes, the objects are in their correct relative sizes. The lemur is depicted as larger than the platypus, which aligns with their real-world size differences."
pair_021.png,Are the objects in their correct relative sizes?,"The image shows an elephant and a small bird next to it. The elephant is significantly larger than the bird, which is consistent with the natural size difference between these animals.","The relative sizes of the elephant and the bird appear to be correctly depicted. The elephant's large body and long trunk are proportionate to its overall size, while the bird is appropriately small compared to the elephant.",The objects are in their correct relative sizes.,"[Observation]: The image shows an elephant and a small bird next to it. The elephant is significantly larger than the bird, which is consistent with the natural size difference between these animals.

[Assessment]: The relative sizes of the elephant and the bird appear to be correctly depicted. The elephant's large body and long trunk are proportionate to its overall size, while the bird is appropriately small compared to the elephant.

[Conclusion]: The objects are in their correct relative sizes."
pair_245.png,Are the objects in their correct relative sizes?,The image shows a reindeer and a koala side by side. The reindeer is significantly larger than the koala.,"In reality, a reindeer is much larger than a koala. The size difference between these two animals is substantial, with the reindeer being several times taller and heavier.","No, the objects are not in their correct relative sizes. The reindeer appears to be disproportionately large compared to the koala in the image.","[Observation]: The image shows a reindeer and a koala side by side. The reindeer is significantly larger than the koala.

[Assessment]: In reality, a reindeer is much larger than a koala. The size difference between these two animals is substantial, with the reindeer being several times taller and heavier.

[Conclusion]: No, the objects are not in their correct relative sizes. The reindeer appears to be disproportionately large compared to the koala in the image."
pair_288.png,Are the objects in their correct relative sizes?,The image shows a large whale and a small rooster next to each other.,"In reality, whales are much larger than roosters. The size difference between a whale and a rooster is significant, with the whale being many orders of magnitude larger.","No, the objects are not in their correct relative sizes.","[Observation]: The image shows a large whale and a small rooster next to each other.
[Assessment]: In reality, whales are much larger than roosters. The size difference between a whale and a rooster is significant, with the whale being many orders of magnitude larger.
[Conclusion]: No, the objects are not in their correct relative sizes."
pair_176.png,Are the objects in their correct relative sizes?,"The red panda appears significantly smaller than the penguin, which is consistent with their real-world size differences.","In reality, red pandas are much smaller than penguins. The image accurately reflects this size difference by showing the red panda as considerably smaller than the penguin.","Yes, the objects are in their correct relative sizes.","[Observation]: The red panda appears significantly smaller than the penguin, which is consistent with their real-world size differences.

[Assessment]: In reality, red pandas are much smaller than penguins. The image accurately reflects this size difference by showing the red panda as considerably smaller than the penguin.

[Conclusion]: Yes, the objects are in their correct relative sizes."
pair_142.png,Are the objects in their correct relative sizes?,"The image shows a lemur and a Komodo dragon, with the Komodo dragon significantly larger than the lemur.","Based on real-world knowledge, Komodo dragons are known to be much larger than lemurs. The Komodo dragon depicted here is accurately represented as being much bigger than the lemur.","Yes, the objects are in their correct relative sizes.","[Observation]: The image shows a lemur and a Komodo dragon, with the Komodo dragon significantly larger than the lemur.
[Assessment]: Based on real-world knowledge, Komodo dragons are known to be much larger than lemurs. The Komodo dragon depicted here is accurately represented as being much bigger than the lemur.
[Conclusion]: Yes, the objects are in their correct relative sizes."
pair_017.png,Are the objects in their correct relative sizes?,"The image shows an elephant and a koala, with the elephant being significantly larger than the koala.","In reality, elephants are much larger animals compared to koalas. The size difference between these two animals is substantial, which is accurately depicted in the image.","Yes, the objects are in their correct relative sizes.","[Observation]: The image shows an elephant and a koala, with the elephant being significantly larger than the koala.

[Assessment]: In reality, elephants are much larger animals compared to koalas. The size difference between these two animals is substantial, which is accurately depicted in the image.

[Conclusion]: Yes, the objects are in their correct relative sizes."
pair_135.png,Are the objects in their correct relative sizes?,"The penguin appears significantly larger than the honey badger, which is not typical of their real-world size comparison.","In reality, honey badgers are much smaller than penguins. The image exaggerates the size difference between these animals.","No, the objects are not in their correct relative sizes.","[Observation]: The penguin appears significantly larger than the honey badger, which is not typical of their real-world size comparison.

[Assessment]: In reality, honey badgers are much smaller than penguins. The image exaggerates the size difference between these animals.

[Conclusion]: No, the objects are not in their correct relative sizes."
pair_243.png,Are the objects in their correct relative sizes?,"The image shows a reindeer and a beluga whale, with the whale appearing significantly larger than the reindeer.","In reality, a beluga whale is much larger than a reindeer. The size difference between these two animals is substantial, with the whale being several times longer and heavier than the reindeer.","No, the objects are not in their correct relative sizes. The beluga whale appears to be disproportionately large compared to the reindeer in the image.","[Observation]: The image shows a reindeer and a beluga whale, with the whale appearing significantly larger than the reindeer.

[Assessment]: In reality, a beluga whale is much larger than a reindeer. The size difference between these two animals is substantial, with the whale being several times longer and heavier than the reindeer.

[Conclusion]: No, the objects are not in their correct relative sizes. The beluga whale appears to be disproportionately large compared to the reindeer in the image."
pair_260.png,Are the objects in their correct relative sizes?,"The image shows a narwhal, which is depicted with a long tusk extending from its head. The narwhal's body is proportionate to its size, and the tusk appears to be correctly sized relative to the rest of the body.","The narwhal's tusk is drawn to be significantly longer than its body, which is a characteristic feature of narwhals. The proportions seem accurate to the real-life appearance of narwhals.",The objects (the narwhal and its tusk) are in their correct relative sizes as they are accurately represented according to the natural characteristics of narwhals.,"[Observation]: The image shows a narwhal, which is depicted with a long tusk extending from its head. The narwhal's body is proportionate to its size, and the tusk appears to be correctly sized relative to the rest of the body.

[Assessment]: The narwhal's tusk is drawn to be significantly longer than its body, which is a characteristic feature of narwhals. The proportions seem accurate to the real-life appearance of narwhals.

[Conclusion]: The objects (the narwhal and its tusk) are in their correct relative sizes as they are accurately represented according to the natural characteristics of narwhals."
pair_129.png,Are the objects in their correct relative sizes?,The honey badger appears significantly larger than the koala in the image.,"In reality, a honey badger is much smaller than a koala. Koalas are marsupials native to Australia and are known for their small size compared to other mammals like bears or wolves. Honey badgers, on the other hand, are relatively large carnivores that are much bigger than koalas.","No, the objects are not in their correct relative sizes. The honey badger should be much smaller than the koala to accurately represent their real-life proportions.","[Observation]: The honey badger appears significantly larger than the koala in the image.

[Assessment]: In reality, a honey badger is much smaller than a koala. Koalas are marsupials native to Australia and are known for their small size compared to other mammals like bears or wolves. Honey badgers, on the other hand, are relatively large carnivores that are much bigger than koalas.

[Conclusion]: No, the objects are not in their correct relative sizes. The honey badger should be much smaller than the koala to accurately represent their real-life proportions."
pair_015.png,Are the objects in their correct relative sizes?,"The image shows an elephant on the left and a beluga whale on the right. The elephant is depicted much larger than the beluga whale, which is not accurate to real-life proportions.","In reality, elephants are significantly larger than beluga whales. The size difference between these two animals is substantial, with elephants being land mammals and beluga whales being marine mammals. The illustration does not reflect this natural size disparity.",The objects are not in their correct relative sizes.,"[Observation]: The image shows an elephant on the left and a beluga whale on the right. The elephant is depicted much larger than the beluga whale, which is not accurate to real-life proportions.

[Assessment]: In reality, elephants are significantly larger than beluga whales. The size difference between these two animals is substantial, with elephants being land mammals and beluga whales being marine mammals. The illustration does not reflect this natural size disparity.

[Conclusion]: The objects are not in their correct relative sizes."
pair_253.png,Are the objects in their correct relative sizes?,The image shows a reindeer and a shark side by side for comparison.,"In reality, a great white shark is significantly larger than a reindeer. The shark appears to be much smaller than it should be compared to the reindeer.",The objects are not in their correct relative sizes.,"[Observation]: The image shows a reindeer and a shark side by side for comparison.
[Assessment]: In reality, a great white shark is significantly larger than a reindeer. The shark appears to be much smaller than it should be compared to the reindeer.
[Conclusion]: The objects are not in their correct relative sizes."
pair_032.png,Are the objects in their correct relative sizes?,"The image shows a cheetah and a lemur. The cheetah is significantly larger than the lemur, which is consistent with their real-world size differences.","The cheetah's size is accurately depicted as much larger than the lemur's size. The proportions of both animals are maintained correctly, indicating that the relative sizes are represented accurately.",The objects are in their correct relative sizes.,"[Observation]: The image shows a cheetah and a lemur. The cheetah is significantly larger than the lemur, which is consistent with their real-world size differences.

[Assessment]: The cheetah's size is accurately depicted as much larger than the lemur's size. The proportions of both animals are maintained correctly, indicating that the relative sizes are represented accurately.

[Conclusion]: The objects are in their correct relative sizes."
pair_345.png,Are the objects in their correct relative sizes?,The image shows a large shark and a small rooster. The shark is significantly larger than the rooster.,"In real life, sharks are much larger animals compared to chickens. The size difference between a shark and a chicken is substantial, which is reflected in the image.","Yes, the objects are in their correct relative sizes. The shark is appropriately large compared to the rooster, as it would be in reality.","[Observation]: The image shows a large shark and a small rooster. The shark is significantly larger than the rooster.

[Assessment]: In real life, sharks are much larger animals compared to chickens. The size difference between a shark and a chicken is substantial, which is reflected in the image.

[Conclusion]: Yes, the objects are in their correct relative sizes. The shark is appropriately large compared to the rooster, as it would be in reality."
pair_168.png,Are the objects in their correct relative sizes?,The image shows a beluga whale and a red panda. The red panda is significantly smaller than the beluga whale.,"In reality, a beluga whale can grow up to 18 feet long, while a red panda typically ranges from 20 to 30 inches in length. The image accurately depicts this size difference.","Yes, the objects are in their correct relative sizes.","[Observation]: The image shows a beluga whale and a red panda. The red panda is significantly smaller than the beluga whale.

[Assessment]: In reality, a beluga whale can grow up to 18 feet long, while a red panda typically ranges from 20 to 30 inches in length. The image accurately depicts this size difference.

[Conclusion]: Yes, the objects are in their correct relative sizes."
pair_097.png,Are the objects in their correct relative sizes?,"The image shows a hippopotamus and a red panda. The hippopotamus is significantly larger than the red panda, which is consistent with their real-life size differences.","The drawing accurately represents the size difference between a hippopotamus and a red panda. The hippopotamus is depicted much larger than the red panda, which is proportionate to their actual sizes.","Yes, the objects are in their correct relative sizes.","[Observation]: The image shows a hippopotamus and a red panda. The hippopotamus is significantly larger than the red panda, which is consistent with their real-life size differences.

[Assessment]: The drawing accurately represents the size difference between a hippopotamus and a red panda. The hippopotamus is depicted much larger than the red panda, which is proportionate to their actual sizes.

[Conclusion]: Yes, the objects are in their correct relative sizes."
pair_195.png,Are the objects in their correct relative sizes?,"The Komodo dragon appears significantly larger than the narwhal, which is not accurate to real-world proportions.","In reality, a Komodo dragon can grow up to 3 meters long and weigh around 70 kg, while a narwhal typically measures about 4.5 meters long and weighs around 1,600 kg. The image does not reflect these size differences accurately.","No, the objects are not in their correct relative sizes.","[Observation]: The Komodo dragon appears significantly larger than the narwhal, which is not accurate to real-world proportions.

[Assessment]: In reality, a Komodo dragon can grow up to 3 meters long and weigh around 70 kg, while a narwhal typically measures about 4.5 meters long and weighs around 1,600 kg. The image does not reflect these size differences accurately.

[Conclusion]: No, the objects are not in their correct relative sizes."
pair_091.png,Are the objects in their correct relative sizes?,"The giraffe is depicted with a small head and long neck, which is not typical of real giraffes where the head is proportionally larger compared to the neck.","In reality, giraffes have a relatively large head compared to their long necks. The image shows an exaggeratedly long neck and a disproportionately small head.",The objects are not in their correct relative sizes.,"[Observation]: The giraffe is depicted with a small head and long neck, which is not typical of real giraffes where the head is proportionally larger compared to the neck.

[Assessment]: In reality, giraffes have a relatively large head compared to their long necks. The image shows an exaggeratedly long neck and a disproportionately small head.

[Conclusion]: The objects are not in their correct relative sizes."
pair_112.png,Are the objects in their correct relative sizes?,The image shows a hippopotamus and a bear standing side by side. The hippopotamus appears to be significantly larger than the bear.,"In reality, a hippopotamus is much larger than a bear. The size difference between these two animals is substantial, with the hippopotamus being several times bigger in terms of height and overall body mass.","Yes, the objects are in their correct relative sizes. The hippopotamus is depicted as much larger than the bear, which aligns with their real-world size differences.","[Observation]: The image shows a hippopotamus and a bear standing side by side. The hippopotamus appears to be significantly larger than the bear.

[Assessment]: In reality, a hippopotamus is much larger than a bear. The size difference between these two animals is substantial, with the hippopotamus being several times bigger in terms of height and overall body mass.

[Conclusion]: Yes, the objects are in their correct relative sizes. The hippopotamus is depicted as much larger than the bear, which aligns with their real-world size differences."
pair_333.png,Are the objects in their correct relative sizes?,"The image shows two birds, one on the left and one on the right. The bird on the left appears to be a toucan, and the bird on the right appears to be a rooster.","In real life, a rooster is significantly larger than a toucan. The rooster in the image is depicted much smaller than the toucan, which is not accurate to their real-world size difference.",The objects are not in their correct relative sizes.,"[Observation]: The image shows two birds, one on the left and one on the right. The bird on the left appears to be a toucan, and the bird on the right appears to be a rooster.

[Assessment]: In real life, a rooster is significantly larger than a toucan. The rooster in the image is depicted much smaller than the toucan, which is not accurate to their real-world size difference.

[Conclusion]: The objects are not in their correct relative sizes."
pair_110.png,Are the objects in their correct relative sizes?,The image shows a hippopotamus and a sloth. The hippopotamus is significantly larger than the sloth.,"In real life, hippos are much larger animals compared to sloths. The size difference between these two animals is substantial, with hippos being several times larger in both length and weight.","Yes, the objects are in their correct relative sizes. The hippopotamus is appropriately depicted as much larger than the sloth.","[Observation]: The image shows a hippopotamus and a sloth. The hippopotamus is significantly larger than the sloth.

[Assessment]: In real life, hippos are much larger animals compared to sloths. The size difference between these two animals is substantial, with hippos being several times larger in both length and weight.

[Conclusion]: Yes, the objects are in their correct relative sizes. The hippopotamus is appropriately depicted as much larger than the sloth."
pair_246.png,Are the objects in their correct relative sizes?,"The image shows a large reindeer and a small beaver. The reindeer is significantly larger than the beaver, which is consistent with their real-world size differences.","The relative sizes of the reindeer and the beaver appear to be accurately depicted. The reindeer's size dwarfs the beaver, reflecting the actual size difference between these animals.","Yes, the objects are in their correct relative sizes.","[Observation]: The image shows a large reindeer and a small beaver. The reindeer is significantly larger than the beaver, which is consistent with their real-world size differences.

[Assessment]: The relative sizes of the reindeer and the beaver appear to be accurately depicted. The reindeer's size dwarfs the beaver, reflecting the actual size difference between these animals.

[Conclusion]: Yes, the objects are in their correct relative sizes."
pair_010.png,Are the objects in their correct relative sizes?,"The image shows an elephant and a snow leopard depicted side by side for comparison. The elephant is significantly larger than the snow leopard, which is consistent with their real-world size differences.","The drawing accurately represents the relative sizes of these animals. The elephant's proportions match those of a real elephant, and the snow leopard's size is correctly scaled to be much smaller than the elephant.","Yes, the objects are in their correct relative sizes.","[Observation]: The image shows an elephant and a snow leopard depicted side by side for comparison. The elephant is significantly larger than the snow leopard, which is consistent with their real-world size differences.

[Assessment]: The drawing accurately represents the relative sizes of these animals. The elephant's proportions match those of a real elephant, and the snow leopard's size is correctly scaled to be much smaller than the elephant.

[Conclusion]: Yes, the objects are in their correct relative sizes."
pair_329.png,Are the objects in their correct relative sizes?,"The penguin is significantly larger than the toucan, which is consistent with their real-world size differences.","In the image, the penguin is depicted much larger than the toucan, which aligns with the known size disparity between these two species. Penguins are much larger birds compared to toucans.","Yes, the objects are in their correct relative sizes.","[Observation]: The penguin is significantly larger than the toucan, which is consistent with their real-world size differences.

[Assessment]: In the image, the penguin is depicted much larger than the toucan, which aligns with the known size disparity between these two species. Penguins are much larger birds compared to toucans.

[Conclusion]: Yes, the objects are in their correct relative sizes."
pair_145.png,Are the objects in their correct relative sizes?,"The image shows a reindeer and a lemur, with the reindeer being significantly larger than the lemur.","In reality, a reindeer is much larger than a lemur. The size difference between these two animals is substantial, which is accurately depicted in the image.","Yes, the objects are in their correct relative sizes.","[Observation]: The image shows a reindeer and a lemur, with the reindeer being significantly larger than the lemur.
[Assessment]: In reality, a reindeer is much larger than a lemur. The size difference between these two animals is substantial, which is accurately depicted in the image.
[Conclusion]: Yes, the objects are in their correct relative sizes."
pair_086.png,Are the objects in their correct relative sizes?,"The giraffe is depicted with a long neck and legs, which are proportionally correct for a giraffe. The spots on its body are evenly distributed, and the overall shape of the giraffe is consistent with what one would expect to see in a real giraffe.","The proportions of the giraffe's body parts, such as the length of the neck compared to the body and the size of the head relative to the neck, appear accurate. The spots are distributed in a way that is typical for giraffes, with larger spots on the back and smaller ones on the sides and legs.",The objects (the giraffe) are in their correct relative sizes.,"[Observation]: The giraffe is depicted with a long neck and legs, which are proportionally correct for a giraffe. The spots on its body are evenly distributed, and the overall shape of the giraffe is consistent with what one would expect to see in a real giraffe.

[Assessment]: The proportions of the giraffe's body parts, such as the length of the neck compared to the body and the size of the head relative to the neck, appear accurate. The spots are distributed in a way that is typical for giraffes, with larger spots on the back and smaller ones on the sides and legs.

[Conclusion]: The objects (the giraffe) are in their correct relative sizes."
pair_210.png,Are the objects in their correct relative sizes?,The image shows a snow leopard and a narwhal. The narwhal is significantly larger than the snow leopard.,"In reality, a snow leopard is much smaller than a narwhal. The narwhal can grow up to 16 feet long, while a snow leopard typically ranges from 3.5 to 4.5 feet in length.","No, the objects are not in their correct relative sizes.","[Observation]: The image shows a snow leopard and a narwhal. The narwhal is significantly larger than the snow leopard.
[Assessment]: In reality, a snow leopard is much smaller than a narwhal. The narwhal can grow up to 16 feet long, while a snow leopard typically ranges from 3.5 to 4.5 feet in length.
[Conclusion]: No, the objects are not in their correct relative sizes."
pair_230.png,Are the objects in their correct relative sizes?,"The camel is significantly larger than the koala, which is consistent with their real-world size differences.","The camel's size is accurately depicted compared to the koala. The camel's proportions and features are consistent with its actual appearance, and the koala's size is also correctly represented relative to the camel.","Yes, the objects are in their correct relative sizes.","[Observation]: The camel is significantly larger than the koala, which is consistent with their real-world size differences.

[Assessment]: The camel's size is accurately depicted compared to the koala. The camel's proportions and features are consistent with its actual appearance, and the koala's size is also correctly represented relative to the camel.

[Conclusion]: Yes, the objects are in their correct relative sizes."
pair_072.png,Are the objects in their correct relative sizes?,"The giraffe is depicted much larger than the honey badger, which is not accurate to real-life proportions.","In reality, a giraffe is significantly larger than a honey badger. The image shows the giraffe being disproportionately large compared to the honey badger.",The objects are not in their correct relative sizes.,"[Observation]: The giraffe is depicted much larger than the honey badger, which is not accurate to real-life proportions.

[Assessment]: In reality, a giraffe is significantly larger than a honey badger. The image shows the giraffe being disproportionately large compared to the honey badger.

[Conclusion]: The objects are not in their correct relative sizes."
pair_048.png,Are the objects in their correct relative sizes?,"The image shows a cheetah and a bear side by side for comparison. The cheetah is depicted as much smaller than the bear, which aligns with their real-world size differences.","In reality, a cheetah is significantly smaller than a bear. The cheetah's size is accurately represented compared to the bear's size in the image.","Yes, the objects are in their correct relative sizes.","[Observation]: The image shows a cheetah and a bear side by side for comparison. The cheetah is depicted as much smaller than the bear, which aligns with their real-world size differences.

[Assessment]: In reality, a cheetah is significantly smaller than a bear. The cheetah's size is accurately represented compared to the bear's size in the image.

[Conclusion]: Yes, the objects are in their correct relative sizes."
pair_285.png,Are the objects in their correct relative sizes?,"The image shows a large whale and a small hedgehog. The whale is significantly larger than the hedgehog, which is consistent with real-world proportions.","In reality, whales are much larger than hedgehogs. The size difference between the whale and the hedgehog in the image accurately reflects their natural size difference.","Yes, the objects are in their correct relative sizes.","[Observation]: The image shows a large whale and a small hedgehog. The whale is significantly larger than the hedgehog, which is consistent with real-world proportions.

[Assessment]: In reality, whales are much larger than hedgehogs. The size difference between the whale and the hedgehog in the image accurately reflects their natural size difference.

[Conclusion]: Yes, the objects are in their correct relative sizes."
pair_264.png,Are the objects in their correct relative sizes?,The image shows a narwhal and a small hedgehog. The narwhal is significantly larger than the hedgehog.,"In reality, a narwhal is much larger than a hedgehog. The size difference between these two animals is substantial, with the narwhal being several orders of magnitude bigger.","No, the objects are not in their correct relative sizes. The narwhal appears to be disproportionately large compared to the hedgehog.","[Observation]: The image shows a narwhal and a small hedgehog. The narwhal is significantly larger than the hedgehog.

[Assessment]: In reality, a narwhal is much larger than a hedgehog. The size difference between these two animals is substantial, with the narwhal being several orders of magnitude bigger.

[Conclusion]: No, the objects are not in their correct relative sizes. The narwhal appears to be disproportionately large compared to the hedgehog."
pair_054.png,Are the objects in their correct relative sizes?,"The image shows a giraffe and a meerkat. The giraffe is significantly larger than the meerkat, which is consistent with their real-life size differences.","In reality, giraffes are much larger animals compared to meerkats. The giraffe's height and body size are accurately depicted as being much greater than that of the meerkat.","Yes, the objects are in their correct relative sizes.","[Observation]: The image shows a giraffe and a meerkat. The giraffe is significantly larger than the meerkat, which is consistent with their real-life size differences.

[Assessment]: In reality, giraffes are much larger animals compared to meerkats. The giraffe's height and body size are accurately depicted as being much greater than that of the meerkat.

[Conclusion]: Yes, the objects are in their correct relative sizes."
pair_311.png,Are the objects in their correct relative sizes?,"The image shows two animals, one that resembles a platypus and another that resembles a hedgehog. The platypus is significantly larger than the hedgehog.","In reality, a platypus is much larger than a hedgehog. The size difference between these animals is substantial, with the platypus being several times bigger.","Yes, the objects are in their correct relative sizes as the platypus is depicted much larger than the hedgehog, which aligns with their real-world size differences.","[Observation]: The image shows two animals, one that resembles a platypus and another that resembles a hedgehog. The platypus is significantly larger than the hedgehog.

[Assessment]: In reality, a platypus is much larger than a hedgehog. The size difference between these animals is substantial, with the platypus being several times bigger.

[Conclusion]: Yes, the objects are in their correct relative sizes as the platypus is depicted much larger than the hedgehog, which aligns with their real-world size differences."
pair_102.png,Are the objects in their correct relative sizes?,The image shows a hippopotamus and a reindeer side by side. The hippopotamus appears significantly larger than the reindeer.,"In reality, a hippopotamus is much larger than a reindeer. The size difference between these two animals is substantial, with the hippopotamus being several times bigger in both length and girth.","No, the objects are not in their correct relative sizes. The hippopotamus is depicted as much smaller than it should be compared to the reindeer.","[Observation]: The image shows a hippopotamus and a reindeer side by side. The hippopotamus appears significantly larger than the reindeer.

[Assessment]: In reality, a hippopotamus is much larger than a reindeer. The size difference between these two animals is substantial, with the hippopotamus being several times bigger in both length and girth.

[Conclusion]: No, the objects are not in their correct relative sizes. The hippopotamus is depicted as much smaller than it should be compared to the reindeer."
pair_052.png,Are the objects in their correct relative sizes?,The image shows a large squid next to a small cheetah for scale comparison.,"The squid appears significantly larger than the cheetah, which is consistent with the known size difference between these animals. Squids can be much larger than cheetahs, especially when considering species like the giant squid.","Yes, the objects are in their correct relative sizes.","[Observation]: The image shows a large squid next to a small cheetah for scale comparison.

[Assessment]: The squid appears significantly larger than the cheetah, which is consistent with the known size difference between these animals. Squids can be much larger than cheetahs, especially when considering species like the giant squid.

[Conclusion]: Yes, the objects are in their correct relative sizes."
