file_name,prompt,verdict,reasoning,observation_old,assessment_old,conclusion_old,raw_response
pair_208.png,Are the objects in their correct relative sizes?,No,"The leopard is significantly smaller than the camel in the image. A leopard is typically around 3-5 feet long and 2-3 feet tall at the shoulder, while the camel in the image appears to be much larger, likely exceeding 10 feet in length and 6 feet in height. This discrepancy in size is clearly visible and inaccurate.]",,,,"[Verdict: No
[Reasoning]: The leopard is significantly smaller than the camel in the image. A leopard is typically around 3-5 feet long and 2-3 feet tall at the shoulder, while the camel in the image appears to be much larger, likely exceeding 10 feet in length and 6 feet in height. This discrepancy in size is clearly visible and inaccurate.]"
pair_068.png,Are the objects in their correct relative sizes?,No,"The meerkat is significantly smaller than the penguin in the image. A meerkat is typically around 20-25 cm (8-10 inches) tall, while the penguin in the image appears to be much taller, likely around 1 meter (3.3 feet) or more. This discrepancy in size is a clear indication that the relative sizes are not accurate.]",,,,"[Verdict: No
[Reasoning]: The meerkat is significantly smaller than the penguin in the image. A meerkat is typically around 20-25 cm (8-10 inches) tall, while the penguin in the image appears to be much taller, likely around 1 meter (3.3 feet) or more. This discrepancy in size is a clear indication that the relative sizes are not accurate.]"
pair_331.png,Are the objects in their correct relative sizes?,No,"The shark is significantly larger than the toucan in the image. The toucan is depicted as very small relative to the shark, indicating a significant size discrepancy.",,,,"[Verdict: No
[Reasoning]: The shark is significantly larger than the toucan in the image. The toucan is depicted as very small relative to the shark, indicating a significant size discrepancy."
pair_193.png,Are the objects in their correct relative sizes?,No,"The lizard is significantly smaller than the camel in the image. A reasonable estimate would be that the lizard is about 1/10th the size of the camel. The image clearly demonstrates a significant size difference, indicating an inaccurate representation of relative sizes.]",,,,"[Verdict: No
[Reasoning]: The lizard is significantly smaller than the camel in the image. A reasonable estimate would be that the lizard is about 1/10th the size of the camel. The image clearly demonstrates a significant size difference, indicating an inaccurate representation of relative sizes.]"
pair_109.png,Are the objects in their correct relative sizes?,No,The ant in the lower right corner is significantly larger than the hippo. This indicates a misrepresentation of relative sizes. A real ant would be much smaller than a hippo.],,,,"[Verdict: No
[Reasoning]: The ant in the lower right corner is significantly larger than the hippo. This indicates a misrepresentation of relative sizes. A real ant would be much smaller than a hippo.]"
pair_314.png,Are the objects in their correct relative sizes?,No,"The rooster is significantly larger than the platypus. In the image, the rooster is much taller and wider, clearly indicating a difference in size that isn't accurately represented.",,,,"[Verdict: No
[Reasoning]: The rooster is significantly larger than the platypus. In the image, the rooster is much taller and wider, clearly indicating a difference in size that isn't accurately represented."
pair_132.png,Are the objects in their correct relative sizes?,No,"The sloth is significantly larger than the weasel. In the image, the sloth is hanging from a branch and appears much bigger in proportion to the weasel, which is standing on the ground. A reasonable estimate would be that the sloth is at least 3-4 times larger than the weasel.]",,,,"[Verdict: No
[Reasoning]: The sloth is significantly larger than the weasel. In the image, the sloth is hanging from a branch and appears much bigger in proportion to the weasel, which is standing on the ground. A reasonable estimate would be that the sloth is at least 3-4 times larger than the weasel.]"
pair_234.png,Are the objects in their correct relative sizes?,No,"The toucan in the image is significantly larger than the camel. In reality, a toucan is much smaller than a camel. The image clearly exaggerates the size difference between the two animals, making the toucan appear much bigger than it actually is.]",,,,"[Verdict: No
[Reasoning]: The toucan in the image is significantly larger than the camel. In reality, a toucan is much smaller than a camel. The image clearly exaggerates the size difference between the two animals, making the toucan appear much bigger than it actually is.]"
pair_014.png,Are the objects in their correct relative sizes?,No,"The elephant is significantly larger than the walrus. In the image, the elephant appears to be much taller and wider, while the walrus is considerably smaller and more compact. This indicates a significant size discrepancy between the two animals, which is not accurately represented in the illustration.]",,,,"[Verdict: No
[Reasoning]: The elephant is significantly larger than the walrus. In the image, the elephant appears to be much taller and wider, while the walrus is considerably smaller and more compact. This indicates a significant size discrepancy between the two animals, which is not accurately represented in the illustration.]"
pair_077.png,Are the objects in their correct relative sizes?,No,"The giraffe is significantly larger than the leopard in the image. The leopard is depicted as being very small in comparison to the towering height and size of the giraffe, indicating a significant size discrepancy that is not accurate in reality.]",,,,"[Verdict: No
[Reasoning]: The giraffe is significantly larger than the leopard in the image. The leopard is depicted as being very small in comparison to the towering height and size of the giraffe, indicating a significant size discrepancy that is not accurate in reality.]"
pair_232.png,Are the objects in their correct relative sizes?,No,"The lizard in the foreground is significantly larger than the camel. A lizard of that size would be much smaller than a camel, making the relative sizes incorrect.",,,,"[Verdict: No
[Reasoning]: The lizard in the foreground is significantly larger than the camel. A lizard of that size would be much smaller than a camel, making the relative sizes incorrect."
pair_002.png,Are the objects in their correct relative sizes?,No,"The meerkat in the image is significantly smaller than the elephant. In reality, an elephant is many times larger than a meerkat. The image exaggerates the size difference to create a visually interesting composition, but it does not accurately represent the actual relative sizes of these animals.]",,,,"[Verdict: No
[Reasoning]: The meerkat in the image is significantly smaller than the elephant. In reality, an elephant is many times larger than a meerkat. The image exaggerates the size difference to create a visually interesting composition, but it does not accurately represent the actual relative sizes of these animals.]"
pair_007.png,Are the objects in their correct relative sizes?,No,"The red panda is significantly smaller than the elephant. In the image, the elephant appears to be much larger than the red panda, but they are not accurately scaled to each other. The red panda is much smaller than it should be relative to the elephant.]",,,,"[Verdict: No
[Reasoning]: The red panda is significantly smaller than the elephant. In the image, the elephant appears to be much larger than the red panda, but they are not accurately scaled to each other. The red panda is much smaller than it should be relative to the elephant.]"
pair_042.png,Are the objects in their correct relative sizes?,No,"The cheetah is significantly larger than the kangaroo in the image. A cheetah is a large cat, typically around 4.5 to 6.6 feet long and weighing 75 to 140 pounds, while a kangaroo is much smaller, typically around 3 to 5.5 feet long and weighing 35 to 200 pounds. The image clearly shows the cheetah as being much bigger than the kangaroo.]",,,,"[Verdict: No
[Reasoning]: The cheetah is significantly larger than the kangaroo in the image. A cheetah is a large cat, typically around 4.5 to 6.6 feet long and weighing 75 to 140 pounds, while a kangaroo is much smaller, typically around 3 to 5.5 feet long and weighing 35 to 200 pounds. The image clearly shows the cheetah as being much bigger than the kangaroo.]"
pair_081.png,Are the objects in their correct relative sizes?,No,"The giraffe is significantly larger than the walrus. In the image, the giraffe appears to be towering over the walrus, indicating a substantial size difference that is not accurately represented. A giraffe is typically much taller than a walrus.]",,,,"[Verdict: No
[Reasoning]: The giraffe is significantly larger than the walrus. In the image, the giraffe appears to be towering over the walrus, indicating a substantial size difference that is not accurately represented. A giraffe is typically much taller than a walrus.]"
pair_327.png,Are the objects in their correct relative sizes?,No,"The sloth is significantly larger than the rooster. In the image, the sloth appears to be much bigger and more substantial than the rooster, which is a relatively small bird. Their sizes are not proportional to each other.]",,,,"[Verdict: No
[Reasoning]: The sloth is significantly larger than the rooster. In the image, the sloth appears to be much bigger and more substantial than the rooster, which is a relatively small bird. Their sizes are not proportional to each other.]"
pair_056.png,Are the objects in their correct relative sizes?,No,"The meerkat is significantly smaller than the honey badger. The image clearly shows a vast difference in size between the two animals, indicating that their relative sizes are not accurate in the image.]",,,,"[Verdict: No
[Reasoning]: The meerkat is significantly smaller than the honey badger. The image clearly shows a vast difference in size between the two animals, indicating that their relative sizes are not accurate in the image.]"
pair_301.png,Are the objects in their correct relative sizes?,No,"The koala is significantly larger than the penguin in the image. A koala is a large marsupial, while a penguin is a relatively small bird. The image clearly shows a disproportionate size difference between the two animals.]",,,,"[Verdict: No
[Reasoning]: The koala is significantly larger than the penguin in the image. A koala is a large marsupial, while a penguin is a relatively small bird. The image clearly shows a disproportionate size difference between the two animals.]"
pair_090.png,Are the objects in their correct relative sizes?,No,"The giraffe is significantly larger than the penguin in the image. The penguin is very small in comparison to the towering height and size of the giraffe, indicating a significant size discrepancy that is not accurately represented in the illustration.]",,,,"[Verdict: No
[Reasoning]: The giraffe is significantly larger than the penguin in the image. The penguin is very small in comparison to the towering height and size of the giraffe, indicating a significant size discrepancy that is not accurately represented in the illustration.]"
pair_177.png,Are the objects in their correct relative sizes?,No,"The red panda is significantly larger than the hedgehog in the image. A reasonable estimate would suggest the hedgehog is about 1/10th the size of the red panda, but the image clearly shows a much larger disparity in size.]",,,,"[Verdict: No
[Reasoning]: The red panda is significantly larger than the hedgehog in the image. A reasonable estimate would suggest the hedgehog is about 1/10th the size of the red panda, but the image clearly shows a much larger disparity in size.]"
pair_335.png,Are the objects in their correct relative sizes?,No,The hedgehog on the right is significantly smaller than the bear on the left. A realistic depiction of the relative sizes of a bear and a hedgehog would show the hedgehog being much smaller. The image clearly misrepresents the size difference between these two animals.],,,,"[Verdict: No
[Reasoning]: The hedgehog on the right is significantly smaller than the bear on the left. A realistic depiction of the relative sizes of a bear and a hedgehog would show the hedgehog being much smaller. The image clearly misrepresents the size difference between these two animals.]"
pair_172.png,Are the objects in their correct relative sizes?,No,"The axolotl is significantly smaller than the red panda. In the image, the red panda appears to be much larger than the axolotl, which is a typical size for an axolotl. The relative sizes are not accurate.]",,,,"[Verdict: No
[Reasoning]: The axolotl is significantly smaller than the red panda. In the image, the red panda appears to be much larger than the axolotl, which is a typical size for an axolotl. The relative sizes are not accurate.]"
pair_278.png,Are the objects in their correct relative sizes?,No,"The walrus is significantly larger than the rooster. The rooster is depicted as being quite small in comparison to the massive walrus, indicating a significant size discrepancy.",,,,"[Verdict: No
[Reasoning]: The walrus is significantly larger than the rooster. The rooster is depicted as being quite small in comparison to the massive walrus, indicating a significant size discrepancy."
pair_179.png,Are the objects in their correct relative sizes?,No,"The squid is significantly larger than the two small animals (a fox and a mouse) present in the image. The squid appears to be roughly the size of a small car, while the animals are much smaller, resembling typical rodent sizes. Therefore, the relative sizes are not accurate.]",,,,"[Verdict: No
[Reasoning]: The squid is significantly larger than the two small animals (a fox and a mouse) present in the image. The squid appears to be roughly the size of a small car, while the animals are much smaller, resembling typical rodent sizes. Therefore, the relative sizes are not accurate.]"
pair_050.png,Are the objects in their correct relative sizes?,No,"The cheetah is significantly larger than the hedgehog. In the image, the hedgehog appears to be about one-tenth the size of the cheetah, which is a considerable exaggeration. A realistic representation would show the cheetah as much larger than the hedgehog.]",,,,"[Verdict: No
[Reasoning]: The cheetah is significantly larger than the hedgehog. In the image, the hedgehog appears to be about one-tenth the size of the cheetah, which is a considerable exaggeration. A realistic representation would show the cheetah as much larger than the hedgehog.]"
pair_334.png,Are the objects in their correct relative sizes?,No,"The penguin is significantly smaller than the bear in the image. A realistic depiction of these animals would show a vast difference in size, and this image does not accurately reflect that. The penguin is dwarfed by the bear, making their relative sizes incorrect.]",,,,"[Verdict: No
[Reasoning]: The penguin is significantly smaller than the bear in the image. A realistic depiction of these animals would show a vast difference in size, and this image does not accurately reflect that. The penguin is dwarfed by the bear, making their relative sizes incorrect.]"
pair_300.png,Are the objects in their correct relative sizes?,No,"The koala is significantly smaller than the bear in the image. The koala appears to be about one-tenth the size of the bear, which is a vast difference in scale and is not representative of their actual relative sizes. A koala is typically around 60-85 cm (24-33 inches) tall, while the bear in the image appears to be much larger, likely over 2 meters (6.5 feet) tall.]",,,,"[Verdict: No
[Reasoning]: The koala is significantly smaller than the bear in the image. The koala appears to be about one-tenth the size of the bear, which is a vast difference in scale and is not representative of their actual relative sizes. A koala is typically around 60-85 cm (24-33 inches) tall, while the bear in the image appears to be much larger, likely over 2 meters (6.5 feet) tall.]"
pair_315.png,Are the objects in their correct relative sizes?,No,"The sloth is significantly larger than the axolotl. In the image, the sloth appears to be roughly the size of a small dog, while the axolotl is a very small salamander. They are vastly different in scale, and the image does not accurately represent their relative sizes.]",,,,"[Verdict: No
[Reasoning]: The sloth is significantly larger than the axolotl. In the image, the sloth appears to be roughly the size of a small dog, while the axolotl is a very small salamander. They are vastly different in scale, and the image does not accurately represent their relative sizes.]"
pair_226.png,Are the objects in their correct relative sizes?,No,"The narwhal is significantly larger than the camel in the image. A narwhal is a large whale, while a camel is a relatively small land mammal. The image clearly exaggerates the size difference to create a humorous or fantastical effect, but in reality, a narwhal would be much bigger than a camel.]",,,,"[Verdict: No
[Reasoning]: The narwhal is significantly larger than the camel in the image. A narwhal is a large whale, while a camel is a relatively small land mammal. The image clearly exaggerates the size difference to create a humorous or fantastical effect, but in reality, a narwhal would be much bigger than a camel.]"
pair_236.png,Are the objects in their correct relative sizes?,No,"The camel is significantly larger than the penguin in the image. A camel is a large animal, while a penguin is a relatively small bird. The relative sizes in the image are not accurate; the penguin appears much smaller than it should be in comparison to the camel.]",,,,"[Verdict: No
[Reasoning]: The camel is significantly larger than the penguin in the image. A camel is a large animal, while a penguin is a relatively small bird. The relative sizes in the image are not accurate; the penguin appears much smaller than it should be in comparison to the camel.]"
pair_063.png,Are the objects in their correct relative sizes?,No,The meerkat is significantly smaller than the kangaroo in the image. The relative sizes are not accurate; the meerkat appears much larger than it actually is in comparison to the kangaroo.],,,,"[Verdict: No
[Reasoning]: The meerkat is significantly smaller than the kangaroo in the image. The relative sizes are not accurate; the meerkat appears much larger than it actually is in comparison to the kangaroo.]"
pair_191.png,Are the objects in their correct relative sizes?,No,"The panda is significantly larger than the rooster. In the image, the panda appears to be much bigger and more substantial in size compared to the small rooster standing next to it. They are not depicted in a proportionally accurate manner regarding their relative sizes.]",,,,"[Verdict: No
[Reasoning]: The panda is significantly larger than the rooster. In the image, the panda appears to be much bigger and more substantial in size compared to the small rooster standing next to it. They are not depicted in a proportionally accurate manner regarding their relative sizes.]"
pair_139.png,Are the objects in their correct relative sizes?,No,"The rooster is significantly larger than the badger. In the image, the rooster is much taller and wider, indicating it is a much larger animal than the badger.]",,,,"[Verdict: No
[Reasoning]: The rooster is significantly larger than the badger. In the image, the rooster is much taller and wider, indicating it is a much larger animal than the badger.]"
pair_104.png,Are the objects in their correct relative sizes?,No,"The walrus is significantly larger than the hippo. In reality, walruses are much bigger animals than hippos. The image depicts a disproportionate size relationship, making the relative sizes incorrect.]",,,,"[Verdict: No
[Reasoning]: The walrus is significantly larger than the hippo. In reality, walruses are much bigger animals than hippos. The image depicts a disproportionate size relationship, making the relative sizes incorrect.]"
pair_108.png,Are the objects in their correct relative sizes?,No,"The platypus is significantly smaller than the hippopotamus in the image. The platypus is depicted as being quite small in comparison to the massive size of the hippopotamus, indicating a significant size discrepancy that is not accurate in reality.]",,,,"[Verdict: No
[Reasoning]: The platypus is significantly smaller than the hippopotamus in the image. The platypus is depicted as being quite small in comparison to the massive size of the hippopotamus, indicating a significant size discrepancy that is not accurate in reality.]"
pair_076.png,Are the objects in their correct relative sizes?,No,"The iguana is significantly smaller than the giraffe in the image. A realistic depiction would show a much larger iguana relative to the giraffe. The image exaggerates the size difference to make the iguana appear more prominent, which is not accurate.]",,,,"[Verdict: No
[Reasoning]: The iguana is significantly smaller than the giraffe in the image. A realistic depiction would show a much larger iguana relative to the giraffe. The image exaggerates the size difference to make the iguana appear more prominent, which is not accurate.]"
pair_101.png,Are the objects in their correct relative sizes?,No,"The hippo is significantly larger than the camel in the image. A realistic depiction of their relative sizes would show the camel as much smaller, as it is adapted to desert environments and is considerably smaller than a hippo, which lives in aquatic habitats.",,,,"[Verdict: No
[Reasoning]: The hippo is significantly larger than the camel in the image. A realistic depiction of their relative sizes would show the camel as much smaller, as it is adapted to desert environments and is considerably smaller than a hippo, which lives in aquatic habitats."
pair_239.png,Are the objects in their correct relative sizes?,No,"The squid is significantly larger than the camel. In reality, a giant squid can be over 40 feet long, while a camel is typically around 6-7 feet tall. The image clearly exaggerates the size of the squid relative to the camel, making it appear much larger than it actually is.]",,,,"[Verdict: No
[Reasoning]: The squid is significantly larger than the camel. In reality, a giant squid can be over 40 feet long, while a camel is typically around 6-7 feet tall. The image clearly exaggerates the size of the squid relative to the camel, making it appear much larger than it actually is.]"
pair_247.png,Are the objects in their correct relative sizes?,No,"The reindeer in the image is significantly larger than the axolotls on either side. The axolotls are tiny compared to the reindeer, which appears to be a full-grown caribou or moose. The relative sizes are drastically off, making the depiction inaccurate.]",,,,"[Verdict: No
[Reasoning]: The reindeer in the image is significantly larger than the axolotls on either side. The axolotls are tiny compared to the reindeer, which appears to be a full-grown caribou or moose. The relative sizes are drastically off, making the depiction inaccurate.]"
pair_099.png,Are the objects in their correct relative sizes?,No,"The dragon is significantly smaller than the hippopotamus in the image. A hippopotamus is a very large animal, while the dragon is a relatively small reptile. The relative sizes in the image are not accurate.]",,,,"[Verdict: No
[Reasoning]: The dragon is significantly smaller than the hippopotamus in the image. A hippopotamus is a very large animal, while the dragon is a relatively small reptile. The relative sizes in the image are not accurate.]"
pair_011.png,Are the objects in their correct relative sizes?,No,The camel is significantly smaller than the elephant in the image. The relative sizes are not accurate; the camel appears much smaller than it should be compared to the elephant.],,,,"[Verdict: No
[Reasoning]: The camel is significantly smaller than the elephant in the image. The relative sizes are not accurate; the camel appears much smaller than it should be compared to the elephant.]"
pair_003.png,Are the objects in their correct relative sizes?,No,"The elephant is significantly larger than the giraffe in the image. The giraffe appears to be about half the size of the elephant, which is not a realistic representation of their relative sizes. Elephants are considerably larger animals than giraffes.]",,,,"[Verdict: No
[Reasoning]: The elephant is significantly larger than the giraffe in the image. The giraffe appears to be about half the size of the elephant, which is not a realistic representation of their relative sizes. Elephants are considerably larger animals than giraffes.]"
pair_156.png,Are the objects in their correct relative sizes?,No,"The lemur is significantly smaller than the penguin in the image. The penguin is much larger and more imposing, indicating a significant size difference between the two animals.",,,,"[Verdict: No
[Reasoning]: The lemur is significantly smaller than the penguin in the image. The penguin is much larger and more imposing, indicating a significant size difference between the two animals."
pair_328.png,Are the objects in their correct relative sizes?,No,"The toucan is significantly larger than the bear in the image.  The toucan appears to be almost as tall as the bear, while the bear is much bigger overall.  The relative sizes are clearly incorrect, with the toucan being disproportionately large.]",,,,"[Verdict: No
[Reasoning]: The toucan is significantly larger than the bear in the image.  The toucan appears to be almost as tall as the bear, while the bear is much bigger overall.  The relative sizes are clearly incorrect, with the toucan being disproportionately large.]"
pair_064.png,Are the objects in their correct relative sizes?,No,"The meerkat is significantly smaller than the koala in the image. A meerkat is typically around 6-8 inches tall, while the koala in the image appears to be much larger, likely around 2-3 feet tall. This difference in size is not accurately represented in the illustration.]",,,,"[Verdict: No
[Reasoning]: The meerkat is significantly smaller than the koala in the image. A meerkat is typically around 6-8 inches tall, while the koala in the image appears to be much larger, likely around 2-3 feet tall. This difference in size is not accurately represented in the illustration.]"
pair_197.png,Are the objects in their correct relative sizes?,No,"The monitor lizard is significantly smaller than the beluga whale. In the image, the lizard appears to be about one-tenth the size of the whale, which is a vast exaggeration. A realistic representation would show a much larger disparity in size between the two animals.]",,,,"[Verdict: No
[Reasoning]: The monitor lizard is significantly smaller than the beluga whale. In the image, the lizard appears to be about one-tenth the size of the whale, which is a vast exaggeration. A realistic representation would show a much larger disparity in size between the two animals.]"
pair_326.png,Are the objects in their correct relative sizes?,No,"The squid is significantly larger than the small plant in the image. A realistic depiction of a squid hunting a plant would show the squid being much larger than the plant it's targeting. The plant appears to be a tiny, almost insignificant size relative to the squid's substantial length and body.]",,,,"[Verdict: No
[Reasoning]: The squid is significantly larger than the small plant in the image. A realistic depiction of a squid hunting a plant would show the squid being much larger than the plant it's targeting. The plant appears to be a tiny, almost insignificant size relative to the squid's substantial length and body.]"
pair_150.png,Are the objects in their correct relative sizes?,No,"The lemur is significantly smaller than the koala. A koala is a large animal, while a lemur is a relatively small primate. The image clearly shows a noticeable size difference between the two animals, indicating that their relative sizes are not accurate.]",,,,"[Verdict: No
[Reasoning]: The lemur is significantly smaller than the koala. A koala is a large animal, while a lemur is a relatively small primate. The image clearly shows a noticeable size difference between the two animals, indicating that their relative sizes are not accurate.]"
pair_235.png,Are the objects in their correct relative sizes?,No,"The bear is significantly larger than the camel. In the image, the bear appears much taller and wider, indicating a substantial size difference between the two animals. A realistic depiction would show the camel as considerably smaller.]",,,,"[Verdict: No
[Reasoning]: The bear is significantly larger than the camel. In the image, the bear appears much taller and wider, indicating a substantial size difference between the two animals. A realistic depiction would show the camel as considerably smaller.]"
pair_284.png,Are the objects in their correct relative sizes?,No,"The whale is significantly larger than the bear. In the image, the whale appears to be much longer and more massive than the bear, indicating a significant size difference. A realistic depiction would show the whale as substantially larger.]",,,,"[Verdict: No
[Reasoning]: The whale is significantly larger than the bear. In the image, the whale appears to be much longer and more massive than the bear, indicating a significant size difference. A realistic depiction would show the whale as substantially larger.]"
pair_167.png,Are the objects in their correct relative sizes?,No,"The red panda is significantly smaller than the walrus. In the image, the red panda is tiny compared to the massive size of the walrus, indicating a significant size discrepancy.",,,,"[Verdict: No
[Reasoning]: The red panda is significantly smaller than the walrus. In the image, the red panda is tiny compared to the massive size of the walrus, indicating a significant size discrepancy."
pair_085.png,Are the objects in their correct relative sizes?,No,"The giraffe is significantly larger than the frog in the image. The frog is very small in comparison to the towering height and size of the giraffe, indicating a significant size discrepancy.]",,,,"[Verdict: No
[Reasoning]: The giraffe is significantly larger than the frog in the image. The frog is very small in comparison to the towering height and size of the giraffe, indicating a significant size discrepancy.]"
pair_058.png,Are the objects in their correct relative sizes?,No,"The meerkat is significantly taller than the red panda. In the image, the meerkat appears to be about twice the height of the red panda, which is not their correct relative sizes. A meerkat is typically around 12-16 inches tall, while a red panda is usually around 20-24 inches tall.]",,,,"[Verdict: No
[Reasoning]: The meerkat is significantly taller than the red panda. In the image, the meerkat appears to be about twice the height of the red panda, which is not their correct relative sizes. A meerkat is typically around 12-16 inches tall, while a red panda is usually around 20-24 inches tall.]"
pair_066.png,Are the objects in their correct relative sizes?,No,"The toucan is significantly larger than the meerkat in the image. The meerkat is depicted as a small, compact animal, while the toucan is portrayed as a large bird with a prominent beak, making it much bigger in size relative to the meerkat.]",,,,"[Verdict: No
[Reasoning]: The toucan is significantly larger than the meerkat in the image. The meerkat is depicted as a small, compact animal, while the toucan is portrayed as a large bird with a prominent beak, making it much bigger in size relative to the meerkat.]"
pair_080.png,Are the objects in their correct relative sizes?,No,"The giraffe is significantly larger than the narwhal. In the image, the giraffe appears to be much taller and more massive than the narwhal, which is a small whale. The relative sizes are not accurate in the image.]",,,,"[Verdict: No
[Reasoning]: The giraffe is significantly larger than the narwhal. In the image, the giraffe appears to be much taller and more massive than the narwhal, which is a small whale. The relative sizes are not accurate in the image.]"
pair_276.png,Are the objects in their correct relative sizes?,No,"The shark is significantly larger than the walrus in the image. A realistic depiction of these animals would show the shark being much bigger, as it is a predator and typically consumes larger prey than a walrus.]",,,,"[Verdict: No
[Reasoning]: The shark is significantly larger than the walrus in the image. A realistic depiction of these animals would show the shark being much bigger, as it is a predator and typically consumes larger prey than a walrus.]"
pair_092.png,Are the objects in their correct relative sizes?,No,"The giraffe is significantly larger than the shark in the image. A typical adult giraffe stands around 16-19 feet tall, while the shark appears to be only a few feet long. The relative sizes are clearly not accurate.]",,,,"[Verdict: No
[Reasoning]: The giraffe is significantly larger than the shark in the image. A typical adult giraffe stands around 16-19 feet tall, while the shark appears to be only a few feet long. The relative sizes are clearly not accurate.]"
pair_089.png,Are the objects in their correct relative sizes?,No,"The bear is significantly smaller than the giraffe. In the image, the giraffe appears to be much taller and larger overall, while the bear is tiny in comparison. This indicates a significant size discrepancy that is not accurately represented in the illustration.]",,,,"[Verdict: No
[Reasoning]: The bear is significantly smaller than the giraffe. In the image, the giraffe appears to be much taller and larger overall, while the bear is tiny in comparison. This indicates a significant size discrepancy that is not accurately represented in the illustration.]"
pair_200.png,Are the objects in their correct relative sizes?,No,"The Komodo dragon is significantly larger than the gecko in the image. The gecko appears to be quite small in comparison to the dragon, suggesting a significant size discrepancy that isn't accurately represented.",,,,"[Verdict: No
[Reasoning]: The Komodo dragon is significantly larger than the gecko in the image. The gecko appears to be quite small in comparison to the dragon, suggesting a significant size discrepancy that isn't accurately represented."
pair_277.png,Are the objects in their correct relative sizes?,No,"The squid is significantly larger than the walrus. A typical adult walrus is around 6-10 feet long and weighs 2000-4000 pounds. A giant squid, as depicted in the image, can reach lengths of over 60 feet and weigh hundreds of pounds. The relative size in the image is drastically off, making it inaccurate.]",,,,"[Verdict: No
[Reasoning]: The squid is significantly larger than the walrus. A typical adult walrus is around 6-10 feet long and weighs 2000-4000 pounds. A giant squid, as depicted in the image, can reach lengths of over 60 feet and weigh hundreds of pounds. The relative size in the image is drastically off, making it inaccurate.]"
pair_194.png,Are the objects in their correct relative sizes?,No,"The Komodo dragon is significantly larger than the reindeer in the image. A realistic depiction would show a much greater size difference between the two animals. The reindeer appears to be roughly the same size as a large dog, while the Komodo dragon is depicted as a sizable reptile, far exceeding the reindeer's size.]",,,,"[Verdict: No
[Reasoning]: The Komodo dragon is significantly larger than the reindeer in the image. A realistic depiction would show a much greater size difference between the two animals. The reindeer appears to be roughly the same size as a large dog, while the Komodo dragon is depicted as a sizable reptile, far exceeding the reindeer's size.]"
pair_143.png,Are the objects in their correct relative sizes?,No,"The lemur is significantly smaller than the snow leopard in the image. A reasonable estimate would be that the snow leopard is approximately 10-20 times larger than the lemur, but based on the visual representation, the lemur appears much smaller than the leopard.]",,,,"[Verdict: No
[Reasoning]: The lemur is significantly smaller than the snow leopard in the image. A reasonable estimate would be that the snow leopard is approximately 10-20 times larger than the lemur, but based on the visual representation, the lemur appears much smaller than the leopard.]"
pair_265.png,Are the objects in their correct relative sizes?,No,"The shark is significantly larger than the narwhal in the image. A realistic depiction of their relative sizes would show the shark as much larger, as it is a predator and typically consumes much larger prey than a narwhal.]",,,,"[Verdict: No
[Reasoning]: The shark is significantly larger than the narwhal in the image. A realistic depiction of their relative sizes would show the shark as much larger, as it is a predator and typically consumes much larger prey than a narwhal.]"
pair_303.png,Are the objects in their correct relative sizes?,No,"The koala is significantly smaller than the shark. In reality, a koala is about the size of a loaf of bread, while a shark is a massive creature. The image exaggerates the koala's size to make it appear larger, which is not accurate.]",,,,"[Verdict: No
[Reasoning]: The koala is significantly smaller than the shark. In reality, a koala is about the size of a loaf of bread, while a shark is a massive creature. The image exaggerates the koala's size to make it appear larger, which is not accurate.]"
pair_204.png,Are the objects in their correct relative sizes?,No,"The hedgehog is significantly larger than the Komodo dragon in the image. The dragon appears to be about half the size of the hedgehog, which is incorrect. A Komodo dragon is typically much larger than a hedgehog.]",,,,"[Verdict: No
[Reasoning]: The hedgehog is significantly larger than the Komodo dragon in the image. The dragon appears to be about half the size of the hedgehog, which is incorrect. A Komodo dragon is typically much larger than a hedgehog.]"
pair_008.png,Are the objects in their correct relative sizes?,No,"The elephant is significantly larger than the panda in the image. The panda is depicted as being much smaller, which is not accurate relative to the elephant's size. A realistic depiction would show a much greater size difference between the two animals.]",,,,"[Verdict: No
[Reasoning]: The elephant is significantly larger than the panda in the image. The panda is depicted as being much smaller, which is not accurate relative to the elephant's size. A realistic depiction would show a much greater size difference between the two animals.]"
pair_164.png,Are the objects in their correct relative sizes?,No,"The red panda is significantly smaller than the camel in the image. In reality, a red panda is about 20-28 inches long and weighs around 7-19 pounds, while a camel can be several feet tall and weigh hundreds of pounds. The relative sizes in the image are drastically exaggerated, making the red panda appear much larger than it actually is.]",,,,"[Verdict: No
[Reasoning]: The red panda is significantly smaller than the camel in the image. In reality, a red panda is about 20-28 inches long and weighs around 7-19 pounds, while a camel can be several feet tall and weigh hundreds of pounds. The relative sizes in the image are drastically exaggerated, making the red panda appear much larger than it actually is.]"
pair_316.png,Are the objects in their correct relative sizes?,No,"The axolotl is significantly smaller than the toucan in the image. The toucan is much larger and more imposing, indicating a significant size difference between the two animals.",,,,"[Verdict: No
[Reasoning]: The axolotl is significantly smaller than the toucan in the image. The toucan is much larger and more imposing, indicating a significant size difference between the two animals."
pair_346.png,Are the objects in their correct relative sizes?,No,"The squid is significantly larger than the small insect in the foreground. A realistic depiction would show the insect being much smaller relative to the squid. The image clearly exaggerates the size difference, making the squid appear much larger than it should be compared to the insect.]",,,,"[Verdict: No
[Reasoning]: The squid is significantly larger than the small insect in the foreground. A realistic depiction would show the insect being much smaller relative to the squid. The image clearly exaggerates the size difference, making the squid appear much larger than it should be compared to the insect.]"
pair_274.png,Are the objects in their correct relative sizes?,No,"The bear is significantly larger than the walrus in the image. A realistic representation of their relative sizes would show the walrus as much smaller, as it is a marine mammal adapted to a life in the water and doesn't require the same level of bulk as a terrestrial bear.]",,,,"[Verdict: No
[Reasoning]: The bear is significantly larger than the walrus in the image. A realistic representation of their relative sizes would show the walrus as much smaller, as it is a marine mammal adapted to a life in the water and doesn't require the same level of bulk as a terrestrial bear.]"
pair_269.png,Are the objects in their correct relative sizes?,No,"The walrus is significantly larger than the koala in the image. The koala is depicted as being much smaller, but based on the visual representation, the walrus appears to be several times larger, suggesting a misrepresentation of their relative sizes.]",,,,"[Verdict: No
[Reasoning]: The walrus is significantly larger than the koala in the image. The koala is depicted as being much smaller, but based on the visual representation, the walrus appears to be several times larger, suggesting a misrepresentation of their relative sizes.]"
pair_087.png,Are the objects in their correct relative sizes?,No,"The giraffe is significantly larger than the sloth in the image. A giraffe is a very tall animal, while the sloth is a small, relatively low-to-the-ground creature. The relative sizes are not accurately represented in the image.]",,,,"[Verdict: No
[Reasoning]: The giraffe is significantly larger than the sloth in the image. A giraffe is a very tall animal, while the sloth is a small, relatively low-to-the-ground creature. The relative sizes are not accurately represented in the image.]"
pair_266.png,Are the objects in their correct relative sizes?,No,"The squid is significantly larger than the narwhal. In the image, the squid appears to be much bigger, dwarfing the narwhal. A typical adult narwhal is around 1.5 to 2 meters long, while the squid in the image appears to be several times that size, likely closer to 5-7 meters or more. This discrepancy in size is a clear indication that the relative sizes are not accurate.]",,,,"[Verdict: No
[Reasoning]: The squid is significantly larger than the narwhal. In the image, the squid appears to be much bigger, dwarfing the narwhal. A typical adult narwhal is around 1.5 to 2 meters long, while the squid in the image appears to be several times that size, likely closer to 5-7 meters or more. This discrepancy in size is a clear indication that the relative sizes are not accurate.]"
pair_271.png,Are the objects in their correct relative sizes?,No,The small pink creature in the bottom right corner appears to be significantly larger than the walrus. This indicates a misrepresentation of relative size. A typical walrus is much larger than a small pink creature like a hermit crab.],,,,"[Verdict: No
[Reasoning]: The small pink creature in the bottom right corner appears to be significantly larger than the walrus. This indicates a misrepresentation of relative size. A typical walrus is much larger than a small pink creature like a hermit crab.]"
pair_325.png,Are the objects in their correct relative sizes?,No,"The shark is significantly larger than the sloth. In reality, a great white shark is much bigger than a sloth. The image exaggerates the size difference to create a humorous or surprising visual.]",,,,"[Verdict: No
[Reasoning]: The shark is significantly larger than the sloth. In reality, a great white shark is much bigger than a sloth. The image exaggerates the size difference to create a humorous or surprising visual.]"
pair_024.png,Are the objects in their correct relative sizes?,No,The small insect in the bottom right corner appears to be significantly larger than the elephant. This indicates a misrepresentation of relative sizes. A realistic depiction would show the insect as much smaller than the elephant.],,,,"[Verdict: No
[Reasoning]: The small insect in the bottom right corner appears to be significantly larger than the elephant. This indicates a misrepresentation of relative sizes. A realistic depiction would show the insect as much smaller than the elephant.]"
pair_144.png,Are the objects in their correct relative sizes?,No,"The lemur is significantly smaller than the camel in the image. A lemur is typically around 15-25 cm (6-10 inches) in height, while the camel appears to be much taller, likely several meters. The relative sizes are drastically incorrect.]",,,,"[Verdict: No
[Reasoning]: The lemur is significantly smaller than the camel in the image. A lemur is typically around 15-25 cm (6-10 inches) in height, while the camel appears to be much taller, likely several meters. The relative sizes are drastically incorrect.]"
pair_065.png,Are the objects in their correct relative sizes?,No,"The meerkat on the left is significantly larger than the platypus on the right. In the image, the platypus appears much smaller, suggesting a misrepresentation of their relative sizes.]",,,,"[Verdict: No
[Reasoning]: The meerkat on the left is significantly larger than the platypus on the right. In the image, the platypus appears much smaller, suggesting a misrepresentation of their relative sizes.]"
pair_061.png,Are the objects in their correct relative sizes?,No,"The meerkat is significantly smaller than the camel in the image. A meerkat is typically around 20-25 cm (8-10 inches) tall, while the camel in the image appears to be several meters tall. The relative sizes are drastically incorrect, making the meerkat appear tiny compared to the camel.]",,,,"[Verdict: No
[Reasoning]: The meerkat is significantly smaller than the camel in the image. A meerkat is typically around 20-25 cm (8-10 inches) tall, while the camel in the image appears to be several meters tall. The relative sizes are drastically incorrect, making the meerkat appear tiny compared to the camel.]"
pair_098.png,Are the objects in their correct relative sizes?,No,"The hippo is significantly larger than the panda in the image. The panda is depicted as being much smaller, which is not the correct relative size of these two animals in reality. A fully grown hippo is considerably larger than a giant panda.]",,,,"[Verdict: No
[Reasoning]: The hippo is significantly larger than the panda in the image. The panda is depicted as being much smaller, which is not the correct relative size of these two animals in reality. A fully grown hippo is considerably larger than a giant panda.]"
pair_119.png,Are the objects in their correct relative sizes?,No,The red panda on the right is significantly smaller than the marten on the left. They are not depicted in a realistic relative size.],,,,"[Verdict: No
[Reasoning]: The red panda on the right is significantly smaller than the marten on the left. They are not depicted in a realistic relative size.]"
pair_028.png,Are the objects in their correct relative sizes?,No,"The cheetah is significantly larger than the meerkat in the image. The cheetah appears to be about 5-7 times larger than the meerkat, which is a considerable exaggeration. In reality, a cheetah is much bigger than a meerkat, but the image portrays a disproportionate size difference.]",,,,"[Verdict: No
[Reasoning]: The cheetah is significantly larger than the meerkat in the image. The cheetah appears to be about 5-7 times larger than the meerkat, which is a considerable exaggeration. In reality, a cheetah is much bigger than a meerkat, but the image portrays a disproportionate size difference.]"
pair_182.png,Are the objects in their correct relative sizes?,No,"The panda is significantly larger than the camel in the image. In reality, pandas are much smaller than camels. The image exaggerates the size difference to create a humorous visual.]",,,,"[Verdict: No
[Reasoning]: The panda is significantly larger than the camel in the image. In reality, pandas are much smaller than camels. The image exaggerates the size difference to create a humorous visual.]"
pair_117.png,Are the objects in their correct relative sizes?,No,"The hippo is significantly larger than the rooster in the image. The rooster is much smaller and appears to be quite close to the hippo's feet, which is not a realistic size comparison.",,,,"[Verdict: No
[Reasoning]: The hippo is significantly larger than the rooster in the image. The rooster is much smaller and appears to be quite close to the hippo's feet, which is not a realistic size comparison."
pair_149.png,Are the objects in their correct relative sizes?,No,"The lemur is significantly smaller than the kangaroo. In the image, the lemur appears to be about half the size of the kangaroo, which is a considerable difference in size. They are not represented in their correct relative proportions.]",,,,"[Verdict: No
[Reasoning]: The lemur is significantly smaller than the kangaroo. In the image, the lemur appears to be about half the size of the kangaroo, which is a considerable difference in size. They are not represented in their correct relative proportions.]"
pair_190.png,Are the objects in their correct relative sizes?,No,"The hedgehog is significantly smaller than the panda. In the image, the panda appears to be a large, imposing figure, while the hedgehog is tiny and almost hidden in the lower right corner. This indicates a significant size discrepancy between the two animals, suggesting the relative sizes are not accurate.]",,,,"[Verdict: No
[Reasoning]: The hedgehog is significantly smaller than the panda. In the image, the panda appears to be a large, imposing figure, while the hedgehog is tiny and almost hidden in the lower right corner. This indicates a significant size discrepancy between the two animals, suggesting the relative sizes are not accurate.]"
pair_162.png,Are the objects in their correct relative sizes?,No,"The red panda is significantly smaller than the Komodo dragon in the image. The dragon is much larger and longer, indicating a significant size discrepancy between the two animals.",,,,"[Verdict: No
[Reasoning]: The red panda is significantly smaller than the Komodo dragon in the image. The dragon is much larger and longer, indicating a significant size discrepancy between the two animals."
pair_296.png,Are the objects in their correct relative sizes?,No,"The platypus is significantly smaller than the koala. In the image, the koala appears to be much larger, suggesting a size discrepancy that isn't accurate in reality. Platypuses are considerably smaller mammals than koalas.]",,,,"[Verdict: No
[Reasoning]: The platypus is significantly smaller than the koala. In the image, the koala appears to be much larger, suggesting a size discrepancy that isn't accurate in reality. Platypuses are considerably smaller mammals than koalas.]"
pair_268.png,Are the objects in their correct relative sizes?,No,"The beluga whale is significantly larger than the walrus. In the image, the walrus appears much smaller than the beluga whale, which is a clear misrepresentation of their relative sizes. Beluga whales are considerably longer and bulkier than walruses.]",,,,"[Verdict: No
[Reasoning]: The beluga whale is significantly larger than the walrus. In the image, the walrus appears much smaller than the beluga whale, which is a clear misrepresentation of their relative sizes. Beluga whales are considerably longer and bulkier than walruses.]"
pair_158.png,Are the objects in their correct relative sizes?,No,"The lemur is significantly smaller than the shark. A realistic depiction of these animals would show a vast difference in size, and this image does not accurately reflect that. The shark is much, much larger than the lemur.]",,,,"[Verdict: No
[Reasoning]: The lemur is significantly smaller than the shark. A realistic depiction of these animals would show a vast difference in size, and this image does not accurately reflect that. The shark is much, much larger than the lemur.]"
pair_297.png,Are the objects in their correct relative sizes?,No,"The koala is significantly larger than the axolotl. In the image, the axolotl appears to be very small in comparison to the koala, indicating a significant size discrepancy. A koala is a large marsupial, while an axolotl is a small amphibian.",,,,"[Verdict: No
[Reasoning]: The koala is significantly larger than the axolotl. In the image, the axolotl appears to be very small in comparison to the koala, indicating a significant size discrepancy. A koala is a large marsupial, while an axolotl is a small amphibian."
pair_321.png,Are the objects in their correct relative sizes?,No,"The axolotl on the left is significantly smaller than the rooster on the right. The image clearly demonstrates a vast difference in size between the two animals, indicating that their relative sizes are not accurate.]",,,,"[Verdict: No
[Reasoning]: The axolotl on the left is significantly smaller than the rooster on the right. The image clearly demonstrates a vast difference in size between the two animals, indicating that their relative sizes are not accurate.]"
pair_173.png,Are the objects in their correct relative sizes?,No,"The red panda is significantly larger than the sloth. In the image, the red panda appears to be about twice as tall as the sloth, and much more robust in size overall. This suggests a misrepresentation of their relative sizes.]",,,,"[Verdict: No
[Reasoning]: The red panda is significantly larger than the sloth. In the image, the red panda appears to be about twice as tall as the sloth, and much more robust in size overall. This suggests a misrepresentation of their relative sizes.]"
pair_283.png,Are the objects in their correct relative sizes?,No,"The toucan is significantly larger than the whale. In reality, a toucan is a small bird, while a whale is a massive marine mammal. The image depicts the toucan as being much bigger than it should be relative to the whale, creating a distorted and inaccurate representation of their sizes.]",,,,"[Verdict: No
[Reasoning]: The toucan is significantly larger than the whale. In reality, a toucan is a small bird, while a whale is a massive marine mammal. The image depicts the toucan as being much bigger than it should be relative to the whale, creating a distorted and inaccurate representation of their sizes.]"
pair_218.png,Are the objects in their correct relative sizes?,No,"The toucan is significantly larger than the leopard in the image. A realistic depiction of these animals would show the leopard as much larger than the toucan, as it is a predator and the toucan is a small bird. The relative sizes in the image are inaccurate.]",,,,"[Verdict: No
[Reasoning]: The toucan is significantly larger than the leopard in the image. A realistic depiction of these animals would show the leopard as much larger than the toucan, as it is a predator and the toucan is a small bird. The relative sizes in the image are inaccurate.]"
pair_022.png,Are the objects in their correct relative sizes?,No,"The bear is significantly smaller than the elephant. In the image, the elephant appears to be much larger, dwarfing the bear which is depicted as a small cub. This indicates a significant size discrepancy that is not accurately represented in the image.]",,,,"[Verdict: No
[Reasoning]: The bear is significantly smaller than the elephant. In the image, the elephant appears to be much larger, dwarfing the bear which is depicted as a small cub. This indicates a significant size discrepancy that is not accurately represented in the image.]"
pair_073.png,Are the objects in their correct relative sizes?,No,"The giraffe is significantly larger than the lemur in the image. A giraffe is a very tall animal, while the lemur is quite small. The relative sizes are not accurately represented in the image.]",,,,"[Verdict: No
[Reasoning]: The giraffe is significantly larger than the lemur in the image. A giraffe is a very tall animal, while the lemur is quite small. The relative sizes are not accurately represented in the image.]"
pair_034.png,Are the objects in their correct relative sizes?,No,"The cheetah is significantly larger than the panda in the image. A cheetah is a large predator, typically around 6-7 feet long and weighing 120-145 pounds, while a panda is much smaller, typically around 4-6 feet long and weighing 220-300 pounds. The relative sizes in the image are not accurate.]",,,,"[Verdict: No
[Reasoning]: The cheetah is significantly larger than the panda in the image. A cheetah is a large predator, typically around 6-7 feet long and weighing 120-145 pounds, while a panda is much smaller, typically around 4-6 feet long and weighing 220-300 pounds. The relative sizes in the image are not accurate.]"
pair_302.png,Are the objects in their correct relative sizes?,No,"The koala is significantly larger than the hedgehog in the image. A koala is a large marsupial, while a hedgehog is a small rodent. The relative sizes in the image are not accurate.]",,,,"[Verdict: No
[Reasoning]: The koala is significantly larger than the hedgehog in the image. A koala is a large marsupial, while a hedgehog is a small rodent. The relative sizes in the image are not accurate.]"
pair_043.png,Are the objects in their correct relative sizes?,No,"The cheetah is significantly larger than the koala. In the image, the cheetah appears to be about three to four times the size of the koala, which is a considerable difference. A koala is a relatively small animal, and the cheetah is a large predator, so their sizes should be drastically different.]",,,,"[Verdict: No
[Reasoning]: The cheetah is significantly larger than the koala. In the image, the cheetah appears to be about three to four times the size of the koala, which is a considerable difference. A koala is a relatively small animal, and the cheetah is a large predator, so their sizes should be drastically different.]"
pair_009.png,Are the objects in their correct relative sizes?,No,"The relative sizes of the elephant and the monitor lizard are significantly off. The monitor lizard is much smaller than it should be in proportion to the elephant in the image. It appears to be almost the same size as a small toy, while the elephant is depicted as a large, imposing creature.",,,,"[Verdict: No
[Reasoning]: The relative sizes of the elephant and the monitor lizard are significantly off. The monitor lizard is much smaller than it should be in proportion to the elephant in the image. It appears to be almost the same size as a small toy, while the elephant is depicted as a large, imposing creature."
pair_279.png,Are the objects in their correct relative sizes?,No,"The whale is significantly larger than the koala. In the image, the whale appears to be many times bigger than the koala, which is not a realistic representation of their relative sizes. A blue whale, for example, is much larger than a koala.]",,,,"[Verdict: No
[Reasoning]: The whale is significantly larger than the koala. In the image, the whale appears to be many times bigger than the koala, which is not a realistic representation of their relative sizes. A blue whale, for example, is much larger than a koala.]"
pair_078.png,Are the objects in their correct relative sizes?,No,"The giraffe is significantly larger than the camel in the image. A visual comparison clearly shows the giraffe is much taller and has a much larger body size, indicating a significant size difference that isn't accurately represented in the image.]",,,,"[Verdict: No
[Reasoning]: The giraffe is significantly larger than the camel in the image. A visual comparison clearly shows the giraffe is much taller and has a much larger body size, indicating a significant size difference that isn't accurately represented in the image.]"
pair_126.png,Are the objects in their correct relative sizes?,No,"The dog is significantly smaller than the walrus. In the image, the dog appears to be about half the size of the walrus, which is a considerable exaggeration. A realistic depiction would show the walrus as much larger than the dog.]",,,,"[Verdict: No
[Reasoning]: The dog is significantly smaller than the walrus. In the image, the dog appears to be about half the size of the walrus, which is a considerable exaggeration. A realistic depiction would show the walrus as much larger than the dog.]"
pair_198.png,Are the objects in their correct relative sizes?,No,"The Komodo dragon is significantly larger than the koala. In the image, the dragon appears much longer and more massive, while the koala is small and compact. They are not represented at a realistic scale relative to each other.]",,,,"[Verdict: No
[Reasoning]: The Komodo dragon is significantly larger than the koala. In the image, the dragon appears much longer and more massive, while the koala is small and compact. They are not represented at a realistic scale relative to each other.]"
pair_298.png,Are the objects in their correct relative sizes?,No,"The sloth is significantly larger than the koala in the image. A sloth is a much bigger animal than a koala, and the relative sizes in the illustration are not accurately represented. The sloth appears to be much bigger and more substantial than the koala, which is a smaller, more compact animal.]",,,,"[Verdict: No
[Reasoning]: The sloth is significantly larger than the koala in the image. A sloth is a much bigger animal than a koala, and the relative sizes in the illustration are not accurately represented. The sloth appears to be much bigger and more substantial than the koala, which is a smaller, more compact animal.]"
pair_291.png,Are the objects in their correct relative sizes?,No,"The kangaroo is significantly larger than the toucan in the image. The toucan is depicted as being quite small in comparison, suggesting a misrepresentation of their relative sizes. A real kangaroo would be much larger than a toucan.]",,,,"[Verdict: No
[Reasoning]: The kangaroo is significantly larger than the toucan in the image. The toucan is depicted as being quite small in comparison, suggesting a misrepresentation of their relative sizes. A real kangaroo would be much larger than a toucan.]"
pair_083.png,Are the objects in their correct relative sizes?,No,"The giraffe is significantly larger than the kangaroo. In the image, the giraffe appears to be towering over the kangaroo, which is a clear exaggeration of the actual size difference between these animals. A real giraffe is much taller than a kangaroo.]",,,,"[Verdict: No
[Reasoning]: The giraffe is significantly larger than the kangaroo. In the image, the giraffe appears to be towering over the kangaroo, which is a clear exaggeration of the actual size difference between these animals. A real giraffe is much taller than a kangaroo.]"
pair_027.png,Are the objects in their correct relative sizes?,No,"The elephant is significantly larger than the rooster in the image. The rooster is extremely small in comparison to the elephant, indicating a significant size discrepancy that is not accurate in reality.]",,,,"[Verdict: No
[Reasoning]: The elephant is significantly larger than the rooster in the image. The rooster is extremely small in comparison to the elephant, indicating a significant size discrepancy that is not accurate in reality.]"
pair_123.png,Are the objects in their correct relative sizes?,No,The weasel is significantly smaller than the camel in the image. The relative sizes are not accurate; the weasel appears much larger than it should be in proportion to the camel.],,,,"[Verdict: No
[Reasoning]: The weasel is significantly smaller than the camel in the image. The relative sizes are not accurate; the weasel appears much larger than it should be in proportion to the camel.]"
pair_130.png,Are the objects in their correct relative sizes?,No,"The platypus on the right is significantly smaller than the quoll on the left. A platypus is typically around 16-20 inches long, while the quoll in the image appears to be much larger, likely around 2-3 feet long. This discrepancy in size is a clear indication that the relative sizes are not accurate.]",,,,"[Verdict: No
[Reasoning]: The platypus on the right is significantly smaller than the quoll on the left. A platypus is typically around 16-20 inches long, while the quoll in the image appears to be much larger, likely around 2-3 feet long. This discrepancy in size is a clear indication that the relative sizes are not accurate.]"
pair_344.png,Are the objects in their correct relative sizes?,No,"The shark is significantly larger than the octopus in the image. In reality, sharks are much bigger than octopuses. The relative sizes in the image are inaccurate, making the shark appear much smaller than it actually is.]",,,,"[Verdict: No
[Reasoning]: The shark is significantly larger than the octopus in the image. In reality, sharks are much bigger than octopuses. The relative sizes in the image are inaccurate, making the shark appear much smaller than it actually is.]"
pair_138.png,Are the objects in their correct relative sizes?,No,"The polar bear is significantly larger than the squid. In the image, the squid appears to be quite small compared to the bear, which is a reasonable depiction of the size difference between the two animals. However, the relative sizes are not accurately represented in the image.]",,,,"[Verdict: No
[Reasoning]: The polar bear is significantly larger than the squid. In the image, the squid appears to be quite small compared to the bear, which is a reasonable depiction of the size difference between the two animals. However, the relative sizes are not accurately represented in the image.]"
pair_251.png,Are the objects in their correct relative sizes?,No,"The reindeer is significantly larger than the penguin in the image. A realistic representation of their sizes would have the penguin much smaller, as penguins are adapted to cold climates and are generally smaller than large ungulates like reindeer.]",,,,"[Verdict: No
[Reasoning]: The reindeer is significantly larger than the penguin in the image. A realistic representation of their sizes would have the penguin much smaller, as penguins are adapted to cold climates and are generally smaller than large ungulates like reindeer.]"
pair_287.png,Are the objects in their correct relative sizes?,No,"The whale is significantly larger than the squid. In the image, the whale appears to be about twice as tall as the squid, and much wider. A realistic representation would show a much smaller whale relative to the squid.]",,,,"[Verdict: No
[Reasoning]: The whale is significantly larger than the squid. In the image, the whale appears to be about twice as tall as the squid, and much wider. A realistic representation would show a much smaller whale relative to the squid.]"
pair_207.png,Are the objects in their correct relative sizes?,No,"The rooster is significantly larger than the Komodo dragon. In the image, the rooster appears much bigger in size compared to the Komodo dragon, which is a large reptile but not nearly as large as the rooster depicted.",,,,"[Verdict: No
[Reasoning]: The rooster is significantly larger than the Komodo dragon. In the image, the rooster appears much bigger in size compared to the Komodo dragon, which is a large reptile but not nearly as large as the rooster depicted."
pair_211.png,Are the objects in their correct relative sizes?,No,"The leopard is significantly smaller than the walrus. In the image, the leopard appears to be about half the size of the walrus, which is a considerable exaggeration. A real leopard would be much smaller than a walrus, which is a massive marine mammal.]",,,,"[Verdict: No
[Reasoning]: The leopard is significantly smaller than the walrus. In the image, the leopard appears to be about half the size of the walrus, which is a considerable exaggeration. A real leopard would be much smaller than a walrus, which is a massive marine mammal.]"
pair_055.png,Are the objects in their correct relative sizes?,No,"The meerkat is significantly smaller than the hippopotamus in the image. The image clearly demonstrates a vast size difference between the two animals, and the relative sizes are not accurately represented.",,,,"[Verdict: No
[Reasoning]: The meerkat is significantly smaller than the hippopotamus in the image. The image clearly demonstrates a vast size difference between the two animals, and the relative sizes are not accurately represented."
pair_111.png,Are the objects in their correct relative sizes?,No,"The hippo is significantly larger than the toucan. In the image, the toucan appears to be very small relative to the hippo, which is a considerable exaggeration. A real-life toucan would be much smaller than a hippo.]",,,,"[Verdict: No
[Reasoning]: The hippo is significantly larger than the toucan. In the image, the toucan appears to be very small relative to the hippo, which is a considerable exaggeration. A real-life toucan would be much smaller than a hippo.]"
pair_170.png,Are the objects in their correct relative sizes?,No,"The koala is significantly larger than the red panda. In the image, the koala appears much taller and broader, while the red panda is small and compact. Their relative sizes are not accurate in the illustration.]",,,,"[Verdict: No
[Reasoning]: The koala is significantly larger than the red panda. In the image, the koala appears much taller and broader, while the red panda is small and compact. Their relative sizes are not accurate in the illustration.]"
pair_201.png,Are the objects in their correct relative sizes?,No,"The Komodo dragon is significantly larger than the sloth in the image. The sloth appears to be quite small in comparison to the dragon, which is depicted as a large reptile. Therefore, the relative sizes are not accurate.]",,,,"[Verdict: No
[Reasoning]: The Komodo dragon is significantly larger than the sloth in the image. The sloth appears to be quite small in comparison to the dragon, which is depicted as a large reptile. Therefore, the relative sizes are not accurate.]"
pair_079.png,Are the objects in their correct relative sizes?,No,The giraffe is significantly larger than the reindeer in the image. The reindeer appears to be quite small in comparison to the towering height and size of the giraffe. They are clearly not represented with accurate relative proportions.],,,,"[Verdict: No
[Reasoning]: The giraffe is significantly larger than the reindeer in the image. The reindeer appears to be quite small in comparison to the towering height and size of the giraffe. They are clearly not represented with accurate relative proportions.]"
pair_214.png,Are the objects in their correct relative sizes?,No,"The leopard is significantly larger than the koala. In the image, the leopard appears to be about twice the size of the koala, which is a considerable difference. A realistic representation of their relative sizes would show the leopard as much larger.]",,,,"[Verdict: No
[Reasoning]: The leopard is significantly larger than the koala. In the image, the leopard appears to be about twice the size of the koala, which is a considerable difference. A realistic representation of their relative sizes would show the leopard as much larger.]"
pair_343.png,Are the objects in their correct relative sizes?,No,"The hedgehog is significantly smaller than the rooster. In the image, the rooster is much larger and towering over the hedgehog, indicating a significant size difference between the two animals.",,,,"[Verdict: No
[Reasoning]: The hedgehog is significantly smaller than the rooster. In the image, the rooster is much larger and towering over the hedgehog, indicating a significant size difference between the two animals."
pair_318.png,Are the objects in their correct relative sizes?,No,"The hedgehog is significantly larger than the axolotl. In the image, the hedgehog appears to be about three to four times larger than the axolotl, which is a considerable difference in size. They are clearly not at a correct relative size.]",,,,"[Verdict: No
[Reasoning]: The hedgehog is significantly larger than the axolotl. In the image, the hedgehog appears to be about three to four times larger than the axolotl, which is a considerable difference in size. They are clearly not at a correct relative size.]"
pair_257.png,Are the objects in their correct relative sizes?,No,"The smaller narwhal in the image is significantly smaller than the larger narwhal. In reality, adult narwhals can reach lengths of 5-6 meters (16-20 feet), while calves are considerably smaller, typically around 1.5-2 meters (5-7 feet) long. The image does not accurately represent this size difference.]",,,,"[Verdict: No
[Reasoning]: The smaller narwhal in the image is significantly smaller than the larger narwhal. In reality, adult narwhals can reach lengths of 5-6 meters (16-20 feet), while calves are considerably smaller, typically around 1.5-2 meters (5-7 feet) long. The image does not accurately represent this size difference.]"
pair_096.png,Are the objects in their correct relative sizes?,No,"The lemur is significantly smaller than the hippopotamus. In the image, the hippopotamus appears to be much larger, and the lemur is tiny in comparison. They are not represented at a realistic scale relative to each other.]",,,,"[Verdict: No
[Reasoning]: The lemur is significantly smaller than the hippopotamus. In the image, the hippopotamus appears to be much larger, and the lemur is tiny in comparison. They are not represented at a realistic scale relative to each other.]"
pair_270.png,Are the objects in their correct relative sizes?,No,"The platypus is significantly smaller than the walrus in the image. A walrus is a very large marine mammal, while a platypus is a relatively small, semi-aquatic animal. The relative sizes are clearly mismatched, making the platypus appear much too small compared to the walrus.]",,,,"[Verdict: No
[Reasoning]: The platypus is significantly smaller than the walrus in the image. A walrus is a very large marine mammal, while a platypus is a relatively small, semi-aquatic animal. The relative sizes are clearly mismatched, making the platypus appear much too small compared to the walrus.]"
pair_280.png,Are the objects in their correct relative sizes?,No,"The small brown object (likely a beetle) is significantly larger than the whale. The whale is a massive animal, and the beetle is tiny in comparison. Therefore, their relative sizes are not correct.]",,,,"[Verdict: No
[Reasoning]: The small brown object (likely a beetle) is significantly larger than the whale. The whale is a massive animal, and the beetle is tiny in comparison. Therefore, their relative sizes are not correct.]"
pair_036.png,Are the objects in their correct relative sizes?,No,"The cheetah on the left is significantly larger than the snow leopard on the right. A cheetah is typically around 4.5 to 6 feet long and weighs 75 to 140 pounds, while a snow leopard is usually around 6.5 to 8.5 feet long and weighs 65 to 165 pounds. The image clearly shows the cheetah as much larger than the snow leopard, which is not accurate.]",,,,"[Verdict: No
[Reasoning]: The cheetah on the left is significantly larger than the snow leopard on the right. A cheetah is typically around 4.5 to 6 feet long and weighs 75 to 140 pounds, while a snow leopard is usually around 6.5 to 8.5 feet long and weighs 65 to 165 pounds. The image clearly shows the cheetah as much larger than the snow leopard, which is not accurate.]"
pair_282.png,Are the objects in their correct relative sizes?,No,"The whale is significantly larger than the small branch it's holding in its mouth. The branch appears to be roughly the size of a small twig, while the whale is depicted as a large animal. Therefore, the relative sizes are not accurate.]",,,,"[Verdict: No
[Reasoning]: The whale is significantly larger than the small branch it's holding in its mouth. The branch appears to be roughly the size of a small twig, while the whale is depicted as a large animal. Therefore, the relative sizes are not accurate.]"
pair_263.png,Are the objects in their correct relative sizes?,No,"The bear is significantly larger than the narwhal. In the image, the bear appears to be much taller and wider, indicating a substantial size difference compared to the narwhal, which is a relatively small marine mammal.]",,,,"[Verdict: No
[Reasoning]: The bear is significantly larger than the narwhal. In the image, the bear appears to be much taller and wider, indicating a substantial size difference compared to the narwhal, which is a relatively small marine mammal.]"
pair_124.png,Are the objects in their correct relative sizes?,No,The badger is significantly smaller than the caribou in the image. The relative sizes are not accurate; the badger appears much larger than it actually is compared to the caribou.],,,,"[Verdict: No
[Reasoning]: The badger is significantly smaller than the caribou in the image. The relative sizes are not accurate; the badger appears much larger than it actually is compared to the caribou.]"
pair_105.png,Are the objects in their correct relative sizes?,No,"The whale is significantly larger than the hippo in the image. A blue whale is typically much bigger than a hippopotamus, and this image clearly depicts a whale that is substantially larger than the hippo.]",,,,"[Verdict: No
[Reasoning]: The whale is significantly larger than the hippo in the image. A blue whale is typically much bigger than a hippopotamus, and this image clearly depicts a whale that is substantially larger than the hippo.]"
pair_289.png,Are the objects in their correct relative sizes?,No,"The kangaroo is significantly larger than the koala. In the image, the koala is dwarfed by the kangaroo, indicating a significant size difference between the two animals. They are not depicted in their correct relative sizes.]",,,,"[Verdict: No
[Reasoning]: The kangaroo is significantly larger than the koala. In the image, the koala is dwarfed by the kangaroo, indicating a significant size difference between the two animals. They are not depicted in their correct relative sizes.]"
pair_074.png,Are the objects in their correct relative sizes?,No,"The giraffe is significantly larger than the red panda. In the image, the giraffe appears to be towering over the red panda, which is much smaller and closer to the ground. This indicates a significant size discrepancy that is not accurately represented in the image.]",,,,"[Verdict: No
[Reasoning]: The giraffe is significantly larger than the red panda. In the image, the giraffe appears to be towering over the red panda, which is much smaller and closer to the ground. This indicates a significant size discrepancy that is not accurately represented in the image.]"
pair_249.png,Are the objects in their correct relative sizes?,No,"The toucans in the image are significantly larger than the caribou. In reality, toucans are much smaller birds than caribou, which are large deer species. The image clearly exaggerates the size difference between the two animals, making the toucans appear much bigger than they actually are.]",,,,"[Verdict: No
[Reasoning]: The toucans in the image are significantly larger than the caribou. In reality, toucans are much smaller birds than caribou, which are large deer species. The image clearly exaggerates the size difference between the two animals, making the toucans appear much bigger than they actually are.]"
pair_121.png,Are the objects in their correct relative sizes?,No,"The dog is significantly smaller than the Komodo dragon. In the image, the dog appears to be roughly the size of a small puppy, while the Komodo dragon is depicted as a large reptile. A reasonable estimate would place the dog as being about 1/8th the size of the Komodo dragon, which is not represented in the image.]",,,,"[Verdict: No
[Reasoning]: The dog is significantly smaller than the Komodo dragon. In the image, the dog appears to be roughly the size of a small puppy, while the Komodo dragon is depicted as a large reptile. A reasonable estimate would place the dog as being about 1/8th the size of the Komodo dragon, which is not represented in the image.]"
pair_219.png,Are the objects in their correct relative sizes?,No,The snow leopard is significantly smaller than the brown bear in the image. A visual comparison clearly shows the bear is much larger and more imposing in size compared to the leopard. The relative sizes are not accurately represented in the image.],,,,"[Verdict: No
[Reasoning]: The snow leopard is significantly smaller than the brown bear in the image. A visual comparison clearly shows the bear is much larger and more imposing in size compared to the leopard. The relative sizes are not accurately represented in the image.]"
pair_304.png,Are the objects in their correct relative sizes?,No,"The koala is significantly larger than the squid in the image. A koala is a relatively large marsupial, while a squid is a small marine invertebrate. The relative sizes are drastically mismatched, making them appear to be at completely different scales.]",,,,"[Verdict: No
[Reasoning]: The koala is significantly larger than the squid in the image. A koala is a relatively large marsupial, while a squid is a small marine invertebrate. The relative sizes are drastically mismatched, making them appear to be at completely different scales.]"
pair_115.png,Are the objects in their correct relative sizes?,No,"The shark is significantly larger than the hippo in the image. A real great white shark is considerably bigger than a hippo, and the relative sizes in the illustration are not accurately depicted.",,,,"[Verdict: No
[Reasoning]: The shark is significantly larger than the hippo in the image. A real great white shark is considerably bigger than a hippo, and the relative sizes in the illustration are not accurately depicted."
pair_261.png,Are the objects in their correct relative sizes?,No,"The narwhal is significantly larger than the small branch it's interacting with. The branch appears to be a tiny, almost insignificant object in comparison to the massive size of the narwhal. This indicates a significant size discrepancy, suggesting the relative sizes are not accurate.]",,,,"[Verdict: No
[Reasoning]: The narwhal is significantly larger than the small branch it's interacting with. The branch appears to be a tiny, almost insignificant object in comparison to the massive size of the narwhal. This indicates a significant size discrepancy, suggesting the relative sizes are not accurate.]"
pair_046.png,Are the objects in their correct relative sizes?,No,"The cheetah is significantly larger than the sloth. In the image, the cheetah appears to be much taller and broader, while the sloth is tiny in comparison. They are clearly not at a realistic relative size.]",,,,"[Verdict: No
[Reasoning]: The cheetah is significantly larger than the sloth. In the image, the cheetah appears to be much taller and broader, while the sloth is tiny in comparison. They are clearly not at a realistic relative size.]"
pair_185.png,Are the objects in their correct relative sizes?,No,"The koala is significantly smaller than the panda in the image. A panda is a much larger animal compared to a koala, and the relative sizes in the image do not accurately reflect this difference.",,,,"[Verdict: No
[Reasoning]: The koala is significantly smaller than the panda in the image. A panda is a much larger animal compared to a koala, and the relative sizes in the image do not accurately reflect this difference."
pair_094.png,Are the objects in their correct relative sizes?,No,"The giraffe is significantly larger than the rooster in the image. The rooster is very small in comparison to the giraffe's height and overall size, indicating a significant size discrepancy that is not accurately represented.]",,,,"[Verdict: No
[Reasoning]: The giraffe is significantly larger than the rooster in the image. The rooster is very small in comparison to the giraffe's height and overall size, indicating a significant size discrepancy that is not accurately represented.]"
pair_317.png,Are the objects in their correct relative sizes?,No,"The axolotl is significantly smaller than the bear in the image. A realistic depiction would show a much larger difference in size between the two animals. The axolotl appears to be almost the same size as a small toy, while the bear is a large adult animal.",,,,"[Verdict: No
[Reasoning]: The axolotl is significantly smaller than the bear in the image. A realistic depiction would show a much larger difference in size between the two animals. The axolotl appears to be almost the same size as a small toy, while the bear is a large adult animal."
pair_338.png,Are the objects in their correct relative sizes?,No,"The bear is significantly larger than the rooster. In the image, the bear appears to be about twice the size of the rooster, which is not a realistic representation of their relative sizes. A bear is much larger than a rooster.]",,,,"[Verdict: No
[Reasoning]: The bear is significantly larger than the rooster. In the image, the bear appears to be about twice the size of the rooster, which is not a realistic representation of their relative sizes. A bear is much larger than a rooster.]"
pair_299.png,Are the objects in their correct relative sizes?,No,"The toucan is significantly larger than the koala in the image. A realistic depiction of their sizes would have the koala much smaller than the toucan, as toucans are known for their large size and long beaks. The image clearly misrepresents the relative scale of these two animals.]",,,,"[Verdict: No
[Reasoning]: The toucan is significantly larger than the koala in the image. A realistic depiction of their sizes would have the koala much smaller than the toucan, as toucans are known for their large size and long beaks. The image clearly misrepresents the relative scale of these two animals.]"
pair_202.png,Are the objects in their correct relative sizes?,No,"The toucan is significantly larger than the Komodo dragon in the image. A realistic depiction would show the dragon being much larger than the bird, as it would be the primary food source for the toucan. The relative sizes in the image are inaccurate.]",,,,"[Verdict: No
[Reasoning]: The toucan is significantly larger than the Komodo dragon in the image. A realistic depiction would show the dragon being much larger than the bird, as it would be the primary food source for the toucan. The relative sizes in the image are inaccurate.]"
pair_307.png,Are the objects in their correct relative sizes?,No,"The platypus is significantly larger than the sloth. In the image, the platypus appears much bigger and more substantial compared to the sloth, which is hanging upside down and looks quite small in comparison.",,,,"[Verdict: No
[Reasoning]: The platypus is significantly larger than the sloth. In the image, the platypus appears much bigger and more substantial compared to the sloth, which is hanging upside down and looks quite small in comparison."
pair_018.png,Are the objects in their correct relative sizes?,No,The tortoise is significantly smaller than the elephant in the image. The relative sizes are not accurate; the tortoise appears much larger than it actually is in proportion to the elephant.],,,,"[Verdict: No
[Reasoning]: The tortoise is significantly smaller than the elephant in the image. The relative sizes are not accurate; the tortoise appears much larger than it actually is in proportion to the elephant.]"
pair_095.png,Are the objects in their correct relative sizes?,No,"The honey badger is significantly smaller than the hippopotamus. In the image, the badger appears to be about one-tenth the size of the hippo, which is a considerable difference and not representative of their actual size difference in the real world. A honey badger is typically around 2-3 feet long and 15-25 pounds, while a hippo can be 10-16 feet long and 3,300-7,000 pounds.]",,,,"[Verdict: No
[Reasoning]: The honey badger is significantly smaller than the hippopotamus. In the image, the badger appears to be about one-tenth the size of the hippo, which is a considerable difference and not representative of their actual size difference in the real world. A honey badger is typically around 2-3 feet long and 15-25 pounds, while a hippo can be 10-16 feet long and 3,300-7,000 pounds.]"
pair_035.png,Are the objects in their correct relative sizes?,No,"The cheetah is significantly larger than the Komodo dragon. In the image, the cheetah appears much taller and broader, while the Komodo dragon is comparatively small and slender. This indicates a misrepresentation of their relative sizes.]",,,,"[Verdict: No
[Reasoning]: The cheetah is significantly larger than the Komodo dragon. In the image, the cheetah appears much taller and broader, while the Komodo dragon is comparatively small and slender. This indicates a misrepresentation of their relative sizes.]"
pair_146.png,Are the objects in their correct relative sizes?,No,"The lemur is significantly larger than the narwhal. In reality, a lemur is a small primate, while a narwhal is a large whale. The image depicts a drastically incorrect size comparison, making the lemur appear much bigger than it should be relative to the narwhal.]",,,,"[Verdict: No
[Reasoning]: The lemur is significantly larger than the narwhal. In reality, a lemur is a small primate, while a narwhal is a large whale. The image depicts a drastically incorrect size comparison, making the lemur appear much bigger than it should be relative to the narwhal.]"
pair_113.png,Are the objects in their correct relative sizes?,No,"The penguin is significantly smaller than the hippopotamus. In the image, the hippopotamus appears to be much larger, dwarfing the penguin. This is a clear exaggeration of size, as a hippopotamus is considerably bigger than a penguin.]",,,,"[Verdict: No
[Reasoning]: The penguin is significantly smaller than the hippopotamus. In the image, the hippopotamus appears to be much larger, dwarfing the penguin. This is a clear exaggeration of size, as a hippopotamus is considerably bigger than a penguin.]"
pair_131.png,Are the objects in their correct relative sizes?,No,"The axolotl is significantly smaller than the badger in the image. The badger appears to be roughly twice the size of the axolotl, but in reality, a badger is much larger than an axolotl. The image does not accurately represent the relative sizes of these animals.]",,,,"[Verdict: No
[Reasoning]: The axolotl is significantly smaller than the badger in the image. The badger appears to be roughly twice the size of the axolotl, but in reality, a badger is much larger than an axolotl. The image does not accurately represent the relative sizes of these animals.]"
pair_140.png,Are the objects in their correct relative sizes?,No,"The lemur on the left is significantly larger than the red panda on the right. In reality, red pandas are considerably smaller than lemurs. The image exaggerates the size difference for visual appeal, making the lemur appear much bigger than it actually is.]",,,,"[Verdict: No
[Reasoning]: The lemur on the left is significantly larger than the red panda on the right. In reality, red pandas are considerably smaller than lemurs. The image exaggerates the size difference for visual appeal, making the lemur appear much bigger than it actually is.]"
pair_186.png,Are the objects in their correct relative sizes?,No,"The platypus is significantly smaller than the panda. In the image, the panda appears to be much larger and more imposing, while the platypus is tiny in comparison. This indicates a significant size discrepancy that is not accurately represented in the illustration.]",,,,"[Verdict: No
[Reasoning]: The platypus is significantly smaller than the panda. In the image, the panda appears to be much larger and more imposing, while the platypus is tiny in comparison. This indicates a significant size discrepancy that is not accurately represented in the illustration.]"
pair_001.png,Are the objects in their correct relative sizes?,No,The cheetah is significantly smaller than the elephant in the image. The relative sizes are not accurate; the cheetah appears much larger than it actually is compared to the elephant.],,,,"[Verdict: No
[Reasoning]: The cheetah is significantly smaller than the elephant in the image. The relative sizes are not accurate; the cheetah appears much larger than it actually is compared to the elephant.]"
pair_292.png,Are the objects in their correct relative sizes?,No,"The bear is significantly larger than the kangaroo. In the image, the bear appears much taller and broader, indicating a substantial size difference between the two animals. A realistic depiction would show a much smaller kangaroo relative to the bear.]",,,,"[Verdict: No
[Reasoning]: The bear is significantly larger than the kangaroo. In the image, the bear appears much taller and broader, indicating a substantial size difference between the two animals. A realistic depiction would show a much smaller kangaroo relative to the bear.]"
pair_240.png,Are the objects in their correct relative sizes?,No,"The rooster is significantly larger than the camel in the image. A typical rooster is much bigger than a camel, and this image depicts the rooster as being considerably larger, creating a misrepresentation of their relative sizes.]",,,,"[Verdict: No
[Reasoning]: The rooster is significantly larger than the camel in the image. A typical rooster is much bigger than a camel, and this image depicts the rooster as being considerably larger, creating a misrepresentation of their relative sizes.]"
pair_192.png,Are the objects in their correct relative sizes?,No,"The leopard is significantly larger than the Komodo dragon. In the image, the leopard appears much bigger in terms of height and overall size, while the Komodo dragon is considerably smaller. This indicates a misrepresentation of their relative sizes.]",,,,"[Verdict: No
[Reasoning]: The leopard is significantly larger than the Komodo dragon. In the image, the leopard appears much bigger in terms of height and overall size, while the Komodo dragon is considerably smaller. This indicates a misrepresentation of their relative sizes.]"
pair_163.png,Are the objects in their correct relative sizes?,No,"The red panda is significantly smaller than the snow leopard in the image. The snow leopard is much larger and appears to be almost twice the size of the red panda, which is clearly visible in the image.]",,,,"[Verdict: No
[Reasoning]: The red panda is significantly smaller than the snow leopard in the image. The snow leopard is much larger and appears to be almost twice the size of the red panda, which is clearly visible in the image.]"
pair_305.png,Are the objects in their correct relative sizes?,No,"The koala is significantly larger than the rooster. In the image, the koala appears to be much bigger and more imposing, while the rooster is small and compact in comparison. They are clearly not at a realistic relative size.]",,,,"[Verdict: No
[Reasoning]: The koala is significantly larger than the rooster. In the image, the koala appears to be much bigger and more imposing, while the rooster is small and compact in comparison. They are clearly not at a realistic relative size.]"
pair_026.png,Are the objects in their correct relative sizes?,No,"The elephant is significantly larger than the squid in the image. A realistic depiction would show the squid being much smaller, perhaps only a few feet long, while the elephant is depicted as a full-sized adult. The relative sizes are drastically off, making it clear that the image is not accurately representing the scale of these animals.]",,,,"[Verdict: No
[Reasoning]: The elephant is significantly larger than the squid in the image. A realistic depiction would show the squid being much smaller, perhaps only a few feet long, while the elephant is depicted as a full-sized adult. The relative sizes are drastically off, making it clear that the image is not accurately representing the scale of these animals.]"
pair_183.png,Are the objects in their correct relative sizes?,No,"The reindeer is significantly larger than the panda. In the image, the panda appears to be quite small compared to the reindeer, which is depicted as a large animal with prominent antlers. A visual comparison clearly shows a disparity in size between the two creatures.]",,,,"[Verdict: No
[Reasoning]: The reindeer is significantly larger than the panda. In the image, the panda appears to be quite small compared to the reindeer, which is depicted as a large animal with prominent antlers. A visual comparison clearly shows a disparity in size between the two creatures.]"
pair_040.png,Are the objects in their correct relative sizes?,No,"The cheetah is significantly smaller than the walrus in the image. The cheetah appears to be roughly the size of a medium-sized dog, while the walrus is depicted as a massive animal, clearly much larger than the cheetah. The relative sizes are not accurate in the image.]",,,,"[Verdict: No
[Reasoning]: The cheetah is significantly smaller than the walrus in the image. The cheetah appears to be roughly the size of a medium-sized dog, while the walrus is depicted as a massive animal, clearly much larger than the cheetah. The relative sizes are not accurate in the image.]"
pair_057.png,Are the objects in their correct relative sizes?,No,"The lemur is significantly larger than the meerkat. In the image, the lemur appears to be about twice the height of the meerkat, and also much broader. This indicates a significant size difference between the two animals, which is not accurately represented in the image.]",,,,"[Verdict: No
[Reasoning]: The lemur is significantly larger than the meerkat. In the image, the lemur appears to be about twice the height of the meerkat, and also much broader. This indicates a significant size difference between the two animals, which is not accurately represented in the image.]"
pair_319.png,Are the objects in their correct relative sizes?,No,"The shark is significantly larger than the two small, dark shapes in the lower left corner, which appear to be birds. A shark of that size would typically be much larger than these birds, making the relative sizes inaccurate.]",,,,"[Verdict: No
[Reasoning]: The shark is significantly larger than the two small, dark shapes in the lower left corner, which appear to be birds. A shark of that size would typically be much larger than these birds, making the relative sizes inaccurate.]"
pair_224.png,Are the objects in their correct relative sizes?,No,"The rooster is significantly smaller than the snow leopard. In the image, the rooster appears to be about half the size of the leopard, which is not a realistic representation of their relative sizes. A snow leopard is a large cat, and roosters are considerably smaller.]",,,,"[Verdict: No
[Reasoning]: The rooster is significantly smaller than the snow leopard. In the image, the rooster appears to be about half the size of the leopard, which is not a realistic representation of their relative sizes. A snow leopard is a large cat, and roosters are considerably smaller.]"
pair_196.png,Are the objects in their correct relative sizes?,No,"The lizard is significantly smaller than the walrus. In the image, the walrus appears to be much larger, dwarfing the lizard. A reasonable estimate would be that the walrus is at least 10-20 times larger than the lizard.]",,,,"[Verdict: No
[Reasoning]: The lizard is significantly smaller than the walrus. In the image, the walrus appears to be much larger, dwarfing the lizard. A reasonable estimate would be that the walrus is at least 10-20 times larger than the lizard.]"
pair_205.png,Are the objects in their correct relative sizes?,No,"The shark is significantly larger than the lizard. In the image, the shark appears to be about 10-20 times larger than the lizard. This is a vast difference in size, and the relative sizes in the image are not accurate.]",,,,"[Verdict: No
[Reasoning]: The shark is significantly larger than the lizard. In the image, the shark appears to be about 10-20 times larger than the lizard. This is a vast difference in size, and the relative sizes in the image are not accurate.]"
pair_160.png,Are the objects in their correct relative sizes?,No,"The rooster is significantly larger than the lemur. In the image, the rooster is much taller and broader, while the lemur is small and compact. Their relative sizes are not accurately represented in the illustration.]",,,,"[Verdict: No
[Reasoning]: The rooster is significantly larger than the lemur. In the image, the rooster is much taller and broader, while the lemur is small and compact. Their relative sizes are not accurately represented in the illustration.]"
pair_262.png,Are the objects in their correct relative sizes?,No,"The toucan is significantly larger than the narwhal. In reality, a toucan is a bird that typically measures around 20-30 cm (8-12 inches) in length, while a narwhal is a whale that can grow to be 6 meters (20 feet) long. The illustration clearly exaggerates the size of the toucan relative to the narwhal, making it appear much larger than it actually is.]",,,,"[Verdict: No
[Reasoning]: The toucan is significantly larger than the narwhal. In reality, a toucan is a bird that typically measures around 20-30 cm (8-12 inches) in length, while a narwhal is a whale that can grow to be 6 meters (20 feet) long. The illustration clearly exaggerates the size of the toucan relative to the narwhal, making it appear much larger than it actually is.]"
pair_178.png,Are the objects in their correct relative sizes?,No,"The red panda is significantly smaller than the shark. In the image, the shark appears to be much larger, suggesting a significant size discrepancy between the two animals. A red panda is typically around 60-90 cm in length, while the shark in the image appears to be several meters long.]",,,,"[Verdict: No
[Reasoning]: The red panda is significantly smaller than the shark. In the image, the shark appears to be much larger, suggesting a significant size discrepancy between the two animals. A red panda is typically around 60-90 cm in length, while the shark in the image appears to be several meters long.]"
pair_062.png,Are the objects in their correct relative sizes?,No,"The meerkat is significantly smaller than the reindeer in the image. A meerkat is typically around 20-25 cm (8-10 inches) tall, while the reindeer appears to be much larger, likely around 1.8-2 meters (6-7 feet) tall. The relative sizes are clearly not accurate in the illustration.]",,,,"[Verdict: No
[Reasoning]: The meerkat is significantly smaller than the reindeer in the image. A meerkat is typically around 20-25 cm (8-10 inches) tall, while the reindeer appears to be much larger, likely around 1.8-2 meters (6-7 feet) tall. The relative sizes are clearly not accurate in the illustration.]"
pair_209.png,Are the objects in their correct relative sizes?,No,"The snow leopard is significantly larger than the caribou in the image. A realistic representation of their size would have the snow leopard appearing much taller and more imposing, with a greater distance between them. In the image, the caribou appears relatively close in size to the snow leopard, which is inaccurate.]",,,,"[Verdict: No
[Reasoning]: The snow leopard is significantly larger than the caribou in the image. A realistic representation of their size would have the snow leopard appearing much taller and more imposing, with a greater distance between them. In the image, the caribou appears relatively close in size to the snow leopard, which is inaccurate.]"
pair_324.png,Are the objects in their correct relative sizes?,No,"The sloth is significantly larger than the hedgehog in the image. A realistic representation of their sizes would have the hedgehog much smaller than the sloth, as sloths are considerably larger animals. The image presents a distorted perspective, making the sloth appear larger than it actually is relative to the hedgehog.]",,,,"[Verdict: No
[Reasoning]: The sloth is significantly larger than the hedgehog in the image. A realistic representation of their sizes would have the hedgehog much smaller than the sloth, as sloths are considerably larger animals. The image presents a distorted perspective, making the sloth appear larger than it actually is relative to the hedgehog.]"
pair_330.png,Are the objects in their correct relative sizes?,No,"The toucan is significantly larger than the hedgehog. In the image, the toucan appears to be much bigger, with its beak and body taking up a large portion of the frame, while the hedgehog is small and compact in comparison. They are clearly not at a realistic size relative to each other.]",,,,"[Verdict: No
[Reasoning]: The toucan is significantly larger than the hedgehog. In the image, the toucan appears to be much bigger, with its beak and body taking up a large portion of the frame, while the hedgehog is small and compact in comparison. They are clearly not at a realistic size relative to each other.]"
pair_293.png,Are the objects in their correct relative sizes?,No,"The kangaroo is significantly larger than the penguin in the image. A kangaroo is a large marsupial, while a penguin is a relatively small bird. The relative sizes in the image are not accurate.]",,,,"[Verdict: No
[Reasoning]: The kangaroo is significantly larger than the penguin in the image. A kangaroo is a large marsupial, while a penguin is a relatively small bird. The relative sizes in the image are not accurate.]"
pair_281.png,Are the objects in their correct relative sizes?,No,"The beluga whale in the image is significantly larger than the surrounding space. It appears to be floating in a very small area, which is not realistic for a whale of this size. A beluga whale is typically much larger and would occupy a considerably more expansive area.]",,,,"[Verdict: No
[Reasoning]: The beluga whale in the image is significantly larger than the surrounding space. It appears to be floating in a very small area, which is not realistic for a whale of this size. A beluga whale is typically much larger and would occupy a considerably more expansive area.]"
pair_133.png,Are the objects in their correct relative sizes?,No,"The toucan is significantly larger than the wolverine. In the image, the wolverine appears to be quite small compared to the toucan, which is much bigger and closer to the viewer. Therefore, the relative sizes are not accurate.]",,,,"[Verdict: No
[Reasoning]: The toucan is significantly larger than the wolverine. In the image, the wolverine appears to be quite small compared to the toucan, which is much bigger and closer to the viewer. Therefore, the relative sizes are not accurate.]"
pair_199.png,Are the objects in their correct relative sizes?,No,"The platypus in the image is significantly larger than the Komodo dragon. In reality, Komodo dragons are considerably larger than platypuses, typically reaching lengths of 6-10 feet and weighing over 150 pounds, while platypuses are much smaller, averaging around 18-24 inches in length and weighing only a few pounds. The image incorrectly portrays the relative sizes of these animals.]",,,,"[Verdict: No
[Reasoning]: The platypus in the image is significantly larger than the Komodo dragon. In reality, Komodo dragons are considerably larger than platypuses, typically reaching lengths of 6-10 feet and weighing over 150 pounds, while platypuses are much smaller, averaging around 18-24 inches in length and weighing only a few pounds. The image incorrectly portrays the relative sizes of these animals.]"
pair_023.png,Are the objects in their correct relative sizes?,No,The penguin is significantly smaller than the elephant in the image. The relative sizes are not accurate; the penguin appears much larger than it should be in proportion to the elephant.],,,,"[Verdict: No
[Reasoning]: The penguin is significantly smaller than the elephant in the image. The relative sizes are not accurate; the penguin appears much larger than it should be in proportion to the elephant.]"
pair_025.png,Are the objects in their correct relative sizes?,No,"The shark is significantly smaller than the elephant in the image. In reality, an adult elephant is much larger than a shark. The image does not accurately represent the relative sizes of these animals.]",,,,"[Verdict: No
[Reasoning]: The shark is significantly smaller than the elephant in the image. In reality, an adult elephant is much larger than a shark. The image does not accurately represent the relative sizes of these animals.]"
pair_295.png,Are the objects in their correct relative sizes?,No,"The rooster is significantly larger than the kangaroo. In the image, the rooster appears to be about twice the size of the kangaroo, which is not accurate. A kangaroo is typically much larger than a rooster.]",,,,"[Verdict: No
[Reasoning]: The rooster is significantly larger than the kangaroo. In the image, the rooster appears to be about twice the size of the kangaroo, which is not accurate. A kangaroo is typically much larger than a rooster.]"
pair_006.png,Are the objects in their correct relative sizes?,No,"The lemurs in the image are significantly smaller than the elephant. A realistic depiction of their size would show the lemurs as much smaller, perhaps about the size of a small cat or a large rodent, relative to the elephant's massive size. In the image, the lemurs appear to be roughly the same size as each other, which is not accurate.]",,,,"[Verdict: No
[Reasoning]: The lemurs in the image are significantly smaller than the elephant. A realistic depiction of their size would show the lemurs as much smaller, perhaps about the size of a small cat or a large rodent, relative to the elephant's massive size. In the image, the lemurs appear to be roughly the same size as each other, which is not accurate.]"
pair_242.png,Are the objects in their correct relative sizes?,No,"The reindeer is significantly smaller than the walrus. A walrus is a massive marine mammal, while a reindeer is a relatively small land mammal. The image clearly shows a substantial size difference between the two animals, indicating that their relative sizes are not accurate.]",,,,"[Verdict: No
[Reasoning]: The reindeer is significantly smaller than the walrus. A walrus is a massive marine mammal, while a reindeer is a relatively small land mammal. The image clearly shows a substantial size difference between the two animals, indicating that their relative sizes are not accurate.]"
pair_004.png,Are the objects in their correct relative sizes?,No,"The elephant is significantly larger than the hippo. In the image, the elephant appears to be at least three to four times larger in height and overall size compared to the hippo. This discrepancy in size is not accurate in reality.]",,,,"[Verdict: No
[Reasoning]: The elephant is significantly larger than the hippo. In the image, the elephant appears to be at least three to four times larger in height and overall size compared to the hippo. This discrepancy in size is not accurate in reality.]"
pair_128.png,Are the objects in their correct relative sizes?,No,"The opossum is significantly smaller than the kangaroo in the image. The opossum is depicted as a small, compact animal, while the kangaroo is shown as a large, towering creature. This indicates a significant size discrepancy that is not accurately represented in the image.]",,,,"[Verdict: No
[Reasoning]: The opossum is significantly smaller than the kangaroo in the image. The opossum is depicted as a small, compact animal, while the kangaroo is shown as a large, towering creature. This indicates a significant size discrepancy that is not accurately represented in the image.]"
pair_309.png,Are the objects in their correct relative sizes?,No,"The platypus is significantly smaller than the bear in the image. The bear appears to be much larger, dwarfing the platypus in terms of size and scale. They are clearly not represented with their correct relative sizes.]",,,,"[Verdict: No
[Reasoning]: The platypus is significantly smaller than the bear in the image. The bear appears to be much larger, dwarfing the platypus in terms of size and scale. They are clearly not represented with their correct relative sizes.]"
pair_082.png,Are the objects in their correct relative sizes?,No,"The giraffe is significantly larger than the beluga whale in the image. The whale is depicted as being much smaller, which is not accurate relative to the giraffe's size. A giraffe is typically around 16-19 feet tall, while a beluga whale is usually around 13 feet long, but much smaller in height.",,,,"[Verdict: No
[Reasoning]: The giraffe is significantly larger than the beluga whale in the image. The whale is depicted as being much smaller, which is not accurate relative to the giraffe's size. A giraffe is typically around 16-19 feet tall, while a beluga whale is usually around 13 feet long, but much smaller in height."
pair_306.png,Are the objects in their correct relative sizes?,No,"The axolotl is significantly smaller than the platypus in the image. The platypus is depicted as much larger, suggesting a misrepresentation of their relative sizes.]",,,,"[Verdict: No
[Reasoning]: The axolotl is significantly smaller than the platypus in the image. The platypus is depicted as much larger, suggesting a misrepresentation of their relative sizes.]"
pair_254.png,Are the objects in their correct relative sizes?,No,"The squid is significantly larger than the elk. In reality, a giant squid can be over 40 feet long, dwarfing an elk which is typically around 6-8 feet tall. The image clearly exaggerates the size of the squid relative to the elk, creating a misleading impression of scale.]",,,,"[Verdict: No
[Reasoning]: The squid is significantly larger than the elk. In reality, a giant squid can be over 40 feet long, dwarfing an elk which is typically around 6-8 feet tall. The image clearly exaggerates the size of the squid relative to the elk, creating a misleading impression of scale.]"
pair_100.png,Are the objects in their correct relative sizes?,No,"The leopard is significantly smaller than the hippopotamus in the image. A hippopotamus is much larger and bulkier, while the leopard is depicted as a small, agile animal. The relative sizes are clearly not accurate in the illustration.]",,,,"[Verdict: No
[Reasoning]: The leopard is significantly smaller than the hippopotamus in the image. A hippopotamus is much larger and bulkier, while the leopard is depicted as a small, agile animal. The relative sizes are clearly not accurate in the illustration.]"
pair_215.png,Are the objects in their correct relative sizes?,No,"The platypus is significantly smaller than the snow leopard in the image. A snow leopard is a large cat, typically around 6-10 feet long and weighing 80-175 pounds. A platypus is a small semi-aquatic mammal, typically around 14-18 inches long and weighing 1-2 pounds. The platypus appears to be about half the size of the snow leopard, which is a considerable exaggeration.]",,,,"[Verdict: No
[Reasoning]: The platypus is significantly smaller than the snow leopard in the image. A snow leopard is a large cat, typically around 6-10 feet long and weighing 80-175 pounds. A platypus is a small semi-aquatic mammal, typically around 14-18 inches long and weighing 1-2 pounds. The platypus appears to be about half the size of the snow leopard, which is a considerable exaggeration.]"
pair_044.png,Are the objects in their correct relative sizes?,No,"The platypus is significantly smaller than the cheetah. In the image, the cheetah appears to be much larger than the platypus, which is a typical size for a platypus. The relative sizes are not accurate in the image.]",,,,"[Verdict: No
[Reasoning]: The platypus is significantly smaller than the cheetah. In the image, the cheetah appears to be much larger than the platypus, which is a typical size for a platypus. The relative sizes are not accurate in the image.]"
pair_175.png,Are the objects in their correct relative sizes?,No,"The bear is significantly larger than the red panda. In the image, the bear appears to be about 5-6 times larger than the red panda, which is a vast difference in size. A red panda is typically around 20-28 inches tall, while the bear is likely over 6 feet tall.]",,,,"[Verdict: No
[Reasoning]: The bear is significantly larger than the red panda. In the image, the bear appears to be about 5-6 times larger than the red panda, which is a vast difference in size. A red panda is typically around 20-28 inches tall, while the bear is likely over 6 feet tall.]"
pair_223.png,Are the objects in their correct relative sizes?,No,"The octopus is significantly larger than the tiger in the image. A tiger is typically around 6-8 feet long, while the octopus appears to be much longer, likely exceeding 10 feet based on the proportions. This indicates a significant discrepancy in the relative sizes of the two animals.]",,,,"[Verdict: No
[Reasoning]: The octopus is significantly larger than the tiger in the image. A tiger is typically around 6-8 feet long, while the octopus appears to be much longer, likely exceeding 10 feet based on the proportions. This indicates a significant discrepancy in the relative sizes of the two animals.]"
pair_189.png,Are the objects in their correct relative sizes?,No,"The panda is significantly larger than the penguin in the image. A realistic representation of these animals would show a much smaller penguin relative to the panda. The image exaggerates the size difference, making the panda appear much bigger than it actually is.]",,,,"[Verdict: No
[Reasoning]: The panda is significantly larger than the penguin in the image. A realistic representation of these animals would show a much smaller penguin relative to the panda. The image exaggerates the size difference, making the panda appear much bigger than it actually is.]"
pair_116.png,Are the objects in their correct relative sizes?,No,"The squid is significantly larger than the hippo. In the image, the squid appears to be much longer and more massive than the hippo, indicating a significant size difference that is not accurately represented.",,,,"[Verdict: No
[Reasoning]: The squid is significantly larger than the hippo. In the image, the squid appears to be much longer and more massive than the hippo, indicating a significant size difference that is not accurately represented."
pair_020.png,Are the objects in their correct relative sizes?,No,"The elephant is significantly larger than the snail in the image. The snail appears to be very small in comparison to the elephant's massive size, indicating a significant size discrepancy that is not accurately represented in the illustration.]",,,,"[Verdict: No
[Reasoning]: The elephant is significantly larger than the snail in the image. The snail appears to be very small in comparison to the elephant's massive size, indicating a significant size discrepancy that is not accurately represented in the illustration.]"
pair_059.png,Are the objects in their correct relative sizes?,No,"The meerkat is significantly larger than the panda in the image. In reality, pandas are much bigger than meerkats. The image exaggerates the size difference to create a humorous and slightly fantastical scene.]",,,,"[Verdict: No
[Reasoning]: The meerkat is significantly larger than the panda in the image. In reality, pandas are much bigger than meerkats. The image exaggerates the size difference to create a humorous and slightly fantastical scene.]"
pair_203.png,Are the objects in their correct relative sizes?,No,"The monitor lizard is significantly smaller than the bear in the image. In reality, a bear is much larger than a monitor lizard. The image exaggerates the size difference to create a visually interesting composition, but it does not accurately represent the relative sizes of these animals.]",,,,"[Verdict: No
[Reasoning]: The monitor lizard is significantly smaller than the bear in the image. In reality, a bear is much larger than a monitor lizard. The image exaggerates the size difference to create a visually interesting composition, but it does not accurately represent the relative sizes of these animals.]"
pair_122.png,Are the objects in their correct relative sizes?,No,The honey badger on the left is significantly smaller than the snow leopard on the right. A reasonable estimate would be that the snow leopard is approximately 4-5 times larger than the honey badger.],,,,"[Verdict: No
[Reasoning]: The honey badger on the left is significantly smaller than the snow leopard on the right. A reasonable estimate would be that the snow leopard is approximately 4-5 times larger than the honey badger.]"
pair_103.png,Are the objects in their correct relative sizes?,No,"The narwhal is significantly smaller than the hippo in the image. A realistic depiction would show a much larger difference in size between the two animals. The narwhal appears to be roughly the size of a large dog, while the hippo is depicted as a massive creature, far exceeding the narwhal's size.]",,,,"[Verdict: No
[Reasoning]: The narwhal is significantly smaller than the hippo in the image. A realistic depiction would show a much larger difference in size between the two animals. The narwhal appears to be roughly the size of a large dog, while the hippo is depicted as a massive creature, far exceeding the narwhal's size.]"
pair_213.png,Are the objects in their correct relative sizes?,No,"The kangaroo is significantly larger than the snow leopard in the image. A snow leopard is typically around 6-8 feet long and weighs 75-175 pounds, while the kangaroo in the image appears to be much taller and broader, suggesting it is considerably larger than the leopard.]",,,,"[Verdict: No
[Reasoning]: The kangaroo is significantly larger than the snow leopard in the image. A snow leopard is typically around 6-8 feet long and weighs 75-175 pounds, while the kangaroo in the image appears to be much taller and broader, suggesting it is considerably larger than the leopard.]"
pair_227.png,Are the objects in their correct relative sizes?,No,"The camel is significantly larger than the walrus. In the image, the camel appears to be much taller and broader, while the walrus is compact and relatively small compared to the camel. They are clearly not at a realistic size relative to each other.]",,,,"[Verdict: No
[Reasoning]: The camel is significantly larger than the walrus. In the image, the camel appears to be much taller and broader, while the walrus is compact and relatively small compared to the camel. They are clearly not at a realistic size relative to each other.]"
pair_067.png,Are the objects in their correct relative sizes?,No,"The meerkat is significantly smaller than the bear in the image. In reality, a meerkat is typically around 20-25 cm (8-10 inches) tall, while the bear in the image appears to be several meters tall. The image clearly exaggerates the size difference for visual effect, making the meerkat appear much smaller than it actually is.]",,,,"[Verdict: No
[Reasoning]: The meerkat is significantly smaller than the bear in the image. In reality, a meerkat is typically around 20-25 cm (8-10 inches) tall, while the bear in the image appears to be several meters tall. The image clearly exaggerates the size difference for visual effect, making the meerkat appear much smaller than it actually is.]"
pair_222.png,Are the objects in their correct relative sizes?,No,"The leopard is significantly smaller than the shark. In reality, a leopard would be a very small prey item for a shark, and the image does not accurately represent this size difference. The shark appears much larger than it should be relative to the leopard.]",,,,"[Verdict: No
[Reasoning]: The leopard is significantly smaller than the shark. In reality, a leopard would be a very small prey item for a shark, and the image does not accurately represent this size difference. The shark appears much larger than it should be relative to the leopard.]"
pair_188.png,Are the objects in their correct relative sizes?,No,"The panda is significantly smaller than the bear. In the image, the bear appears to be much larger and more imposing, while the panda is depicted as a small, compact creature. This discrepancy in size is evident and not accurately represented in the illustration.]",,,,"[Verdict: No
[Reasoning]: The panda is significantly smaller than the bear. In the image, the bear appears to be much larger and more imposing, while the panda is depicted as a small, compact creature. This discrepancy in size is evident and not accurately represented in the illustration.]"
pair_165.png,Are the objects in their correct relative sizes?,No,"The red panda is significantly smaller than the caribou in the image. The caribou appears to be much larger, dwarfing the red panda in terms of height and overall size. They are clearly not represented with accurate relative proportions.]",,,,"[Verdict: No
[Reasoning]: The red panda is significantly smaller than the caribou in the image. The caribou appears to be much larger, dwarfing the red panda in terms of height and overall size. They are clearly not represented with accurate relative proportions.]"
pair_220.png,Are the objects in their correct relative sizes?,No,"The penguin is significantly smaller than the snow leopard. A snow leopard is typically around 6-10 feet long and weighs 60-120 pounds, while a penguin is only about 3-4 feet long and weighs around 25-40 pounds. The relative sizes in the image are drastically off.]",,,,"[Verdict: No
[Reasoning]: The penguin is significantly smaller than the snow leopard. A snow leopard is typically around 6-10 feet long and weighs 60-120 pounds, while a penguin is only about 3-4 feet long and weighs around 25-40 pounds. The relative sizes in the image are drastically off.]"
pair_336.png,Are the objects in their correct relative sizes?,No,"The bear is significantly smaller than the shark in the image. A realistic depiction of these animals would show the shark being much larger, as it is a marine predator and the bear is a terrestrial animal. The relative sizes in the image are inaccurate.]",,,,"[Verdict: No
[Reasoning]: The bear is significantly smaller than the shark in the image. A realistic depiction of these animals would show the shark being much larger, as it is a marine predator and the bear is a terrestrial animal. The relative sizes in the image are inaccurate.]"
pair_290.png,Are the objects in their correct relative sizes?,No,"The kangaroo is significantly larger than the platypus. In the image, the kangaroo appears to be about twice as tall as the platypus, and much more massive. This indicates a significant size discrepancy that is not accurately represented in the illustration.]",,,,"[Verdict: No
[Reasoning]: The kangaroo is significantly larger than the platypus. In the image, the kangaroo appears to be about twice as tall as the platypus, and much more massive. This indicates a significant size discrepancy that is not accurately represented in the illustration.]"
pair_320.png,Are the objects in their correct relative sizes?,No,"The tentacles are significantly longer than the body of the squid. In reality, a squid's body is proportionally much larger compared to its tentacles. The image exaggerates the length of the tentacles, making them appear much longer than they would be in a real squid.]",,,,"[Verdict: No
[Reasoning]: The tentacles are significantly longer than the body of the squid. In reality, a squid's body is proportionally much larger compared to its tentacles. The image exaggerates the length of the tentacles, making them appear much longer than they would be in a real squid.]"
pair_238.png,Are the objects in their correct relative sizes?,No,"The shark is significantly larger than the camel in the image. A realistic depiction of a great white shark would be much larger than a camel, and this image does not accurately reflect that size difference. The shark appears to be almost twice the size of the camel.]",,,,"[Verdict: No
[Reasoning]: The shark is significantly larger than the camel in the image. A realistic depiction of a great white shark would be much larger than a camel, and this image does not accurately reflect that size difference. The shark appears to be almost twice the size of the camel.]"
pair_031.png,Are the objects in their correct relative sizes?,No,"The cheetah is significantly larger than the honey badger. In the image, the cheetah appears to be about three times the size of the honey badger, which is not a realistic representation of their relative sizes. A cheetah is a much larger predator than a honey badger.]",,,,"[Verdict: No
[Reasoning]: The cheetah is significantly larger than the honey badger. In the image, the cheetah appears to be about three times the size of the honey badger, which is not a realistic representation of their relative sizes. A cheetah is a much larger predator than a honey badger.]"
pair_051.png,Are the objects in their correct relative sizes?,No,The cheetah is significantly smaller than the shark in the image. The relative sizes are not accurate; the shark appears much larger than it should be compared to the cheetah.],,,,"[Verdict: No
[Reasoning]: The cheetah is significantly smaller than the shark in the image. The relative sizes are not accurate; the shark appears much larger than it should be compared to the cheetah.]"
pair_069.png,Are the objects in their correct relative sizes?,No,"The meerkat on the left is significantly larger than the hedgehog on the right. A meerkat is typically around 20-25 inches tall, while the hedgehog in the image appears to be only a few inches tall. Therefore, their relative sizes are not accurate in the image.]",,,,"[Verdict: No
[Reasoning]: The meerkat on the left is significantly larger than the hedgehog on the right. A meerkat is typically around 20-25 inches tall, while the hedgehog in the image appears to be only a few inches tall. Therefore, their relative sizes are not accurate in the image.]"
pair_228.png,Are the objects in their correct relative sizes?,No,"The whale is significantly larger than the camel. In the image, the whale appears to be several times bigger than the camel, which is clearly not the correct relative size. A whale is a marine mammal and is much larger than a camel, which is a land animal.]",,,,"[Verdict: No
[Reasoning]: The whale is significantly larger than the camel. In the image, the whale appears to be several times bigger than the camel, which is clearly not the correct relative size. A whale is a marine mammal and is much larger than a camel, which is a land animal.]"
pair_312.png,Are the objects in their correct relative sizes?,No,"The shark is significantly larger than the dinosaur. In reality, a great white shark is much bigger than a Compsognathus, which is a small dinosaur. The image exaggerates the size difference for visual effect, making the shark appear much larger than it actually is relative to the dinosaur.]",,,,"[Verdict: No
[Reasoning]: The shark is significantly larger than the dinosaur. In reality, a great white shark is much bigger than a Compsognathus, which is a small dinosaur. The image exaggerates the size difference for visual effect, making the shark appear much larger than it actually is relative to the dinosaur.]"
pair_045.png,Are the objects in their correct relative sizes?,No,"The axolotl is significantly smaller than the cheetah. A cheetah is a large predator, while an axolotl is a very small amphibian. The relative sizes in the image are not accurate; the axolotl appears much too large compared to the cheetah.]",,,,"[Verdict: No
[Reasoning]: The axolotl is significantly smaller than the cheetah. A cheetah is a large predator, while an axolotl is a very small amphibian. The relative sizes in the image are not accurate; the axolotl appears much too large compared to the cheetah.]"
pair_323.png,Are the objects in their correct relative sizes?,No,"The sloth is significantly smaller than the bear in the image. While the image attempts to depict a size comparison, the sloth is clearly much smaller, which is not accurately represented. A realistic depiction would show a much larger sloth relative to the bear.]",,,,"[Verdict: No
[Reasoning]: The sloth is significantly smaller than the bear in the image. While the image attempts to depict a size comparison, the sloth is clearly much smaller, which is not accurately represented. A realistic depiction would show a much larger sloth relative to the bear.]"
pair_114.png,Are the objects in their correct relative sizes?,No,"The hedgehog is significantly larger than the hippo in the image. A realistic depiction would show the hippo as much larger than the hedgehog, as it is a much bigger animal. The hedgehog is drawn to appear almost as large as the hippo, which is inaccurate.]",,,,"[Verdict: No
[Reasoning]: The hedgehog is significantly larger than the hippo in the image. A realistic depiction would show the hippo as much larger than the hedgehog, as it is a much bigger animal. The hedgehog is drawn to appear almost as large as the hippo, which is inaccurate.]"
pair_005.png,Are the objects in their correct relative sizes?,No,"The honey badger is significantly smaller than the elephant in the image. In reality, an elephant is much larger than a honey badger, and the relative sizes in the image are not accurately represented. The honey badger appears much larger than it should be compared to the elephant.]",,,,"[Verdict: No
[Reasoning]: The honey badger is significantly smaller than the elephant in the image. In reality, an elephant is much larger than a honey badger, and the relative sizes in the image are not accurately represented. The honey badger appears much larger than it should be compared to the elephant.]"
pair_273.png,Are the objects in their correct relative sizes?,No,"The walrus is significantly larger than the toucan. In the image, the toucan appears to be very small in comparison to the massive walrus, indicating a significant size discrepancy.",,,,"[Verdict: No
[Reasoning]: The walrus is significantly larger than the toucan. In the image, the toucan appears to be very small in comparison to the massive walrus, indicating a significant size discrepancy."
pair_229.png,Are the objects in their correct relative sizes?,No,"The kangaroo is significantly smaller than the camel in the image. A camel is a very large animal, while a kangaroo is relatively small. The relative sizes in the image are not accurate.]",,,,"[Verdict: No
[Reasoning]: The kangaroo is significantly smaller than the camel in the image. A camel is a very large animal, while a kangaroo is relatively small. The relative sizes in the image are not accurate.]"
pair_248.png,Are the objects in their correct relative sizes?,No,"The sloth is significantly larger than the caribou in the image. A realistic depiction of their relative sizes would have the caribou being much taller and larger than the sloth, which is depicted as being quite small in comparison.",,,,"[Verdict: No
[Reasoning]: The sloth is significantly larger than the caribou in the image. A realistic depiction of their relative sizes would have the caribou being much taller and larger than the sloth, which is depicted as being quite small in comparison."
pair_084.png,Are the objects in their correct relative sizes?,No,"The koala is significantly smaller than the giraffe in the image. The koala is depicted as being quite tiny in comparison to the towering height of the giraffe, clearly indicating a misrepresentation of their relative sizes.]",,,,"[Verdict: No
[Reasoning]: The koala is significantly smaller than the giraffe in the image. The koala is depicted as being quite tiny in comparison to the towering height of the giraffe, clearly indicating a misrepresentation of their relative sizes.]"
pair_106.png,Are the objects in their correct relative sizes?,No,"The kangaroo is significantly smaller than the hippopotamus. In the image, the hippopotamus appears to be much larger and more imposing, while the kangaroo is tiny in comparison. This indicates a significant size discrepancy that is not accurately represented in the image.]",,,,"[Verdict: No
[Reasoning]: The kangaroo is significantly smaller than the hippopotamus. In the image, the hippopotamus appears to be much larger and more imposing, while the kangaroo is tiny in comparison. This indicates a significant size discrepancy that is not accurately represented in the image.]"
pair_233.png,Are the objects in their correct relative sizes?,No,"The camel is significantly larger than the sloth. The sloth is a small animal, while the camel is a large mammal. The relative sizes in the image are not accurate; the sloth appears much smaller than it should be in relation to the camel.]",,,,"[Verdict: No
[Reasoning]: The camel is significantly larger than the sloth. The sloth is a small animal, while the camel is a large mammal. The relative sizes in the image are not accurate; the sloth appears much smaller than it should be in relation to the camel.]"
pair_322.png,Are the objects in their correct relative sizes?,No,"The toucan is significantly larger than the sloth. In the image, the toucan's body and beak are much bigger, indicating it's a much larger animal compared to the sloth, which is hanging from a branch and appears quite small.]",,,,"[Verdict: No
[Reasoning]: The toucan is significantly larger than the sloth. In the image, the toucan's body and beak are much bigger, indicating it's a much larger animal compared to the sloth, which is hanging from a branch and appears quite small.]"
pair_340.png,Are the objects in their correct relative sizes?,No,"The rooster is significantly larger than the penguin. In the image, the rooster appears to be much taller and broader, while the penguin is comparatively small. This indicates a significant size discrepancy between the two animals, suggesting the relative sizes are not accurate.]",,,,"[Verdict: No
[Reasoning]: The rooster is significantly larger than the penguin. In the image, the rooster appears to be much taller and broader, while the penguin is comparatively small. This indicates a significant size discrepancy between the two animals, suggesting the relative sizes are not accurate.]"
pair_071.png,Are the objects in their correct relative sizes?,No,"The giraffe is significantly larger than the hippo in the image. The giraffe's height dwarfs the hippo, clearly indicating a size discrepancy that isn't accurately represented in the illustration.]",,,,"[Verdict: No
[Reasoning]: The giraffe is significantly larger than the hippo in the image. The giraffe's height dwarfs the hippo, clearly indicating a size discrepancy that isn't accurately represented in the illustration.]"
pair_206.png,Are the objects in their correct relative sizes?,No,"The dinosaur is significantly larger than the squid. In the image, the dinosaur appears to be about twice the size of the squid, which is not accurate. A realistic depiction would show the squid as much smaller, perhaps about the size of a large dog or small pony. The relative sizes in the image are drastically off.]",,,,"[Verdict: No
[Reasoning]: The dinosaur is significantly larger than the squid. In the image, the dinosaur appears to be about twice the size of the squid, which is not accurate. A realistic depiction would show the squid as much smaller, perhaps about the size of a large dog or small pony. The relative sizes in the image are drastically off.]"
pair_038.png,Are the objects in their correct relative sizes?,No,"The cheetah is significantly smaller than the reindeer in the image. A cheetah is typically around 4-6 feet long and weighs 75-140 pounds, while the reindeer appears to be much larger, likely closer to 6-8 feet long and considerably heavier. Their sizes are drastically different, indicating a misrepresentation of relative scale.]",,,,"[Verdict: No
[Reasoning]: The cheetah is significantly smaller than the reindeer in the image. A cheetah is typically around 4-6 feet long and weighs 75-140 pounds, while the reindeer appears to be much larger, likely closer to 6-8 feet long and considerably heavier. Their sizes are drastically different, indicating a misrepresentation of relative scale.]"
pair_125.png,Are the objects in their correct relative sizes?,No,"The narwhal is significantly larger than the polar bear and the dog in the image. The polar bear is much smaller than the narwhal, and the dog is even smaller than the polar bear. Therefore, the relative sizes are not accurate.]",,,,"[Verdict: No
[Reasoning]: The narwhal is significantly larger than the polar bear and the dog in the image. The polar bear is much smaller than the narwhal, and the dog is even smaller than the polar bear. Therefore, the relative sizes are not accurate.]"
pair_137.png,Are the objects in their correct relative sizes?,No,"The shark is significantly larger than the two arctic foxes. The foxes appear to be roughly the same size, but the shark is much bigger, indicating a misrepresentation of relative sizes.]",,,,"[Verdict: No
[Reasoning]: The shark is significantly larger than the two arctic foxes. The foxes appear to be roughly the same size, but the shark is much bigger, indicating a misrepresentation of relative sizes.]"
pair_148.png,Are the objects in their correct relative sizes?,No,"The lemur is significantly larger than the whale. In reality, a lemur is a small primate, while a whale is a massive marine mammal. The image depicts the lemur as being much bigger than the whale, which is a clear misrepresentation of their actual size relationship.]",,,,"[Verdict: No
[Reasoning]: The lemur is significantly larger than the whale. In reality, a lemur is a small primate, while a whale is a massive marine mammal. The image depicts the lemur as being much bigger than the whale, which is a clear misrepresentation of their actual size relationship.]"
pair_155.png,Are the objects in their correct relative sizes?,No,The lemur is significantly smaller than the bear in the image. The relative size is not accurate; the lemur appears much larger than it actually is compared to the bear.],,,,"[Verdict: No
[Reasoning]: The lemur is significantly smaller than the bear in the image. The relative size is not accurate; the lemur appears much larger than it actually is compared to the bear.]"
pair_013.png,Are the objects in their correct relative sizes?,No,"The elephant is significantly larger than the narwhal. In the image, the narwhal appears to be much smaller than the elephant, which is not their correct relative size. An elephant is typically many times larger than a narwhal.]",,,,"[Verdict: No
[Reasoning]: The elephant is significantly larger than the narwhal. In the image, the narwhal appears to be much smaller than the elephant, which is not their correct relative size. An elephant is typically many times larger than a narwhal.]"
pair_029.png,Are the objects in their correct relative sizes?,No,"The cheetah is significantly smaller than the giraffe. In the image, the cheetah is depicted as being much smaller than the giraffe, which is the correct relative size. However, the cheetah appears slightly larger than it should be in proportion to the giraffe, making the relative sizes inaccurate.]",,,,"[Verdict: No
[Reasoning]: The cheetah is significantly smaller than the giraffe. In the image, the cheetah is depicted as being much smaller than the giraffe, which is the correct relative size. However, the cheetah appears slightly larger than it should be in proportion to the giraffe, making the relative sizes inaccurate.]"
pair_169.png,Are the objects in their correct relative sizes?,No,"The red panda is significantly smaller than the kangaroo. In the image, the red panda is depicted as being much smaller than the kangaroo, which is clearly much taller and larger overall. This indicates a significant size discrepancy that is not accurately represented in the image.]",,,,"[Verdict: No
[Reasoning]: The red panda is significantly smaller than the kangaroo. In the image, the red panda is depicted as being much smaller than the kangaroo, which is clearly much taller and larger overall. This indicates a significant size discrepancy that is not accurately represented in the image.]"
pair_019.png,Are the objects in their correct relative sizes?,No,The elephant's legs appear significantly shorter than its body and trunk.  A real elephant's legs are proportionally much longer relative to its body size. The trunk is also drawn too short compared to the rest of the elephant's body. This indicates a misrepresentation of the relative sizes of the animal's parts.],,,,"[Verdict: No
[Reasoning]: The elephant's legs appear significantly shorter than its body and trunk.  A real elephant's legs are proportionally much longer relative to its body size. The trunk is also drawn too short compared to the rest of the elephant's body. This indicates a misrepresentation of the relative sizes of the animal's parts.]"
pair_147.png,Are the objects in their correct relative sizes?,No,"The lemur is significantly smaller than the walrus. In the image, the lemur appears to be about the size of a small mouse, while the walrus is depicted as a massive animal. This demonstrates a clear discrepancy in size between the two creatures.]",,,,"[Verdict: No
[Reasoning]: The lemur is significantly smaller than the walrus. In the image, the lemur appears to be about the size of a small mouse, while the walrus is depicted as a massive animal. This demonstrates a clear discrepancy in size between the two creatures.]"
pair_275.png,Are the objects in their correct relative sizes?,No,"The walrus is significantly larger than the hedgehog in the image. The hedgehog is very small in comparison, suggesting a misrepresentation of their relative sizes.]",,,,"[Verdict: No
[Reasoning]: The walrus is significantly larger than the hedgehog in the image. The hedgehog is very small in comparison, suggesting a misrepresentation of their relative sizes.]"
pair_118.png,Are the objects in their correct relative sizes?,No,"The lemur is significantly smaller than the mongoose. In the image, the mongoose is much larger and appears to be considerably bigger than the lemur, indicating a size discrepancy that isn't accurate in reality.]",,,,"[Verdict: No
[Reasoning]: The lemur is significantly smaller than the mongoose. In the image, the mongoose is much larger and appears to be considerably bigger than the lemur, indicating a size discrepancy that isn't accurate in reality.]"
pair_041.png,Are the objects in their correct relative sizes?,No,"The cheetah is significantly smaller than the beluga whale in the image. The cheetah appears to be about one-tenth the size of the beluga whale, which is a vast difference in scale and suggests a significant misrepresentation of their relative sizes.]",,,,"[Verdict: No
[Reasoning]: The cheetah is significantly smaller than the beluga whale in the image. The cheetah appears to be about one-tenth the size of the beluga whale, which is a vast difference in scale and suggests a significant misrepresentation of their relative sizes.]"
pair_250.png,Are the objects in their correct relative sizes?,No,"The bear is significantly larger than the caribou in the image. A realistic depiction of their relative sizes would show the caribou being much smaller, as they are typically around half the size of a brown bear. The image clearly misrepresents this size difference, making the bear appear much larger than it should be.]",,,,"[Verdict: No
[Reasoning]: The bear is significantly larger than the caribou in the image. A realistic depiction of their relative sizes would show the caribou being much smaller, as they are typically around half the size of a brown bear. The image clearly misrepresents this size difference, making the bear appear much larger than it should be.]"
pair_252.png,Are the objects in their correct relative sizes?,No,"The reindeer is significantly larger than the hedgehog. In the image, the hedgehog appears to be about the size of a small pebble next to the massive reindeer, clearly demonstrating a significant size discrepancy.]",,,,"[Verdict: No
[Reasoning]: The reindeer is significantly larger than the hedgehog. In the image, the hedgehog appears to be about the size of a small pebble next to the massive reindeer, clearly demonstrating a significant size discrepancy.]"
pair_171.png,Are the objects in their correct relative sizes?,No,"The platypus is significantly larger than the red panda. In the image, the platypus appears much bigger in terms of body size and overall proportions compared to the red panda, which is depicted as being much smaller.]",,,,"[Verdict: No
[Reasoning]: The platypus is significantly larger than the red panda. In the image, the platypus appears much bigger in terms of body size and overall proportions compared to the red panda, which is depicted as being much smaller.]"
pair_166.png,Are the objects in their correct relative sizes?,No,"The red panda is significantly smaller than the narwhal. In the image, the narwhal appears to be much larger, suggesting a significant size discrepancy between the two animals. A red panda is typically around 20-28 inches long and weighs 8-13 pounds, while a narwhal can reach lengths of 15-18 feet and weigh over a ton.",,,,"[Verdict: No
[Reasoning]: The red panda is significantly smaller than the narwhal. In the image, the narwhal appears to be much larger, suggesting a significant size discrepancy between the two animals. A red panda is typically around 20-28 inches long and weighs 8-13 pounds, while a narwhal can reach lengths of 15-18 feet and weigh over a ton."
pair_259.png,Are the objects in their correct relative sizes?,No,"The narwhal is significantly larger than the fox. In the image, the narwhal appears to be much bigger than the fox, which is a clear exaggeration of their relative sizes. A real narwhal is a massive whale, while a fox is a small mammal.]",,,,"[Verdict: No
[Reasoning]: The narwhal is significantly larger than the fox. In the image, the narwhal appears to be much bigger than the fox, which is a clear exaggeration of their relative sizes. A real narwhal is a massive whale, while a fox is a small mammal.]"
pair_294.png,Are the objects in their correct relative sizes?,No,"The kangaroo is significantly larger than the hedgehog. In the image, the hedgehog appears to be very small relative to the kangaroo, which is a considerable exaggeration. A real kangaroo would be much larger than a hedgehog.]",,,,"[Verdict: No
[Reasoning]: The kangaroo is significantly larger than the hedgehog. In the image, the hedgehog appears to be very small relative to the kangaroo, which is a considerable exaggeration. A real kangaroo would be much larger than a hedgehog.]"
pair_012.png,Are the objects in their correct relative sizes?,No,"The elk is significantly smaller than the elephant. In the image, the elephant appears to be much larger than the elk, which is a common depiction of the size difference between these animals. However, in reality, an adult elk is considerably larger than a young elephant, and the elk in the image is depicted as being much smaller than it actually is.]",,,,"[Verdict: No
[Reasoning]: The elk is significantly smaller than the elephant. In the image, the elephant appears to be much larger than the elk, which is a common depiction of the size difference between these animals. However, in reality, an adult elk is considerably larger than a young elephant, and the elk in the image is depicted as being much smaller than it actually is.]"
pair_225.png,Are the objects in their correct relative sizes?,No,"The camel is significantly larger than the reindeer in the image. The reindeer appears to be about half the size of the camel, which is not a realistic representation of their relative sizes. Camels are much larger animals than reindeer.]",,,,"[Verdict: No
[Reasoning]: The camel is significantly larger than the reindeer in the image. The reindeer appears to be about half the size of the camel, which is not a realistic representation of their relative sizes. Camels are much larger animals than reindeer.]"
pair_136.png,Are the objects in their correct relative sizes?,No,"The badger in the image is significantly larger than the hedgehog next to it. The hedgehog is approximately one-third the size of the badger, which is clearly not a realistic representation of their relative sizes.",,,,"[Verdict: No
[Reasoning]: The badger in the image is significantly larger than the hedgehog next to it. The hedgehog is approximately one-third the size of the badger, which is clearly not a realistic representation of their relative sizes."
pair_237.png,Are the objects in their correct relative sizes?,No,"The hedgehog is significantly larger than the camel in the image. A hedgehog is typically around 6-10 inches long, while the camel appears to be much larger, likely several feet tall. This discrepancy in size is a clear indication that the relative sizes are not accurate.]",,,,"[Verdict: No
[Reasoning]: The hedgehog is significantly larger than the camel in the image. A hedgehog is typically around 6-10 inches long, while the camel appears to be much larger, likely several feet tall. This discrepancy in size is a clear indication that the relative sizes are not accurate.]"
pair_212.png,Are the objects in their correct relative sizes?,No,The leopard is significantly larger than the beluga whale in the image. The relative sizes are not accurate; the leopard appears much bigger than it should be compared to the whale.],,,,"[Verdict: No
[Reasoning]: The leopard is significantly larger than the beluga whale in the image. The relative sizes are not accurate; the leopard appears much bigger than it should be compared to the whale.]"
pair_339.png,Are the objects in their correct relative sizes?,No,"The hedgehog is significantly larger than the penguin in the image. A realistic depiction of their relative sizes would have the penguin much smaller than the hedgehog. The image presents them as being roughly the same size, which is inaccurate.]",,,,"[Verdict: No
[Reasoning]: The hedgehog is significantly larger than the penguin in the image. A realistic depiction of their relative sizes would have the penguin much smaller than the hedgehog. The image presents them as being roughly the same size, which is inaccurate.]"
pair_256.png,Are the objects in their correct relative sizes?,No,"The narwhal is significantly smaller than the walrus in the image. A walrus is a much larger animal than a narwhal, and the relative sizes in the image do not accurately reflect this difference.",,,,"[Verdict: No
[Reasoning]: The narwhal is significantly smaller than the walrus in the image. A walrus is a much larger animal than a narwhal, and the relative sizes in the image do not accurately reflect this difference."
pair_181.png,Are the objects in their correct relative sizes?,No,"The panda is significantly larger than the leopard in the image. A realistic representation of their sizes would have the leopard much smaller, as they are different species with vastly different body sizes. The image clearly misrepresents the relative scale between the two animals.]",,,,"[Verdict: No
[Reasoning]: The panda is significantly larger than the leopard in the image. A realistic representation of their sizes would have the leopard much smaller, as they are different species with vastly different body sizes. The image clearly misrepresents the relative scale between the two animals.]"
pair_161.png,Are the objects in their correct relative sizes?,No,"The red panda on the left is significantly smaller than the panda on the right. A red panda is roughly the size of a small domestic cat, while the panda is a much larger animal, easily several times bigger. The relative sizes are not accurate in the image.]",,,,"[Verdict: No
[Reasoning]: The red panda on the left is significantly smaller than the panda on the right. A red panda is roughly the size of a small domestic cat, while the panda is a much larger animal, easily several times bigger. The relative sizes are not accurate in the image.]"
pair_053.png,Are the objects in their correct relative sizes?,No,"The cheetah is significantly larger than the rooster. In the image, the cheetah appears to be much taller and broader, while the rooster is small and compact. This indicates a significant size discrepancy between the two animals, suggesting the relative sizes are not accurate.]",,,,"[Verdict: No
[Reasoning]: The cheetah is significantly larger than the rooster. In the image, the cheetah appears to be much taller and broader, while the rooster is small and compact. This indicates a significant size discrepancy between the two animals, suggesting the relative sizes are not accurate.]"
pair_159.png,Are the objects in their correct relative sizes?,No,"The octopus in the image is significantly larger than the two small creatures (likely insects) in the lower part of the image.  A realistic depiction would show the octopus being much smaller relative to the insects. The insects appear to be roughly the same size as each other, and are much smaller than the octopus, which is not the case in this image.]",,,,"[Verdict: No
[Reasoning]: The octopus in the image is significantly larger than the two small creatures (likely insects) in the lower part of the image.  A realistic depiction would show the octopus being much smaller relative to the insects. The insects appear to be roughly the same size as each other, and are much smaller than the octopus, which is not the case in this image.]"
pair_217.png,Are the objects in their correct relative sizes?,No,"The sloth is significantly larger than the snow leopard in the image. A realistic representation of these animals would have the snow leopard being much larger and more imposing than the sloth, which is known for its small size and slow movement. The relative sizes in the image are inaccurate.]",,,,"[Verdict: No
[Reasoning]: The sloth is significantly larger than the snow leopard in the image. A realistic representation of these animals would have the snow leopard being much larger and more imposing than the sloth, which is known for its small size and slow movement. The relative sizes in the image are inaccurate.]"
pair_134.png,Are the objects in their correct relative sizes?,No,"The smaller animal (the badger) is significantly smaller than the larger animal (the bear). In the image, the badger appears to be about half the size of the bear, which is not a realistic representation of their relative sizes. A badger is typically around 18-24 inches long and 8-12 inches tall, while a bear can be much larger, often exceeding 6 feet in length and 3 feet in height.]",,,,"[Verdict: No
[Reasoning]: The smaller animal (the badger) is significantly smaller than the larger animal (the bear). In the image, the badger appears to be about half the size of the bear, which is not a realistic representation of their relative sizes. A badger is typically around 18-24 inches long and 8-12 inches tall, while a bear can be much larger, often exceeding 6 feet in length and 3 feet in height.]"
pair_258.png,Are the objects in their correct relative sizes?,No,"The narwhal is significantly larger than the koala. In reality, a narwhal is a massive whale, while a koala is a small arboreal marsupial. The image clearly exaggerates the size difference, making the narwhal appear much bigger than it actually is relative to the koala.]",,,,"[Verdict: No
[Reasoning]: The narwhal is significantly larger than the koala. In reality, a narwhal is a massive whale, while a koala is a small arboreal marsupial. The image clearly exaggerates the size difference, making the narwhal appear much bigger than it actually is relative to the koala.]"
pair_039.png,Are the objects in their correct relative sizes?,No,"The cheetah is significantly smaller than the narwhal. In the image, the cheetah appears to be about half the size of the narwhal, which is clearly not accurate. A cheetah is a medium-sized predator, while a narwhal is a large marine mammal. The relative sizes in the image are drastically misrepresented.]",,,,"[Verdict: No
[Reasoning]: The cheetah is significantly smaller than the narwhal. In the image, the cheetah appears to be about half the size of the narwhal, which is clearly not accurate. A cheetah is a medium-sized predator, while a narwhal is a large marine mammal. The relative sizes in the image are drastically misrepresented.]"
pair_157.png,Are the objects in their correct relative sizes?,No,"The hedgehog is significantly smaller than the lemur. In the image, the lemur appears to be roughly the size of a small dog, while the hedgehog is about the size of a small rodent. They are clearly not scaled appropriately relative to each other.]",,,,"[Verdict: No
[Reasoning]: The hedgehog is significantly smaller than the lemur. In the image, the lemur appears to be roughly the size of a small dog, while the hedgehog is about the size of a small rodent. They are clearly not scaled appropriately relative to each other.]"
pair_030.png,Are the objects in their correct relative sizes?,No,"The cheetah is significantly smaller than the hippopotamus. In the image, the cheetah appears to be about half the size of the hippopotamus, which is a considerable difference in size. A cheetah is typically around 4-6 feet tall and weighs 75-140 pounds, while a hippopotamus can reach 13-19 feet tall and weigh 3,300-7,000 pounds.",,,,"[Verdict: No
[Reasoning]: The cheetah is significantly smaller than the hippopotamus. In the image, the cheetah appears to be about half the size of the hippopotamus, which is a considerable difference in size. A cheetah is typically around 4-6 feet tall and weighs 75-140 pounds, while a hippopotamus can reach 13-19 feet tall and weigh 3,300-7,000 pounds."
pair_060.png,Are the objects in their correct relative sizes?,No,"The meerkat is significantly smaller than the snow leopard in the image. The image clearly shows a vast difference in size between the two animals, indicating that their relative sizes are not accurate.]",,,,"[Verdict: No
[Reasoning]: The meerkat is significantly smaller than the snow leopard in the image. The image clearly shows a vast difference in size between the two animals, indicating that their relative sizes are not accurate.]"
pair_153.png,Are the objects in their correct relative sizes?,No,"The sloth is significantly larger than the lemur. In reality, sloths are much bigger than lemurs. The image exaggerates the size difference to make the scene more visually interesting, but it's not accurate to their actual proportions.]",,,,"[Verdict: No
[Reasoning]: The sloth is significantly larger than the lemur. In reality, sloths are much bigger than lemurs. The image exaggerates the size difference to make the scene more visually interesting, but it's not accurate to their actual proportions.]"
pair_341.png,Are the objects in their correct relative sizes?,No,"The shark is significantly larger than the hedgehog. In reality, a shark would be many times larger than a hedgehog. The image exaggerates the size difference to create a humorous and slightly unsettling visual.]",,,,"[Verdict: No
[Reasoning]: The shark is significantly larger than the hedgehog. In reality, a shark would be many times larger than a hedgehog. The image exaggerates the size difference to create a humorous and slightly unsettling visual.]"
pair_154.png,Are the objects in their correct relative sizes?,No,"The toucan is significantly larger than the lemur. In the image, the toucan appears much bigger in terms of body size and beak length compared to the lemur. A realistic representation would show a much smaller toucan relative to the lemur.]",,,,"[Verdict: No
[Reasoning]: The toucan is significantly larger than the lemur. In the image, the toucan appears much bigger in terms of body size and beak length compared to the lemur. A realistic representation would show a much smaller toucan relative to the lemur.]"
pair_313.png,Are the objects in their correct relative sizes?,No,"The squid is significantly larger than the frog in the image. A realistic depiction would show the frog being much smaller relative to the squid. The frog appears to be almost at the squid's feet, which is not a typical size relationship.]",,,,"[Verdict: No
[Reasoning]: The squid is significantly larger than the frog in the image. A realistic depiction would show the frog being much smaller relative to the squid. The frog appears to be almost at the squid's feet, which is not a typical size relationship.]"
pair_180.png,Are the objects in their correct relative sizes?,No,"The rooster is significantly larger than the red panda. In the image, the rooster appears much taller and wider, making it clearly disproportionately large compared to the red panda.]",,,,"[Verdict: No
[Reasoning]: The rooster is significantly larger than the red panda. In the image, the rooster appears much taller and wider, making it clearly disproportionately large compared to the red panda.]"
pair_184.png,Are the objects in their correct relative sizes?,No,"The panda is significantly larger than the kangaroo. In the image, the panda is depicted as a large, rotund animal, while the kangaroo is relatively small and slender. A visual comparison clearly shows a substantial size difference between the two animals, indicating that their relative sizes are not accurate in the image.]",,,,"[Verdict: No
[Reasoning]: The panda is significantly larger than the kangaroo. In the image, the panda is depicted as a large, rotund animal, while the kangaroo is relatively small and slender. A visual comparison clearly shows a substantial size difference between the two animals, indicating that their relative sizes are not accurate in the image.]"
pair_332.png,Are the objects in their correct relative sizes?,No,"The squid in the image is significantly larger than the two small figures standing near it.  The figures appear to be roughly the size of a child, while the squid is depicted as a massive creature, dwarfing them considerably. This indicates a significant misrepresentation of relative size.]",,,,"[Verdict: No
[Reasoning]: The squid in the image is significantly larger than the two small figures standing near it.  The figures appear to be roughly the size of a child, while the squid is depicted as a massive creature, dwarfing them considerably. This indicates a significant misrepresentation of relative size.]"
pair_047.png,Are the objects in their correct relative sizes?,No,"The cheetah is significantly larger than the toucan in the image. The toucan is depicted as being very small relative to the cheetah, which is accurately represented as a large predator. However, the relative sizes are not perfectly scaled; the cheetah appears to be much, much larger than it should be in proportion to the toucan.]",,,,"[Verdict: No
[Reasoning]: The cheetah is significantly larger than the toucan in the image. The toucan is depicted as being very small relative to the cheetah, which is accurately represented as a large predator. However, the relative sizes are not perfectly scaled; the cheetah appears to be much, much larger than it should be in proportion to the toucan.]"
pair_221.png,Are the objects in their correct relative sizes?,No,"The snow leopard in the image is significantly larger than the hedgehog.  A reasonable estimation would place the hedgehog to be about 1/10th the size of the snow leopard, but based on the image, the hedgehog appears to be much smaller, suggesting a significant error in relative size representation.]",,,,"[Verdict: No
[Reasoning]: The snow leopard in the image is significantly larger than the hedgehog.  A reasonable estimation would place the hedgehog to be about 1/10th the size of the snow leopard, but based on the image, the hedgehog appears to be much smaller, suggesting a significant error in relative size representation.]"
pair_037.png,Are the objects in their correct relative sizes?,No,"The cheetah is significantly smaller than the camel in the image. A cheetah is typically around 4-6 feet tall and weighs 75-140 pounds, while the camel in the image appears to be much larger, likely several feet tall and considerably heavier. The relative sizes are clearly not accurate.]",,,,"[Verdict: No
[Reasoning]: The cheetah is significantly smaller than the camel in the image. A cheetah is typically around 4-6 feet tall and weighs 75-140 pounds, while the camel in the image appears to be much larger, likely several feet tall and considerably heavier. The relative sizes are clearly not accurate.]"
pair_267.png,Are the objects in their correct relative sizes?,No,"The narwhal is significantly larger than the rooster. In the image, the narwhal appears to be much bigger, dwarfing the small rooster beside it. This indicates a significant size discrepancy between the two animals, suggesting the relative sizes are not accurate.]",,,,"[Verdict: No
[Reasoning]: The narwhal is significantly larger than the rooster. In the image, the narwhal appears to be much bigger, dwarfing the small rooster beside it. This indicates a significant size discrepancy between the two animals, suggesting the relative sizes are not accurate.]"
pair_049.png,Are the objects in their correct relative sizes?,No,"The cheetah is significantly larger than the penguin. A cheetah is a large predator, typically around 6-7 feet long and weighing 120-165 pounds. A penguin, especially a smaller species like the one depicted, is much smaller, usually around 3-4 feet long and weighing 3-60 pounds. The relative sizes in the image are drastically off, making them incorrect.]",,,,"[Verdict: No
[Reasoning]: The cheetah is significantly larger than the penguin. A cheetah is a large predator, typically around 6-7 feet long and weighing 120-165 pounds. A penguin, especially a smaller species like the one depicted, is much smaller, usually around 3-4 feet long and weighing 3-60 pounds. The relative sizes in the image are drastically off, making them incorrect.]"
pair_088.png,Are the objects in their correct relative sizes?,No,The giraffe is significantly larger than the toucan in the image. A realistic depiction of a giraffe would have a much greater size compared to a bird like a toucan. The toucan appears to be much smaller than it should be relative to the giraffe.],,,,"[Verdict: No
[Reasoning]: The giraffe is significantly larger than the toucan in the image. A realistic depiction of a giraffe would have a much greater size compared to a bird like a toucan. The toucan appears to be much smaller than it should be relative to the giraffe.]"
pair_016.png,Are the objects in their correct relative sizes?,No,"The elephant is significantly larger than the kangaroo in the image. The kangaroo appears very small in comparison to the elephant, indicating a significant size discrepancy that is not accurately represented in the illustration.",,,,"[Verdict: No
[Reasoning]: The elephant is significantly larger than the kangaroo in the image. The kangaroo appears very small in comparison to the elephant, indicating a significant size discrepancy that is not accurately represented in the illustration."
pair_216.png,Are the objects in their correct relative sizes?,No,"The axolotl is significantly smaller than the snow leopard in the image. A snow leopard is a large cat, typically around 6-10 feet long and weighing 60-120 pounds. An axolotl is a small salamander, usually only about 6-12 inches long and weighing less than a pound. The relative sizes in the image are drastically off, making it clear they are not represented accurately.]",,,,"[Verdict: No
[Reasoning]: The axolotl is significantly smaller than the snow leopard in the image. A snow leopard is a large cat, typically around 6-10 feet long and weighing 60-120 pounds. An axolotl is a small salamander, usually only about 6-12 inches long and weighing less than a pound. The relative sizes in the image are drastically off, making it clear they are not represented accurately.]"
pair_272.png,Are the objects in their correct relative sizes?,No,"The sloth clinging to the walrus's back is significantly larger than it should be relative to the size of the walrus. A sloth of that size would be enormous and completely disproportionate to the walrus, which is depicted as a relatively small animal. This indicates a significant error in scale.]",,,,"[Verdict: No
[Reasoning]: The sloth clinging to the walrus's back is significantly larger than it should be relative to the size of the walrus. A sloth of that size would be enormous and completely disproportionate to the walrus, which is depicted as a relatively small animal. This indicates a significant error in scale.]"
pair_107.png,Are the objects in their correct relative sizes?,No,"The koala is significantly smaller than the hippopotamus in the image. A hippopotamus is a very large animal, while a koala is a relatively small marsupial. The koala appears to be about one-tenth the size of the hippo, which is a considerable exaggeration of the actual size difference.]",,,,"[Verdict: No
[Reasoning]: The koala is significantly smaller than the hippopotamus in the image. A hippopotamus is a very large animal, while a koala is a relatively small marsupial. The koala appears to be about one-tenth the size of the hippo, which is a considerable exaggeration of the actual size difference.]"
pair_286.png,Are the objects in their correct relative sizes?,No,"The shark is significantly larger than the whale. In the image, the whale appears to be much smaller than the shark, which is a more typical and accurate representation of their relative sizes in the ocean.]",,,,"[Verdict: No
[Reasoning]: The shark is significantly larger than the whale. In the image, the whale appears to be much smaller than the shark, which is a more typical and accurate representation of their relative sizes in the ocean.]"
pair_093.png,Are the objects in their correct relative sizes?,No,"The giraffe is significantly larger than the squid. In the image, the giraffe appears to be much taller and more massive than the squid, which is comparatively small and elongated. They are clearly not at a realistic scale relative to each other.]",,,,"[Verdict: No
[Reasoning]: The giraffe is significantly larger than the squid. In the image, the giraffe appears to be much taller and more massive than the squid, which is comparatively small and elongated. They are clearly not at a realistic scale relative to each other.]"
pair_244.png,Are the objects in their correct relative sizes?,No,"The reindeer is significantly larger than the kangaroo. In the image, the reindeer appears to be much taller and broader, while the kangaroo is comparatively small and compact. Their sizes are not proportional to each other in the image.]",,,,"[Verdict: No
[Reasoning]: The reindeer is significantly larger than the kangaroo. In the image, the reindeer appears to be much taller and broader, while the kangaroo is comparatively small and compact. Their sizes are not proportional to each other in the image.]"
pair_337.png,Are the objects in their correct relative sizes?,No,"The squid is significantly larger than the bear. In the image, the squid appears to be much longer and more massive than the bear, which is a small animal. This indicates a significant size discrepancy between the two creatures, suggesting the relative sizes are not accurate.]",,,,"[Verdict: No
[Reasoning]: The squid is significantly larger than the bear. In the image, the squid appears to be much longer and more massive than the bear, which is a small animal. This indicates a significant size discrepancy between the two creatures, suggesting the relative sizes are not accurate.]"
pair_127.png,Are the objects in their correct relative sizes?,No,"The small creature on the left is significantly smaller than the beluga whale on the right. A real-life example of a marten (the small creature) is roughly 10-18 inches long, while a beluga whale can be 16-23 feet long. Therefore, the relative sizes are not accurate in the image.]",,,,"[Verdict: No
[Reasoning]: The small creature on the left is significantly smaller than the beluga whale on the right. A real-life example of a marten (the small creature) is roughly 10-18 inches long, while a beluga whale can be 16-23 feet long. Therefore, the relative sizes are not accurate in the image.]"
pair_187.png,Are the objects in their correct relative sizes?,No,"The toucan is significantly larger than the panda in the image. In reality, a toucan is much smaller than a giant panda. The artist has exaggerated the size of the toucan to make it appear more prominent and perhaps to emphasize its interaction with the panda.]",,,,"[Verdict: No
[Reasoning]: The toucan is significantly larger than the panda in the image. In reality, a toucan is much smaller than a giant panda. The artist has exaggerated the size of the toucan to make it appear more prominent and perhaps to emphasize its interaction with the panda.]"
pair_231.png,Are the objects in their correct relative sizes?,No,"The platypus in the image is significantly smaller than the camel. A platypus is typically around 30-60 cm in length, while the camel appears to be much larger, likely several meters tall. This discrepancy in size is a clear indication that the relative sizes are not accurate in the image.]",,,,"[Verdict: No
[Reasoning]: The platypus in the image is significantly smaller than the camel. A platypus is typically around 30-60 cm in length, while the camel appears to be much larger, likely several meters tall. This discrepancy in size is a clear indication that the relative sizes are not accurate in the image.]"
pair_255.png,Are the objects in their correct relative sizes?,No,"The rooster is significantly smaller than the caribou. A typical adult caribou is much larger than a rooster, and the image clearly shows a disproportionate size difference between the two animals.",,,,"[Verdict: No
[Reasoning]: The rooster is significantly smaller than the caribou. A typical adult caribou is much larger than a rooster, and the image clearly shows a disproportionate size difference between the two animals."
pair_174.png,Are the objects in their correct relative sizes?,No,"The red panda is significantly larger than the toucan. In the image, the red panda appears to be about twice as tall as the toucan, and much wider as well. This indicates a significant size discrepancy between the two animals, suggesting the relative sizes are not accurate.]",,,,"[Verdict: No
[Reasoning]: The red panda is significantly larger than the toucan. In the image, the red panda appears to be about twice as tall as the toucan, and much wider as well. This indicates a significant size discrepancy between the two animals, suggesting the relative sizes are not accurate.]"
pair_241.png,Are the objects in their correct relative sizes?,No,"The narwhal on the right is significantly larger than the reindeer on the left. A narwhal is a large marine mammal, while a reindeer is a land mammal.  The image clearly demonstrates a size discrepancy between the two animals, indicating that the relative sizes are not accurate.]",,,,"[Verdict: No
[Reasoning]: The narwhal on the right is significantly larger than the reindeer on the left. A narwhal is a large marine mammal, while a reindeer is a land mammal.  The image clearly demonstrates a size discrepancy between the two animals, indicating that the relative sizes are not accurate.]"
pair_342.png,Are the objects in their correct relative sizes?,No,"The squid in the image is significantly larger than the small pebble at the bottom. A realistic depiction would show the squid as much smaller relative to the pebble. The scale is clearly off, making the squid appear much bigger than it should be.]",,,,"[Verdict: No
[Reasoning]: The squid in the image is significantly larger than the small pebble at the bottom. A realistic depiction would show the squid as much smaller relative to the pebble. The scale is clearly off, making the squid appear much bigger than it should be.]"
pair_120.png,Are the objects in their correct relative sizes?,No,"The badger is significantly smaller than the panda. In the image, the panda is depicted as a large, imposing figure, while the badger appears tiny in comparison. Their relative sizes are not accurate.]",,,,"[Verdict: No
[Reasoning]: The badger is significantly smaller than the panda. In the image, the panda is depicted as a large, imposing figure, while the badger appears tiny in comparison. Their relative sizes are not accurate.]"
pair_308.png,Are the objects in their correct relative sizes?,No,"The toucan is significantly larger than the platypus. In the image, the toucan appears much taller and wider, while the platypus is comparatively small. Their relative sizes are not accurately represented in the illustration.]",,,,"[Verdict: No
[Reasoning]: The toucan is significantly larger than the platypus. In the image, the toucan appears much taller and wider, while the platypus is comparatively small. Their relative sizes are not accurately represented in the illustration.]"
pair_152.png,Are the objects in their correct relative sizes?,No,"The axolotl is significantly smaller than the lemur. In the image, the axolotl appears to be about half the size of the lemur, which is not accurate. A lemur is a much larger animal than an axolotl, and the relative sizes in the image are misrepresented.]",,,,"[Verdict: No
[Reasoning]: The axolotl is significantly smaller than the lemur. In the image, the axolotl appears to be about half the size of the lemur, which is not accurate. A lemur is a much larger animal than an axolotl, and the relative sizes in the image are misrepresented.]"
pair_310.png,Are the objects in their correct relative sizes?,No,"The platypus is significantly smaller than the penguin in the image. A platypus is typically around 10-15 inches long, while the penguin in the image appears to be much larger, likely around 3-4 feet tall. This discrepancy in size is a clear indication that the relative sizes are not accurate.]",,,,"[Verdict: No
[Reasoning]: The platypus is significantly smaller than the penguin in the image. A platypus is typically around 10-15 inches long, while the penguin in the image appears to be much larger, likely around 3-4 feet tall. This discrepancy in size is a clear indication that the relative sizes are not accurate.]"
pair_075.png,Are the objects in their correct relative sizes?,No,"The giraffe is significantly larger than the panda. In the image, the giraffe appears to be towering over the panda, which is clearly much smaller and closer to the ground. This indicates a significant size discrepancy that is not accurately represented in the image.]",,,,"[Verdict: No
[Reasoning]: The giraffe is significantly larger than the panda. In the image, the giraffe appears to be towering over the panda, which is clearly much smaller and closer to the ground. This indicates a significant size discrepancy that is not accurately represented in the image.]"
pair_070.png,Are the objects in their correct relative sizes?,No,"The meerkat is significantly smaller than the rooster. In the image, the rooster is much larger and taller than the meerkat, indicating a significant size difference between the two animals.",,,,"[Verdict: No
[Reasoning]: The meerkat is significantly smaller than the rooster. In the image, the rooster is much larger and taller than the meerkat, indicating a significant size difference between the two animals."
pair_141.png,Are the objects in their correct relative sizes?,No,"The lemur is significantly smaller than the panda. In the image, the panda appears to be much larger and more substantial in size compared to the lemur, which is quite small and appears to be almost at the panda's feet. This indicates a significant size discrepancy that isn't accurately represented in the illustration.]",,,,"[Verdict: No
[Reasoning]: The lemur is significantly smaller than the panda. In the image, the panda appears to be much larger and more substantial in size compared to the lemur, which is quite small and appears to be almost at the panda's feet. This indicates a significant size discrepancy that isn't accurately represented in the illustration.]"
pair_033.png,Are the objects in their correct relative sizes?,No,"The cheetah is significantly larger than the red panda. In the image, the cheetah appears to be about three times the size of the red panda, which is not the correct relative size. A cheetah is typically much larger than a red panda.]",,,,"[Verdict: No
[Reasoning]: The cheetah is significantly larger than the red panda. In the image, the cheetah appears to be about three times the size of the red panda, which is not the correct relative size. A cheetah is typically much larger than a red panda.]"
pair_151.png,Are the objects in their correct relative sizes?,No,"The platypus is significantly larger than the lemur. In the image, the platypus appears much bigger and more substantial compared to the lemur, which is relatively small. This indicates a misrepresentation of their relative sizes.]",,,,"[Verdict: No
[Reasoning]: The platypus is significantly larger than the lemur. In the image, the platypus appears much bigger and more substantial compared to the lemur, which is relatively small. This indicates a misrepresentation of their relative sizes.]"
pair_021.png,Are the objects in their correct relative sizes?,No,"The toucan is significantly larger than the elephant. In reality, a toucan is a small bird, while an elephant is a massive animal. The image incorrectly portrays the toucan as being a substantial size relative to the elephant.]",,,,"[Verdict: No
[Reasoning]: The toucan is significantly larger than the elephant. In reality, a toucan is a small bird, while an elephant is a massive animal. The image incorrectly portrays the toucan as being a substantial size relative to the elephant.]"
pair_245.png,Are the objects in their correct relative sizes?,No,"The reindeer is significantly larger than the koala. In the image, the koala appears to be about half the size of the reindeer, which is not accurate. A reindeer is a very large animal, while a koala is a relatively small arboreal marsupial. The relative sizes in the image are drastically skewed.]",,,,"[Verdict: No
[Reasoning]: The reindeer is significantly larger than the koala. In the image, the koala appears to be about half the size of the reindeer, which is not accurate. A reindeer is a very large animal, while a koala is a relatively small arboreal marsupial. The relative sizes in the image are drastically skewed.]"
pair_288.png,Are the objects in their correct relative sizes?,No,"The rooster is significantly larger than the whale. In reality, a whale is vastly larger than a rooster. The image depicts the rooster as being much smaller than it actually is relative to the whale, creating a misleading visual impression of size.]",,,,"[Verdict: No
[Reasoning]: The rooster is significantly larger than the whale. In reality, a whale is vastly larger than a rooster. The image depicts the rooster as being much smaller than it actually is relative to the whale, creating a misleading visual impression of size.]"
pair_176.png,Are the objects in their correct relative sizes?,No,"The red panda is significantly smaller than the penguin in the image. A realistic depiction of these animals would show a much larger difference in size, and this image does not accurately reflect that disparity.]",,,,"[Verdict: No
[Reasoning]: The red panda is significantly smaller than the penguin in the image. A realistic depiction of these animals would show a much larger difference in size, and this image does not accurately reflect that disparity.]"
pair_142.png,Are the objects in their correct relative sizes?,No,"The lemur is significantly smaller than the Komodo dragon. In the image, the lemur appears to be about half the size of the dragon, which is not accurate. A Komodo dragon is a very large reptile, and lemurs are typically much smaller.]",,,,"[Verdict: No
[Reasoning]: The lemur is significantly smaller than the Komodo dragon. In the image, the lemur appears to be about half the size of the dragon, which is not accurate. A Komodo dragon is a very large reptile, and lemurs are typically much smaller.]"
pair_017.png,Are the objects in their correct relative sizes?,No,"The koala is significantly smaller than the elephant in the image. The koala is depicted as being much smaller than it actually is, while the elephant appears to be its correct size relative to the koala.",,,,"[Verdict: No
[Reasoning]: The koala is significantly smaller than the elephant in the image. The koala is depicted as being much smaller than it actually is, while the elephant appears to be its correct size relative to the koala."
pair_135.png,Are the objects in their correct relative sizes?,No,"The penguin is significantly larger than the badger. A realistic penguin is much bigger than a badger, and this image does not accurately represent that size difference. The penguin appears to be about twice as tall as the badger.]",,,,"[Verdict: No
[Reasoning]: The penguin is significantly larger than the badger. A realistic penguin is much bigger than a badger, and this image does not accurately represent that size difference. The penguin appears to be about twice as tall as the badger.]"
pair_243.png,Are the objects in their correct relative sizes?,No,"The beluga whale in the image is significantly larger than the caribou (reindeer). A mature beluga whale can be around 16-20 feet long and weigh over 4,000 pounds, while a caribou is typically around 4-6 feet long and weighs 300-600 pounds. The relative sizes in the image are drastically inaccurate.]",,,,"[Verdict: No
[Reasoning]: The beluga whale in the image is significantly larger than the caribou (reindeer). A mature beluga whale can be around 16-20 feet long and weigh over 4,000 pounds, while a caribou is typically around 4-6 feet long and weighs 300-600 pounds. The relative sizes in the image are drastically inaccurate.]"
pair_260.png,Are the objects in their correct relative sizes?,No,"The narwhal in the image is significantly larger than the small, almost microscopic, shrimp depicted at the bottom of the image. A narwhal is a large whale, while a shrimp is a tiny crustacean. The relative sizes are completely off, making the shrimp appear absurdly small in comparison.]",,,,"[Verdict: No
[Reasoning]: The narwhal in the image is significantly larger than the small, almost microscopic, shrimp depicted at the bottom of the image. A narwhal is a large whale, while a shrimp is a tiny crustacean. The relative sizes are completely off, making the shrimp appear absurdly small in comparison.]"
pair_129.png,Are the objects in their correct relative sizes?,No,"The koala is significantly larger than the marten (also known as a polecat) in the image. A koala is a large marsupial, while a marten is a relatively small mustelid. The relative sizes in the image are not accurate.]",,,,"[Verdict: No
[Reasoning]: The koala is significantly larger than the marten (also known as a polecat) in the image. A koala is a large marsupial, while a marten is a relatively small mustelid. The relative sizes in the image are not accurate.]"
pair_015.png,Are the objects in their correct relative sizes?,No,"The beluga whale in the image is significantly smaller than the elephant. A typical adult elephant is much larger than a beluga whale, and the image does not accurately represent this size difference. The whale appears much smaller than it should be relative to the elephant.]",,,,"[Verdict: No
[Reasoning]: The beluga whale in the image is significantly smaller than the elephant. A typical adult elephant is much larger than a beluga whale, and the image does not accurately represent this size difference. The whale appears much smaller than it should be relative to the elephant.]"
pair_253.png,Are the objects in their correct relative sizes?,No,The shark is significantly larger than the reindeer in the image. A realistic depiction of a great white shark would be much larger than a caribou (reindeer). The relative sizes in the image are not accurate.],,,,"[Verdict: No
[Reasoning]: The shark is significantly larger than the reindeer in the image. A realistic depiction of a great white shark would be much larger than a caribou (reindeer). The relative sizes in the image are not accurate.]"
pair_032.png,Are the objects in their correct relative sizes?,No,"The cheetah is significantly larger than the lemur. In the image, the cheetah appears to be much taller and broader, while the lemur is tiny in comparison. This indicates a significant size discrepancy that is not accurately represented in the illustration.]",,,,"[Verdict: No
[Reasoning]: The cheetah is significantly larger than the lemur. In the image, the cheetah appears to be much taller and broader, while the lemur is tiny in comparison. This indicates a significant size discrepancy that is not accurately represented in the illustration.]"
pair_345.png,Are the objects in their correct relative sizes?,No,"The rooster is significantly smaller than the shark. In the image, the shark appears to be much larger than the rooster, which is a typical depiction of the story where a rooster challenges a shark. However, based on visual proportions, the rooster is clearly much smaller than the shark, making the relative sizes inaccurate.]",,,,"[Verdict: No
[Reasoning]: The rooster is significantly smaller than the shark. In the image, the shark appears to be much larger than the rooster, which is a typical depiction of the story where a rooster challenges a shark. However, based on visual proportions, the rooster is clearly much smaller than the shark, making the relative sizes inaccurate.]"
pair_168.png,Are the objects in their correct relative sizes?,No,"The red panda is significantly smaller than the beluga whale. In the image, the beluga whale appears to be much larger, dwarfing the red panda, indicating a significant size discrepancy between the two animals.",,,,"[Verdict: No
[Reasoning]: The red panda is significantly smaller than the beluga whale. In the image, the beluga whale appears to be much larger, dwarfing the red panda, indicating a significant size discrepancy between the two animals."
pair_097.png,Are the objects in their correct relative sizes?,No,"The red panda is significantly smaller than the hippopotamus. In the image, the hippopotamus appears to be much larger, dwarfing the red panda, which is depicted as a tiny creature next to it. This clearly indicates a significant size discrepancy between the two animals.]",,,,"[Verdict: No
[Reasoning]: The red panda is significantly smaller than the hippopotamus. In the image, the hippopotamus appears to be much larger, dwarfing the red panda, which is depicted as a tiny creature next to it. This clearly indicates a significant size discrepancy between the two animals.]"
pair_195.png,Are the objects in their correct relative sizes?,No,"The Komodo dragon is significantly larger than the narwhal. In the image, the narwhal appears much smaller than the Komodo dragon, which is a large reptile. This is a clear misrepresentation of their relative sizes.]",,,,"[Verdict: No
[Reasoning]: The Komodo dragon is significantly larger than the narwhal. In the image, the narwhal appears much smaller than the Komodo dragon, which is a large reptile. This is a clear misrepresentation of their relative sizes.]"
pair_091.png,Are the objects in their correct relative sizes?,No,"The giraffe's legs are significantly longer than its body, making the proportions inaccurate. A giraffe's legs are proportionally shorter relative to its body than they appear in this image. The head and neck also appear to be too large compared to the rest of the animal.]",,,,"[Verdict: No
[Reasoning]: The giraffe's legs are significantly longer than its body, making the proportions inaccurate. A giraffe's legs are proportionally shorter relative to its body than they appear in this image. The head and neck also appear to be too large compared to the rest of the animal.]"
pair_112.png,Are the objects in their correct relative sizes?,No,"In the image, the bear is significantly smaller than the hippo. A realistic depiction of their relative sizes would show the hippo as much larger and more imposing than the bear. The bear appears to be considerably smaller, which is not accurate.]",,,,"[Verdict: No
[Reasoning]: In the image, the bear is significantly smaller than the hippo. A realistic depiction of their relative sizes would show the hippo as much larger and more imposing than the bear. The bear appears to be considerably smaller, which is not accurate.]"
pair_333.png,Are the objects in their correct relative sizes?,No,"The rooster is significantly larger than the toucan. In the image, the rooster is much bigger in terms of height and overall size, while the toucan is considerably smaller. They are not represented in their correct relative sizes.]",,,,"[Verdict: No
[Reasoning]: The rooster is significantly larger than the toucan. In the image, the rooster is much bigger in terms of height and overall size, while the toucan is considerably smaller. They are not represented in their correct relative sizes.]"
pair_110.png,Are the objects in their correct relative sizes?,No,"The small branch in the lower right corner appears significantly smaller than the hippo. A realistic depiction would show the branch being much closer in size to the hippo, suggesting a scale issue in the image.]",,,,"[Verdict: No
[Reasoning]: The small branch in the lower right corner appears significantly smaller than the hippo. A realistic depiction would show the branch being much closer in size to the hippo, suggesting a scale issue in the image.]"
pair_246.png,Are the objects in their correct relative sizes?,No,"The platypus is significantly smaller than the caribou in the image. A caribou is a large animal, while a platypus is a relatively small, rodent-like creature. The relative sizes are not accurate in the illustration.]",,,,"[Verdict: No
[Reasoning]: The platypus is significantly smaller than the caribou in the image. A caribou is a large animal, while a platypus is a relatively small, rodent-like creature. The relative sizes are not accurate in the illustration.]"
pair_010.png,Are the objects in their correct relative sizes?,No,The leopard is significantly smaller than the elephant in the image. The relative sizes are not accurate; the leopard appears much larger than it actually is in comparison to the elephant.],,,,"[Verdict: No
[Reasoning]: The leopard is significantly smaller than the elephant in the image. The relative sizes are not accurate; the leopard appears much larger than it actually is in comparison to the elephant.]"
pair_329.png,Are the objects in their correct relative sizes?,No,"The toucan is significantly larger than the penguin in the image. A typical toucan is around 20-30 cm long, while the penguin in the image appears to be much taller and wider, suggesting it's considerably larger.]",,,,"[Verdict: No
[Reasoning]: The toucan is significantly larger than the penguin in the image. A typical toucan is around 20-30 cm long, while the penguin in the image appears to be much taller and wider, suggesting it's considerably larger.]"
pair_145.png,Are the objects in their correct relative sizes?,No,"The relative sizes of the reindeer and the lemur are significantly off. The lemur is much smaller than the reindeer in the image. A realistic depiction would show a substantial difference in size between the two animals, and this image does not accurately reflect that.]",,,,"[Verdict: No
[Reasoning]: The relative sizes of the reindeer and the lemur are significantly off. The lemur is much smaller than the reindeer in the image. A realistic depiction would show a substantial difference in size between the two animals, and this image does not accurately reflect that.]"
pair_086.png,Are the objects in their correct relative sizes?,No,"The giraffe's legs are significantly longer than its torso and head. In reality, giraffes have proportionally shorter legs compared to their necks. The image exaggerates the length of the legs, making them appear much longer than they actually are relative to the rest of the animal's body.",,,,"[Verdict: No
[Reasoning]: The giraffe's legs are significantly longer than its torso and head. In reality, giraffes have proportionally shorter legs compared to their necks. The image exaggerates the length of the legs, making them appear much longer than they actually are relative to the rest of the animal's body."
pair_210.png,Are the objects in their correct relative sizes?,No,"The leopard is significantly smaller than the narwhal. In the image, the leopard appears to be about half the size of the narwhal, which is a drastic exaggeration of the actual size difference between these two animals. Leopards are typically around 4-6 feet long and weigh 75-165 pounds, while narwhals can reach lengths of 13-16 feet and weigh 1,500-4,000 pounds.",,,,"[Verdict: No
[Reasoning]: The leopard is significantly smaller than the narwhal. In the image, the leopard appears to be about half the size of the narwhal, which is a drastic exaggeration of the actual size difference between these two animals. Leopards are typically around 4-6 feet long and weigh 75-165 pounds, while narwhals can reach lengths of 13-16 feet and weigh 1,500-4,000 pounds."
pair_230.png,Are the objects in their correct relative sizes?,No,"The koala is significantly smaller than the camel in the image. A koala is typically around 60-85 cm (24-33 inches) tall, while the camel appears to be much larger, likely several meters tall. The relative sizes are clearly not accurate.]",,,,"[Verdict: No
[Reasoning]: The koala is significantly smaller than the camel in the image. A koala is typically around 60-85 cm (24-33 inches) tall, while the camel appears to be much larger, likely several meters tall. The relative sizes are clearly not accurate.]"
pair_072.png,Are the objects in their correct relative sizes?,No,"The honey badger is significantly smaller than the giraffe. In the image, the honey badger appears to be about half the size of the giraffe, which is not the correct relative size. A honey badger is typically around 2-3 feet long and 15-20 pounds, while a giraffe can reach heights of 14-19 feet and weigh 1,200-2,000 pounds.]",,,,"[Verdict: No
[Reasoning]: The honey badger is significantly smaller than the giraffe. In the image, the honey badger appears to be about half the size of the giraffe, which is not the correct relative size. A honey badger is typically around 2-3 feet long and 15-20 pounds, while a giraffe can reach heights of 14-19 feet and weigh 1,200-2,000 pounds.]"
pair_048.png,Are the objects in their correct relative sizes?,No,"The cheetah is significantly smaller than the brown bear in the image. A cheetah is typically around 4-5 feet long and weighs 75-140 pounds, while the bear in the image appears to be much larger, likely exceeding 6-7 feet in length and weighing several hundred pounds. The size difference is quite pronounced, suggesting an inaccurate representation of their relative sizes.]",,,,"[Verdict: No
[Reasoning]: The cheetah is significantly smaller than the brown bear in the image. A cheetah is typically around 4-5 feet long and weighs 75-140 pounds, while the bear in the image appears to be much larger, likely exceeding 6-7 feet in length and weighing several hundred pounds. The size difference is quite pronounced, suggesting an inaccurate representation of their relative sizes.]"
pair_285.png,Are the objects in their correct relative sizes?,No,"The beluga whale is significantly larger than the two small, dark-colored objects (presumably hedgehogs) depicted beside it. They appear to be roughly the same size, which is not accurate relative to the whale's scale.]",,,,"[Verdict: No
[Reasoning]: The beluga whale is significantly larger than the two small, dark-colored objects (presumably hedgehogs) depicted beside it. They appear to be roughly the same size, which is not accurate relative to the whale's scale.]"
pair_264.png,Are the objects in their correct relative sizes?,No,"The hedgehog is significantly larger than the narwhal in the image. The narwhal is depicted as a small creature, while the hedgehog appears to be a substantial size relative to it. This indicates a misrepresentation of the relative sizes of the animals.]",,,,"[Verdict: No
[Reasoning]: The hedgehog is significantly larger than the narwhal in the image. The narwhal is depicted as a small creature, while the hedgehog appears to be a substantial size relative to it. This indicates a misrepresentation of the relative sizes of the animals.]"
pair_054.png,Are the objects in their correct relative sizes?,No,"The small dog in the foreground is significantly smaller than the giraffe, which is depicted as being much taller. This indicates a misrepresentation of relative sizes. The dog appears to be roughly the size of a small child, while the giraffe is enormous, which is not accurately portrayed in the image.]",,,,"[Verdict: No
[Reasoning]: The small dog in the foreground is significantly smaller than the giraffe, which is depicted as being much taller. This indicates a misrepresentation of relative sizes. The dog appears to be roughly the size of a small child, while the giraffe is enormous, which is not accurately portrayed in the image.]"
pair_311.png,Are the objects in their correct relative sizes?,No,"The hedgehog is significantly smaller than the platypus. In the image, the platypus appears to be much larger and more substantial in size compared to the hedgehog, which is tiny in comparison. They are clearly not at a correct relative size.]",,,,"[Verdict: No
[Reasoning]: The hedgehog is significantly smaller than the platypus. In the image, the platypus appears to be much larger and more substantial in size compared to the hedgehog, which is tiny in comparison. They are clearly not at a correct relative size.]"
pair_102.png,Are the objects in their correct relative sizes?,No,The hippopotamus is significantly larger than the reindeer in the image. The reindeer appears quite small in comparison to the massive size of the hippo. They are clearly not at a realistic scale relative to each other.],,,,"[Verdict: No
[Reasoning]: The hippopotamus is significantly larger than the reindeer in the image. The reindeer appears quite small in comparison to the massive size of the hippo. They are clearly not at a realistic scale relative to each other.]"
pair_052.png,Are the objects in their correct relative sizes?,No,"The squid is significantly larger than the dog. In the image, the dog appears to be quite small compared to the long, elongated squid. A realistic representation would show the squid as much larger, reflecting its typical size in the ocean.]",,,,"[Verdict: No
[Reasoning]: The squid is significantly larger than the dog. In the image, the dog appears to be quite small compared to the long, elongated squid. A realistic representation would show the squid as much larger, reflecting its typical size in the ocean.]"
