file_name,prompt,observation,assessment,conclusion,raw_response
pair_208.png,Are the objects in their correct relative sizes?,The image shows a leopard and a camel side-by-side. The leopard is smaller than the camel.,"A leopard is typically around 3-5 feet long and weighs 60-120 pounds. A camel, particularly a dromedary, can be 6-10 feet long and weigh 1,000-2,000 pounds.  Based on the visual representation, the leopard appears significantly smaller than the camel, which is a reasonable representation of their actual size difference.","Yes, the objects are depicted with their correct relative sizes.","[Observation]: The image shows a leopard and a camel side-by-side. The leopard is smaller than the camel.

[Assessment]:  A leopard is typically around 3-5 feet long and weighs 60-120 pounds. A camel, particularly a dromedary, can be 6-10 feet long and weigh 1,000-2,000 pounds.  Based on the visual representation, the leopard appears significantly smaller than the camel, which is a reasonable representation of their actual size difference.

[Conclusion]: Yes, the objects are depicted with their correct relative sizes."
pair_068.png,Are the objects in their correct relative sizes?,"The meerkat is small and appears to be standing on the left side of the image, while the penguin is large and is on the right side of the image.",The meerkat is significantly smaller than the penguin. A quick estimation suggests the penguin is roughly 5-7 times larger than the meerkat in terms of height and overall size.,The objects are not depicted in their correct relative sizes. The penguin is significantly larger than the meerkat.,"[Observation]: The meerkat is small and appears to be standing on the left side of the image, while the penguin is large and is on the right side of the image.

[Assessment]: The meerkat is significantly smaller than the penguin. A quick estimation suggests the penguin is roughly 5-7 times larger than the meerkat in terms of height and overall size.

[Conclusion]: The objects are not depicted in their correct relative sizes. The penguin is significantly larger than the meerkat."
pair_331.png,Are the objects in their correct relative sizes?,The image shows a large shark and a small toucan. The shark is significantly larger than the toucan.,"The relative sizes of the shark and toucan are clearly exaggerated. The shark is depicted as enormous, while the toucan is tiny. This is a common technique used in illustrations to emphasize a point or create a humorous effect.",The objects are not depicted in their correct relative sizes. The shark is intentionally drawn much larger than the toucan to create a visual impact.,"[Observation]: The image shows a large shark and a small toucan. The shark is significantly larger than the toucan.

[Assessment]: The relative sizes of the shark and toucan are clearly exaggerated. The shark is depicted as enormous, while the toucan is tiny. This is a common technique used in illustrations to emphasize a point or create a humorous effect.

[Conclusion]: The objects are not depicted in their correct relative sizes. The shark is intentionally drawn much larger than the toucan to create a visual impact."
pair_193.png,Are the objects in their correct relative sizes?,"The image shows a small, dark-colored lizard and a large, tan camel. The lizard is positioned to the left of the camel, and it appears to be significantly smaller than the camel.","Visually, the lizard is demonstrably much smaller than the camel. A rough estimation based on the apparent length of the animals suggests the lizard is approximately one-tenth the size of the camel. The scale difference is quite pronounced.","Yes, the objects are depicted with their correct relative sizes in the image.","[Observation]: The image shows a small, dark-colored lizard and a large, tan camel. The lizard is positioned to the left of the camel, and it appears to be significantly smaller than the camel.

[Assessment]:  Visually, the lizard is demonstrably much smaller than the camel. A rough estimation based on the apparent length of the animals suggests the lizard is approximately one-tenth the size of the camel. The scale difference is quite pronounced.

[Conclusion]: Yes, the objects are depicted with their correct relative sizes in the image."
pair_109.png,Are the objects in their correct relative sizes?,The image shows a large hippopotamus and a small lizard.,"The lizard appears to be significantly smaller than the hippopotamus. The size difference is quite noticeable, with the lizard being almost a tiny speck compared to the massive animal.",The objects are not in their correct relative sizes. The lizard is drastically undersized relative to the hippopotamus.,"[Observation]: The image shows a large hippopotamus and a small lizard.

[Assessment]: The lizard appears to be significantly smaller than the hippopotamus. The size difference is quite noticeable, with the lizard being almost a tiny speck compared to the massive animal.

[Conclusion]: The objects are not in their correct relative sizes. The lizard is drastically undersized relative to the hippopotamus."
pair_314.png,Are the objects in their correct relative sizes?,The platypus is significantly smaller than the rooster. The rooster is much taller and wider.,"The platypus appears to be roughly the size of a small dog, while the rooster is a large bird, easily several times the platypus's size. The visual representation clearly shows a significant size difference.","No, the objects are not in their correct relative sizes. The rooster is much larger than the platypus.","[Observation]: The platypus is significantly smaller than the rooster. The rooster is much taller and wider.
[Assessment]: The platypus appears to be roughly the size of a small dog, while the rooster is a large bird, easily several times the platypus's size. The visual representation clearly shows a significant size difference.
[Conclusion]: No, the objects are not in their correct relative sizes. The rooster is much larger than the platypus."
pair_132.png,Are the objects in their correct relative sizes?,"The badger is significantly larger than the sloth. The badger appears to be about twice as tall as the sloth, and much broader.","The sloth is a relatively small animal, known for its slow movement and arboreal lifestyle. Badgers, on the other hand, are medium-sized mammals that are terrestrial and known for their digging and hunting abilities.  The visual representation accurately reflects the typical size difference between these two animals.","Yes, the objects are in their correct relative sizes.","[Observation]: The badger is significantly larger than the sloth. The badger appears to be about twice as tall as the sloth, and much broader.

[Assessment]:  The sloth is a relatively small animal, known for its slow movement and arboreal lifestyle. Badgers, on the other hand, are medium-sized mammals that are terrestrial and known for their digging and hunting abilities.  The visual representation accurately reflects the typical size difference between these two animals.

[Conclusion]: Yes, the objects are in their correct relative sizes."
pair_234.png,Are the objects in their correct relative sizes?,The image shows a large camel and a small toucan. The toucan is perched on the camel's back.,The toucan appears significantly smaller than the camel. Its size relative to the camel is noticeably disproportionate. A typical toucan is much smaller than a camel.,The objects are not in their correct relative sizes. The toucan is significantly too large in comparison to the camel.,"[Observation]: The image shows a large camel and a small toucan. The toucan is perched on the camel's back.

[Assessment]: The toucan appears significantly smaller than the camel. Its size relative to the camel is noticeably disproportionate. A typical toucan is much smaller than a camel.

[Conclusion]: The objects are not in their correct relative sizes. The toucan is significantly too large in comparison to the camel."
pair_014.png,Are the objects in their correct relative sizes?,"The image shows an elephant and a walrus. The elephant is significantly larger than the walrus. The elephant is standing tall, while the walrus is sitting and appears much smaller in comparison.","The relative sizes of the animals in the image are clearly not accurate. The elephant is depicted as being much larger than the walrus. A typical adult elephant is considerably taller and heavier than a walrus. The artist has exaggerated the size difference for visual effect, likely to emphasize the contrast between the two animals.","The objects are not depicted in their correct relative sizes. The elephant is significantly larger than the walrus, but the image exaggerates this difference for artistic effect.","[Observation]: The image shows an elephant and a walrus. The elephant is significantly larger than the walrus. The elephant is standing tall, while the walrus is sitting and appears much smaller in comparison.

[Assessment]:  The relative sizes of the animals in the image are clearly not accurate. The elephant is depicted as being much larger than the walrus. A typical adult elephant is considerably taller and heavier than a walrus. The artist has exaggerated the size difference for visual effect, likely to emphasize the contrast between the two animals.

[Conclusion]: The objects are not depicted in their correct relative sizes. The elephant is significantly larger than the walrus, but the image exaggerates this difference for artistic effect."
pair_077.png,Are the objects in their correct relative sizes?,"The image shows a giraffe and a leopard. The giraffe is significantly taller than the leopard. The leopard is positioned at the base of the giraffe, appearing much smaller in comparison.","The relative sizes of the animals in the image are clearly misrepresented. The giraffe is depicted as much larger than the leopard, which is a significant exaggeration. A real giraffe would be considerably taller than a leopard, and the visual disparity in size is quite pronounced in this illustration.",The objects are not depicted in their correct relative sizes. The giraffe is dramatically oversized compared to the leopard.,"[Observation]: The image shows a giraffe and a leopard. The giraffe is significantly taller than the leopard. The leopard is positioned at the base of the giraffe, appearing much smaller in comparison.

[Assessment]: The relative sizes of the animals in the image are clearly misrepresented. The giraffe is depicted as much larger than the leopard, which is a significant exaggeration. A real giraffe would be considerably taller than a leopard, and the visual disparity in size is quite pronounced in this illustration.

[Conclusion]: The objects are not depicted in their correct relative sizes. The giraffe is dramatically oversized compared to the leopard."
pair_232.png,Are the objects in their correct relative sizes?,The image shows a large camel and a small lizard. The lizard is positioned very close to the base of the camel's leg.,The lizard appears significantly smaller than the camel. Its size relative to the camel's leg is disproportionate. A lizard of that size would realistically be much further away from the base of a camel's leg.,"The objects are not in their correct relative sizes. The lizard is much too close to the camel's leg, making it appear significantly larger than it should be.","[Observation]: The image shows a large camel and a small lizard. The lizard is positioned very close to the base of the camel's leg.

[Assessment]: The lizard appears significantly smaller than the camel. Its size relative to the camel's leg is disproportionate. A lizard of that size would realistically be much further away from the base of a camel's leg.

[Conclusion]: The objects are not in their correct relative sizes. The lizard is much too close to the camel's leg, making it appear significantly larger than it should be."
pair_002.png,Are the objects in their correct relative sizes?,"The image shows a large elephant and a small meerkat. The meerkat is positioned to the right of the elephant, appearing significantly smaller.","The meerkat is demonstrably much smaller than the elephant. Its size relative to the elephant is drastically reduced, suggesting a scale difference. The meerkat is approximately one-tenth the size of the elephant.",The objects are not depicted in their correct relative sizes. The meerkat is significantly undersized compared to the elephant.,"[Observation]: The image shows a large elephant and a small meerkat. The meerkat is positioned to the right of the elephant, appearing significantly smaller.

[Assessment]: The meerkat is demonstrably much smaller than the elephant. Its size relative to the elephant is drastically reduced, suggesting a scale difference. The meerkat is approximately one-tenth the size of the elephant.

[Conclusion]: The objects are not depicted in their correct relative sizes. The meerkat is significantly undersized compared to the elephant."
pair_007.png,Are the objects in their correct relative sizes?,The image shows a large elephant and a much smaller red panda. The elephant is depicted as significantly larger than the red panda.,"The relative sizes of the animals in the image appear to be drastically different. The elephant's massive size is clearly evident, while the red panda is tiny in comparison. The perspective and scale are such that the red panda is almost minuscule next to the elephant.","Yes, the objects are depicted in their correct relative sizes. The elephant is portrayed as being substantially larger than the red panda, accurately reflecting their actual size difference.","[Observation]: The image shows a large elephant and a much smaller red panda. The elephant is depicted as significantly larger than the red panda.

[Assessment]: The relative sizes of the animals in the image appear to be drastically different. The elephant's massive size is clearly evident, while the red panda is tiny in comparison. The perspective and scale are such that the red panda is almost minuscule next to the elephant.

[Conclusion]: Yes, the objects are depicted in their correct relative sizes. The elephant is portrayed as being substantially larger than the red panda, accurately reflecting their actual size difference."
pair_042.png,Are the objects in their correct relative sizes?,The cheetah on the left is significantly larger than the kangaroo on the right. The cheetah appears to be about twice as tall as the kangaroo.,"Based on visual comparison, the cheetah is demonstrably larger in both height and overall body mass. The kangaroo appears relatively small in comparison.","No, the objects are not depicted in their correct relative sizes. The cheetah is much larger than the kangaroo.","[Observation]: The cheetah on the left is significantly larger than the kangaroo on the right. The cheetah appears to be about twice as tall as the kangaroo.

[Assessment]:  Based on visual comparison, the cheetah is demonstrably larger in both height and overall body mass. The kangaroo appears relatively small in comparison.

[Conclusion]: No, the objects are not depicted in their correct relative sizes. The cheetah is much larger than the kangaroo."
pair_081.png,Are the objects in their correct relative sizes?,The giraffe is significantly taller than the walrus. The giraffe appears to be towering over the walrus.,"Based on visual estimation, the giraffe is considerably larger in height than the walrus. The difference in size is quite dramatic.","The objects are not depicted in their correct relative sizes. The giraffe is much, much larger than the walrus.","[Observation]: The giraffe is significantly taller than the walrus. The giraffe appears to be towering over the walrus.
[Assessment]: Based on visual estimation, the giraffe is considerably larger in height than the walrus. The difference in size is quite dramatic.
[Conclusion]: The objects are not depicted in their correct relative sizes. The giraffe is much, much larger than the walrus."
pair_327.png,Are the objects in their correct relative sizes?,The sloth is significantly larger than the rooster. The sloth's body extends much further down and is proportionally bigger. The rooster is small in comparison.,"The relative sizes in the image are not accurate. The sloth appears to be much larger than the rooster, which is a common depiction, but it's exaggerated in this illustration. A real sloth would be considerably bigger than a rooster.",The objects are not depicted in their correct relative sizes. The sloth is significantly oversized compared to the rooster.,"[Observation]: The sloth is significantly larger than the rooster. The sloth's body extends much further down and is proportionally bigger. The rooster is small in comparison.

[Assessment]: The relative sizes in the image are not accurate. The sloth appears to be much larger than the rooster, which is a common depiction, but it's exaggerated in this illustration. A real sloth would be considerably bigger than a rooster.

[Conclusion]: The objects are not depicted in their correct relative sizes. The sloth is significantly oversized compared to the rooster."
pair_056.png,Are the objects in their correct relative sizes?,"The image shows a meerkat and a honey badger side-by-side. The meerkat is small and standing upright, while the honey badger is much larger and sprawled out.","Based on visual comparison, the honey badger is significantly larger than the meerkat. The honey badger's body length and overall size are considerably greater, and its paws appear much bigger.","Yes, the objects are depicted with their correct relative sizes. The honey badger is demonstrably much larger than the meerkat.","[Observation]: The image shows a meerkat and a honey badger side-by-side. The meerkat is small and standing upright, while the honey badger is much larger and sprawled out.

[Assessment]: Based on visual comparison, the honey badger is significantly larger than the meerkat. The honey badger's body length and overall size are considerably greater, and its paws appear much bigger.

[Conclusion]: Yes, the objects are depicted with their correct relative sizes. The honey badger is demonstrably much larger than the meerkat."
pair_301.png,Are the objects in their correct relative sizes?,The koala on the left is significantly smaller than the penguin on the right. The penguin appears to be roughly twice the size of the koala.,"Koalas are arboreal mammals adapted to a life in trees, and they are naturally smaller than penguins, which are aquatic birds adapted to a life in the ocean. The relative sizes in the image are not accurate, as the koala is depicted much smaller than it should be compared to a penguin.","No, the objects are not in their correct relative sizes. The koala is depicted as being much smaller than it actually is.","[Observation]: The koala on the left is significantly smaller than the penguin on the right. The penguin appears to be roughly twice the size of the koala.

[Assessment]:  Koalas are arboreal mammals adapted to a life in trees, and they are naturally smaller than penguins, which are aquatic birds adapted to a life in the ocean. The relative sizes in the image are not accurate, as the koala is depicted much smaller than it should be compared to a penguin.

[Conclusion]: No, the objects are not in their correct relative sizes. The koala is depicted as being much smaller than it actually is."
pair_090.png,Are the objects in their correct relative sizes?,The image shows a giraffe and two penguins. The giraffe is significantly taller than both penguins.,"The giraffe is depicted as very tall, and the penguins are shown as small and close to the ground. The relative sizes appear to be drastically different, with the giraffe towering over the penguins.","The objects are not depicted in their correct relative sizes. The giraffe is much, much larger than the penguins.","[Observation]: The image shows a giraffe and two penguins. The giraffe is significantly taller than both penguins.

[Assessment]: The giraffe is depicted as very tall, and the penguins are shown as small and close to the ground. The relative sizes appear to be drastically different, with the giraffe towering over the penguins.

[Conclusion]: The objects are not depicted in their correct relative sizes. The giraffe is much, much larger than the penguins."
pair_177.png,Are the objects in their correct relative sizes?,"The red panda is significantly larger than the hedgehog. The red panda appears to be about 3-4 times larger in height and length. The hedgehog is very small, appearing to be only a few inches tall.","The relative sizes of the animals in the image are not accurate. The red panda is depicted as much larger than the hedgehog, which is a common representation in illustrations, but it's an exaggeration. A real red panda is considerably smaller than a hedgehog.","No, the objects are not in their correct relative sizes. The red panda is significantly larger than it should be in comparison to the hedgehog.","[Observation]: The red panda is significantly larger than the hedgehog. The red panda appears to be about 3-4 times larger in height and length. The hedgehog is very small, appearing to be only a few inches tall.

[Assessment]: The relative sizes of the animals in the image are not accurate. The red panda is depicted as much larger than the hedgehog, which is a common representation in illustrations, but it's an exaggeration. A real red panda is considerably smaller than a hedgehog.

[Conclusion]: No, the objects are not in their correct relative sizes. The red panda is significantly larger than it should be in comparison to the hedgehog."
pair_335.png,Are the objects in their correct relative sizes?,"The image shows a large brown bear and a small hedgehog. The hedgehog is positioned to the right of the bear, appearing significantly smaller.",The hedgehog is noticeably smaller than the bear. A visual comparison indicates that the hedgehog is approximately one-tenth the size of the bear. This is a common depiction in illustrations where the relative size of animals is exaggerated for visual interest or to highlight a specific interaction.,"The objects are not depicted in their correct relative sizes. The hedgehog is significantly smaller than the bear, which is a common artistic exaggeration.","[Observation]: The image shows a large brown bear and a small hedgehog. The hedgehog is positioned to the right of the bear, appearing significantly smaller.

[Assessment]: The hedgehog is noticeably smaller than the bear. A visual comparison indicates that the hedgehog is approximately one-tenth the size of the bear. This is a common depiction in illustrations where the relative size of animals is exaggerated for visual interest or to highlight a specific interaction.

[Conclusion]: The objects are not depicted in their correct relative sizes. The hedgehog is significantly smaller than the bear, which is a common artistic exaggeration."
pair_172.png,Are the objects in their correct relative sizes?,"The red panda is significantly larger than the axolotl. The red panda appears to be standing on all four paws, while the axolotl is lying on its back.","Based on visual comparison, the red panda is considerably bigger than the axolotl. The red panda's body length and height are much greater, and its paws are proportionally larger. The axolotl is small and compact.","Yes, the objects are depicted with their correct relative sizes. The red panda is much larger than the axolotl.","[Observation]: The red panda is significantly larger than the axolotl. The red panda appears to be standing on all four paws, while the axolotl is lying on its back.

[Assessment]: Based on visual comparison, the red panda is considerably bigger than the axolotl. The red panda's body length and height are much greater, and its paws are proportionally larger. The axolotl is small and compact.

[Conclusion]: Yes, the objects are depicted with their correct relative sizes. The red panda is much larger than the axolotl."
pair_278.png,Are the objects in their correct relative sizes?,"The walrus is significantly larger than the rooster. The rooster is small and compact, while the walrus is massive and takes up a large portion of the image.",The relative sizes are not accurate. The rooster is depicted as much smaller than it realistically would be compared to a walrus. The artist has clearly exaggerated the size of the walrus to make it appear imposing.,The objects are not in their correct relative sizes. The rooster is significantly undersized compared to the walrus.,"[Observation]: The walrus is significantly larger than the rooster. The rooster is small and compact, while the walrus is massive and takes up a large portion of the image.

[Assessment]: The relative sizes are not accurate. The rooster is depicted as much smaller than it realistically would be compared to a walrus. The artist has clearly exaggerated the size of the walrus to make it appear imposing.

[Conclusion]: The objects are not in their correct relative sizes. The rooster is significantly undersized compared to the walrus."
pair_179.png,Are the objects in their correct relative sizes?,"The image shows a large squid and two small animals, one appearing to be a fox and the other a small rodent.","The squid is significantly larger than both animals. The fox appears to be roughly the same size as the squid's head, while the rodent is much smaller, perhaps about a quarter of the squid's size.",The objects are not in their correct relative sizes. The squid is vastly oversized compared to the fox and rodent.,"[Observation]: The image shows a large squid and two small animals, one appearing to be a fox and the other a small rodent.

[Assessment]: The squid is significantly larger than both animals. The fox appears to be roughly the same size as the squid's head, while the rodent is much smaller, perhaps about a quarter of the squid's size.

[Conclusion]: The objects are not in their correct relative sizes. The squid is vastly oversized compared to the fox and rodent."
pair_050.png,Are the objects in their correct relative sizes?,"The image shows a cheetah and a hedgehog. The cheetah is a large, muscular animal, while the hedgehog is a small, round creature.",The hedgehog is significantly smaller than the cheetah. It appears to be roughly one-tenth the size of the cheetah. The relative proportions in the image seem accurate.,"Yes, the objects are depicted in their correct relative sizes.","[Observation]: The image shows a cheetah and a hedgehog. The cheetah is a large, muscular animal, while the hedgehog is a small, round creature.

[Assessment]: The hedgehog is significantly smaller than the cheetah. It appears to be roughly one-tenth the size of the cheetah. The relative proportions in the image seem accurate.

[Conclusion]: Yes, the objects are depicted in their correct relative sizes."
pair_334.png,Are the objects in their correct relative sizes?,The bear is significantly larger than the penguin. The bear appears to be roughly three to four times the size of the penguin.,"Based on visual proportions, the bear is demonstrably much larger than the penguin. The penguin is depicted as being quite small relative to the bear's substantial size.","The objects are not depicted in their correct relative sizes. The bear is significantly larger than the penguin, and the image exaggerates the size difference.","[Observation]: The bear is significantly larger than the penguin. The bear appears to be roughly three to four times the size of the penguin.

[Assessment]:  Based on visual proportions, the bear is demonstrably much larger than the penguin. The penguin is depicted as being quite small relative to the bear's substantial size.

[Conclusion]: The objects are not depicted in their correct relative sizes. The bear is significantly larger than the penguin, and the image exaggerates the size difference."
pair_300.png,Are the objects in their correct relative sizes?,"The image shows a small koala and a large brown bear. The koala is depicted as a tiny, almost miniature version of the bear.","Visually, the koala appears significantly smaller than the bear.  The difference in scale is quite dramatic, with the koala being roughly one-tenth the size of the bear.  The perspective and shading in the image contribute to the illusion of size difference.","Yes, the objects are depicted in their correct relative sizes. The koala is indeed a much smaller animal than the bear, as accurately represented in the image.","[Observation]: The image shows a small koala and a large brown bear. The koala is depicted as a tiny, almost miniature version of the bear.

[Assessment]:  Visually, the koala appears significantly smaller than the bear.  The difference in scale is quite dramatic, with the koala being roughly one-tenth the size of the bear.  The perspective and shading in the image contribute to the illusion of size difference.

[Conclusion]: Yes, the objects are depicted in their correct relative sizes. The koala is indeed a much smaller animal than the bear, as accurately represented in the image."
pair_315.png,Are the objects in their correct relative sizes?,"The sloth is significantly larger than the axolotl. The sloth is hanging from a branch and appears to be a substantial animal, while the axolotl is a small, elongated amphibian.","The sloth is clearly much bigger than the axolotl. The relative sizes in the image are not accurate. A sloth is a mammal known for its size, while an axolotl is a small salamander. The artist has exaggerated the size of the sloth to make it appear more impressive.","No, the objects are not in their correct relative sizes. The sloth is much larger than the axolotl.","[Observation]: The sloth is significantly larger than the axolotl. The sloth is hanging from a branch and appears to be a substantial animal, while the axolotl is a small, elongated amphibian.

[Assessment]: The sloth is clearly much bigger than the axolotl. The relative sizes in the image are not accurate. A sloth is a mammal known for its size, while an axolotl is a small salamander. The artist has exaggerated the size of the sloth to make it appear more impressive.

[Conclusion]: No, the objects are not in their correct relative sizes. The sloth is much larger than the axolotl."
pair_226.png,Are the objects in their correct relative sizes?,"The camel appears significantly larger than the narwhal. The narwhal is positioned to the right of the camel, and it looks much smaller in comparison.","Based on visual estimation, the camel's height and overall size seem to be at least three to four times greater than the narwhal's. The narwhal is depicted as a relatively small marine mammal.",The objects are not depicted in their correct relative sizes. The narwhal is significantly smaller than the camel as shown in the image.,"[Observation]: The camel appears significantly larger than the narwhal. The narwhal is positioned to the right of the camel, and it looks much smaller in comparison.

[Assessment]: Based on visual estimation, the camel's height and overall size seem to be at least three to four times greater than the narwhal's. The narwhal is depicted as a relatively small marine mammal.

[Conclusion]: The objects are not depicted in their correct relative sizes. The narwhal is significantly smaller than the camel as shown in the image."
pair_236.png,Are the objects in their correct relative sizes?,The camel is significantly larger than the penguin. The penguin is standing quite close to the camel's legs.,"The penguin is a small bird, and camels are large mammals. Based on the visual scale, the penguin appears to be much smaller than the camel. The relative sizes in the image are not accurate.","No, the objects are not in their correct relative sizes. The penguin is much smaller than the camel.","[Observation]: The camel is significantly larger than the penguin. The penguin is standing quite close to the camel's legs.
[Assessment]: The penguin is a small bird, and camels are large mammals. Based on the visual scale, the penguin appears to be much smaller than the camel. The relative sizes in the image are not accurate.
[Conclusion]: No, the objects are not in their correct relative sizes. The penguin is much smaller than the camel."
pair_063.png,Are the objects in their correct relative sizes?,"The image shows a large kangaroo and a small meerkat. The meerkat is positioned to the left of the kangaroo, appearing significantly smaller.","The relative sizes of the animals in the image appear to be accurately represented. The meerkat is demonstrably much smaller than the kangaroo, reflecting their typical size difference. The scale is visually consistent with the known proportions of these animals.","Yes, the objects in the image are depicted with their correct relative sizes.","[Observation]: The image shows a large kangaroo and a small meerkat. The meerkat is positioned to the left of the kangaroo, appearing significantly smaller.

[Assessment]: The relative sizes of the animals in the image appear to be accurately represented. The meerkat is demonstrably much smaller than the kangaroo, reflecting their typical size difference. The scale is visually consistent with the known proportions of these animals.

[Conclusion]: Yes, the objects in the image are depicted with their correct relative sizes."
pair_191.png,Are the objects in their correct relative sizes?,"The panda is significantly larger than the rooster. The panda is sitting and appears to be quite substantial, while the rooster is small and standing close to it.","The relative sizes of the animals in the image are not accurate. The panda is depicted as much larger than the rooster, which is a common depiction in illustrations, but it's not proportionally correct based on real-world measurements.",The objects are not in their correct relative sizes. The panda is exaggeratedly large compared to the rooster.,"[Observation]: The panda is significantly larger than the rooster. The panda is sitting and appears to be quite substantial, while the rooster is small and standing close to it.

[Assessment]: The relative sizes of the animals in the image are not accurate. The panda is depicted as much larger than the rooster, which is a common depiction in illustrations, but it's not proportionally correct based on real-world measurements.

[Conclusion]: The objects are not in their correct relative sizes. The panda is exaggeratedly large compared to the rooster."
pair_139.png,Are the objects in their correct relative sizes?,"The image shows a badger and a rooster. The badger is a large, grey animal with a striped pattern. The rooster is a smaller, reddish-brown bird with a prominent comb and tail feathers.",The rooster is significantly smaller than the badger. A visual comparison shows a clear difference in scale between the two animals. The rooster appears to be roughly half the size of the badger.,"No, the objects are not in their correct relative sizes. The rooster is much smaller than the badger.","[Observation]: The image shows a badger and a rooster. The badger is a large, grey animal with a striped pattern. The rooster is a smaller, reddish-brown bird with a prominent comb and tail feathers.

[Assessment]: The rooster is significantly smaller than the badger. A visual comparison shows a clear difference in scale between the two animals. The rooster appears to be roughly half the size of the badger.

[Conclusion]: No, the objects are not in their correct relative sizes. The rooster is much smaller than the badger."
pair_104.png,Are the objects in their correct relative sizes?,"The image shows a hippopotamus and a walrus. The hippopotamus is a large, bulky animal, and the walrus is a smaller, stout animal with prominent tusks.",The walrus appears significantly smaller than the hippopotamus. A quick visual estimation suggests the walrus is roughly half the size of the hippopotamus. The difference in scale is quite noticeable.,"No, the objects are not in their correct relative sizes. The walrus is significantly smaller than the hippopotamus.","[Observation]: The image shows a hippopotamus and a walrus. The hippopotamus is a large, bulky animal, and the walrus is a smaller, stout animal with prominent tusks.

[Assessment]: The walrus appears significantly smaller than the hippopotamus. A quick visual estimation suggests the walrus is roughly half the size of the hippopotamus. The difference in scale is quite noticeable.

[Conclusion]: No, the objects are not in their correct relative sizes. The walrus is significantly smaller than the hippopotamus."
pair_108.png,Are the objects in their correct relative sizes?,The image shows a large hippopotamus and a smaller platypus. The hippopotamus is significantly larger than the platypus.,"The platypus is depicted as being considerably smaller than the hippopotamus. A visual comparison shows a clear difference in scale, with the platypus appearing tiny in relation to the massive hippopotamus.",The objects are not depicted in their correct relative sizes. The platypus is much smaller than it should be in comparison to the hippopotamus.,"[Observation]: The image shows a large hippopotamus and a smaller platypus. The hippopotamus is significantly larger than the platypus.

[Assessment]: The platypus is depicted as being considerably smaller than the hippopotamus. A visual comparison shows a clear difference in scale, with the platypus appearing tiny in relation to the massive hippopotamus.

[Conclusion]: The objects are not depicted in their correct relative sizes. The platypus is much smaller than it should be in comparison to the hippopotamus."
pair_076.png,Are the objects in their correct relative sizes?,"The giraffe is significantly taller than the monitor lizard. The lizard is small and appears to be close to the ground, while the giraffe is towering above it.","Based on visual estimation, the giraffe appears to be at least 10-20 times taller than the monitor lizard. The lizard is a tiny speck compared to the massive size of the giraffe.","Yes, the objects are depicted with their correct relative sizes. The giraffe is clearly much larger than the monitor lizard.","[Observation]: The giraffe is significantly taller than the monitor lizard. The lizard is small and appears to be close to the ground, while the giraffe is towering above it.

[Assessment]: Based on visual estimation, the giraffe appears to be at least 10-20 times taller than the monitor lizard. The lizard is a tiny speck compared to the massive size of the giraffe.

[Conclusion]: Yes, the objects are depicted with their correct relative sizes. The giraffe is clearly much larger than the monitor lizard."
pair_101.png,Are the objects in their correct relative sizes?,The image shows a hippopotamus on the left and a camel on the right. The hippopotamus is significantly larger than the camel.,"A hippopotamus is a very large, heavy-bodied animal, while a camel is considerably smaller and lighter.  Based on visual proportions, the camel appears much smaller relative to the hippopotamus. The camel's height and overall size are noticeably smaller.","No, the objects are not in their correct relative sizes. The hippopotamus is much larger than the camel as depicted in the image.","[Observation]: The image shows a hippopotamus on the left and a camel on the right. The hippopotamus is significantly larger than the camel.

[Assessment]:  A hippopotamus is a very large, heavy-bodied animal, while a camel is considerably smaller and lighter.  Based on visual proportions, the camel appears much smaller relative to the hippopotamus. The camel's height and overall size are noticeably smaller.

[Conclusion]: No, the objects are not in their correct relative sizes. The hippopotamus is much larger than the camel as depicted in the image."
pair_239.png,Are the objects in their correct relative sizes?,The image shows a camel and a large squid. The squid is significantly larger than the camel.,"The squid's tentacles are extended far beyond the camel's body, and the squid itself appears much taller and wider. A typical squid can be several meters long, while a camel is considerably smaller. The relative sizes in the image appear to be exaggerated, but the squid is demonstrably larger than the camel.",The objects are not depicted in their correct relative sizes. The squid is much larger than the camel.,"[Observation]: The image shows a camel and a large squid. The squid is significantly larger than the camel.

[Assessment]: The squid's tentacles are extended far beyond the camel's body, and the squid itself appears much taller and wider. A typical squid can be several meters long, while a camel is considerably smaller. The relative sizes in the image appear to be exaggerated, but the squid is demonstrably larger than the camel.

[Conclusion]: The objects are not depicted in their correct relative sizes. The squid is much larger than the camel."
pair_247.png,Are the objects in their correct relative sizes?,"The image shows a large caribou (reindeer) and two small axolotls. The caribou is depicted as a large, imposing animal, while the axolotls are tiny and appear to be significantly smaller.","The relative sizes of the caribou and axolotls are clearly not accurate. The axolotls are extremely small compared to the caribou, appearing almost like miniature versions of themselves. The caribou is depicted as being much larger than it realistically should be in relation to the axolotls.",The objects in the image are not depicted in their correct relative sizes. The axolotls are drastically undersized compared to the caribou.,"[Observation]: The image shows a large caribou (reindeer) and two small axolotls. The caribou is depicted as a large, imposing animal, while the axolotls are tiny and appear to be significantly smaller.

[Assessment]: The relative sizes of the caribou and axolotls are clearly not accurate. The axolotls are extremely small compared to the caribou, appearing almost like miniature versions of themselves. The caribou is depicted as being much larger than it realistically should be in relation to the axolotls.

[Conclusion]: The objects in the image are not depicted in their correct relative sizes. The axolotls are drastically undersized compared to the caribou."
pair_099.png,Are the objects in their correct relative sizes?,The image shows a large hippopotamus and a smaller monitor lizard. The hippopotamus is depicted as significantly larger than the lizard.,"The relative sizes appear to be roughly accurate. A hippopotamus is considerably larger than a monitor lizard, and the image reflects this difference in scale. The lizard is small enough to appear to be almost at the hippo's feet.","Yes, the objects are depicted with their correct relative sizes in the image.","[Observation]: The image shows a large hippopotamus and a smaller monitor lizard. The hippopotamus is depicted as significantly larger than the lizard.

[Assessment]: The relative sizes appear to be roughly accurate. A hippopotamus is considerably larger than a monitor lizard, and the image reflects this difference in scale. The lizard is small enough to appear to be almost at the hippo's feet.

[Conclusion]: Yes, the objects are depicted with their correct relative sizes in the image."
pair_011.png,Are the objects in their correct relative sizes?,The image shows an elephant and a camel side-by-side. The elephant is significantly larger than the camel.,"Visually, the elephant appears to be much taller and wider than the camel.  The relative proportions of their bodies seem accurate, with the elephant being considerably larger.","Yes, the objects are depicted in their correct relative sizes. The elephant is demonstrably larger than the camel in the image.","[Observation]: The image shows an elephant and a camel side-by-side. The elephant is significantly larger than the camel.

[Assessment]:  Visually, the elephant appears to be much taller and wider than the camel.  The relative proportions of their bodies seem accurate, with the elephant being considerably larger.

[Conclusion]: Yes, the objects are depicted in their correct relative sizes. The elephant is demonstrably larger than the camel in the image."
pair_003.png,Are the objects in their correct relative sizes?,"The image shows an elephant on the left and a giraffe on the right. The elephant is a large, gray animal with a long trunk and tusks. The giraffe is tall and has a spotted coat.","The giraffe is significantly taller than the elephant in the image. The relative proportions of their bodies appear to be somewhat distorted, with the giraffe appearing much larger than it realistically should be compared to the elephant.","No, the objects are not in their correct relative sizes. The giraffe is noticeably larger than the elephant in the image.","[Observation]: The image shows an elephant on the left and a giraffe on the right. The elephant is a large, gray animal with a long trunk and tusks. The giraffe is tall and has a spotted coat.

[Assessment]: The giraffe is significantly taller than the elephant in the image. The relative proportions of their bodies appear to be somewhat distorted, with the giraffe appearing much larger than it realistically should be compared to the elephant.

[Conclusion]: No, the objects are not in their correct relative sizes. The giraffe is noticeably larger than the elephant in the image."
pair_156.png,Are the objects in their correct relative sizes?,The lemur is significantly smaller than the penguin. The penguin is much taller and wider.,"The relative sizes appear to be inaccurate. A lemur is typically around 20-30 cm in height, while the penguin in the image is approximately 60-70 cm tall. The penguin is clearly much larger than the lemur.","No, the objects are not in their correct relative sizes. The penguin is significantly larger than the lemur.","[Observation]: The lemur is significantly smaller than the penguin. The penguin is much taller and wider.
[Assessment]: The relative sizes appear to be inaccurate. A lemur is typically around 20-30 cm in height, while the penguin in the image is approximately 60-70 cm tall. The penguin is clearly much larger than the lemur.
[Conclusion]: No, the objects are not in their correct relative sizes. The penguin is significantly larger than the lemur."
pair_328.png,Are the objects in their correct relative sizes?,"The bear is significantly larger than the toucan. The toucan is perched on the bear's paw, appearing quite small in comparison.","The relative sizes are not accurate. The toucan is depicted as much smaller than it realistically would be if it were interacting with a bear of that size. The artist has clearly exaggerated the size difference for visual effect, likely to emphasize the interaction.",The objects are not depicted in their correct relative sizes. The toucan is significantly larger than it should be in relation to the bear.,"[Observation]: The bear is significantly larger than the toucan. The toucan is perched on the bear's paw, appearing quite small in comparison.

[Assessment]: The relative sizes are not accurate. The toucan is depicted as much smaller than it realistically would be if it were interacting with a bear of that size. The artist has clearly exaggerated the size difference for visual effect, likely to emphasize the interaction.

[Conclusion]: The objects are not depicted in their correct relative sizes. The toucan is significantly larger than it should be in relation to the bear."
pair_064.png,Are the objects in their correct relative sizes?,"The meerkat is significantly smaller than the koala. The koala is much larger and appears to be standing on all fours, while the meerkat is standing upright and is considerably shorter.","Based on visual proportions, the meerkat is clearly much smaller than the koala. A koala is a large marsupial, while a meerkat is a small rodent. The relative sizes in the image appear to be accurately represented.","Yes, the objects are depicted in their correct relative sizes.","[Observation]: The meerkat is significantly smaller than the koala. The koala is much larger and appears to be standing on all fours, while the meerkat is standing upright and is considerably shorter.

[Assessment]:  Based on visual proportions, the meerkat is clearly much smaller than the koala. A koala is a large marsupial, while a meerkat is a small rodent. The relative sizes in the image appear to be accurately represented.

[Conclusion]: Yes, the objects are depicted in their correct relative sizes."
pair_197.png,Are the objects in their correct relative sizes?,"The image shows a small, brown lizard-like reptile and a large, white whale.","The lizard is significantly smaller than the whale. The whale appears to be much larger, taking up a considerable portion of the image, while the lizard is only a small, compact figure in comparison.",The objects are not depicted in their correct relative sizes. The whale is vastly larger than the lizard.,"[Observation]: The image shows a small, brown lizard-like reptile and a large, white whale.

[Assessment]: The lizard is significantly smaller than the whale. The whale appears to be much larger, taking up a considerable portion of the image, while the lizard is only a small, compact figure in comparison.

[Conclusion]: The objects are not depicted in their correct relative sizes. The whale is vastly larger than the lizard."
pair_326.png,Are the objects in their correct relative sizes?,The image shows a large squid and a small plant. The squid is significantly larger than the plant.,"The squid appears to be roughly 10-15 times larger than the plant in terms of length and overall size. The plant is a very small, simple leaf-like structure.",The objects are not in their correct relative sizes. The squid is vastly oversized compared to the plant.,"[Observation]: The image shows a large squid and a small plant. The squid is significantly larger than the plant.

[Assessment]: The squid appears to be roughly 10-15 times larger than the plant in terms of length and overall size. The plant is a very small, simple leaf-like structure.

[Conclusion]: The objects are not in their correct relative sizes. The squid is vastly oversized compared to the plant."
pair_150.png,Are the objects in their correct relative sizes?,"The lemur is significantly smaller than the koala. The lemur is standing on its hind legs, appearing relatively compact, while the koala is much larger and more substantial.","The lemur's size is proportionally smaller compared to the koala. A lemur is typically around 10-20 cm in height, whereas the koala is around 60-85 cm. The image accurately reflects this size difference.","Yes, the objects are in their correct relative sizes.","[Observation]: The lemur is significantly smaller than the koala. The lemur is standing on its hind legs, appearing relatively compact, while the koala is much larger and more substantial.

[Assessment]:  The lemur's size is proportionally smaller compared to the koala. A lemur is typically around 10-20 cm in height, whereas the koala is around 60-85 cm. The image accurately reflects this size difference.

[Conclusion]: Yes, the objects are in their correct relative sizes."
pair_235.png,Are the objects in their correct relative sizes?,"The image shows a large camel and a smaller bear. The camel is significantly taller and larger than the bear. The camel has a prominent hump and a long neck, while the bear is compact and has a shorter stature.","Based on visual comparison, the camel appears to be considerably larger than the bear. The difference in height and overall body size is quite noticeable. The camel's proportions—particularly its height and neck length—are much greater than those of the bear.",The objects are not depicted in their correct relative sizes. The camel is significantly larger than the bear in the image.,"[Observation]: The image shows a large camel and a smaller bear. The camel is significantly taller and larger than the bear. The camel has a prominent hump and a long neck, while the bear is compact and has a shorter stature.

[Assessment]: Based on visual comparison, the camel appears to be considerably larger than the bear. The difference in height and overall body size is quite noticeable. The camel's proportions—particularly its height and neck length—are much greater than those of the bear.

[Conclusion]: The objects are not depicted in their correct relative sizes. The camel is significantly larger than the bear in the image."
pair_284.png,Are the objects in their correct relative sizes?,"The image shows a large, white whale and a smaller, brown bear. The whale is significantly larger than the bear.",The whale is depicted as being much longer and more massive than the bear. A visual comparison suggests the whale is at least 5-6 times larger than the bear in terms of length and overall size.,"Yes, the objects are depicted in their correct relative sizes. The whale is substantially larger than the bear, as expected.","[Observation]: The image shows a large, white whale and a smaller, brown bear. The whale is significantly larger than the bear.

[Assessment]: The whale is depicted as being much longer and more massive than the bear. A visual comparison suggests the whale is at least 5-6 times larger than the bear in terms of length and overall size.

[Conclusion]: Yes, the objects are depicted in their correct relative sizes. The whale is substantially larger than the bear, as expected."
pair_167.png,Are the objects in their correct relative sizes?,The image shows a large walrus and a small red panda. The red panda is positioned significantly smaller than the walrus.,"The red panda is depicted as being much smaller than the walrus. A visual comparison shows the red panda is roughly the size of a small house cat, while the walrus is depicted as a large, imposing animal. The scale difference is quite dramatic.",The objects are not depicted in their correct relative sizes. The red panda is significantly smaller than the walrus in the image.,"[Observation]: The image shows a large walrus and a small red panda. The red panda is positioned significantly smaller than the walrus.

[Assessment]: The red panda is depicted as being much smaller than the walrus. A visual comparison shows the red panda is roughly the size of a small house cat, while the walrus is depicted as a large, imposing animal. The scale difference is quite dramatic.

[Conclusion]: The objects are not depicted in their correct relative sizes. The red panda is significantly smaller than the walrus in the image."
pair_085.png,Are the objects in their correct relative sizes?,"The image shows a large giraffe standing tall, with a small lizard at its feet.","The giraffe is significantly larger than the lizard. The giraffe's height dwarfs the lizard, clearly demonstrating a difference in scale.","The objects are not in their correct relative sizes. The giraffe is much, much larger than the lizard.","[Observation]: The image shows a large giraffe standing tall, with a small lizard at its feet.

[Assessment]: The giraffe is significantly larger than the lizard. The giraffe's height dwarfs the lizard, clearly demonstrating a difference in scale.

[Conclusion]: The objects are not in their correct relative sizes. The giraffe is much, much larger than the lizard."
pair_058.png,Are the objects in their correct relative sizes?,"The meerkat is significantly taller than the red panda. The meerkat is standing upright, appearing much taller than the red panda which is crouching.","Based on visual proportions, the meerkat is clearly much larger than the red panda. The meerkat's height is estimated to be at least twice the height of the red panda.",The objects are not depicted in their correct relative sizes. The meerkat is significantly larger than the red panda.,"[Observation]: The meerkat is significantly taller than the red panda. The meerkat is standing upright, appearing much taller than the red panda which is crouching.

[Assessment]: Based on visual proportions, the meerkat is clearly much larger than the red panda. The meerkat's height is estimated to be at least twice the height of the red panda.

[Conclusion]: The objects are not depicted in their correct relative sizes. The meerkat is significantly larger than the red panda."
pair_066.png,Are the objects in their correct relative sizes?,The meerkat is significantly taller than the toucan. The toucan is perched on a branch that appears to be roughly the same height as the meerkat's legs.,"The meerkat is depicted as a larger animal, which is consistent with its actual size compared to a toucan. The toucan is shown perched on a branch, which is a typical way to represent a smaller animal interacting with a larger one. The relative height of the branch and the meerkat's legs suggests a reasonable approximation of their size difference.","Yes, the objects are depicted with their correct relative sizes.","[Observation]: The meerkat is significantly taller than the toucan. The toucan is perched on a branch that appears to be roughly the same height as the meerkat's legs.

[Assessment]: The meerkat is depicted as a larger animal, which is consistent with its actual size compared to a toucan. The toucan is shown perched on a branch, which is a typical way to represent a smaller animal interacting with a larger one. The relative height of the branch and the meerkat's legs suggests a reasonable approximation of their size difference.

[Conclusion]: Yes, the objects are depicted with their correct relative sizes."
pair_080.png,Are the objects in their correct relative sizes?,The giraffe is significantly taller than the narwhal. The giraffe appears to be about twice the height of the narwhal.,"Based on visual estimation, the giraffe is clearly much larger than the narwhal. The relative proportions in the image seem accurate, with the giraffe being substantially taller.","Yes, the objects are depicted with their correct relative sizes in the image.","[Observation]: The giraffe is significantly taller than the narwhal. The giraffe appears to be about twice the height of the narwhal.

[Assessment]:  Based on visual estimation, the giraffe is clearly much larger than the narwhal. The relative proportions in the image seem accurate, with the giraffe being substantially taller.

[Conclusion]: Yes, the objects are depicted with their correct relative sizes in the image."
pair_276.png,Are the objects in their correct relative sizes?,The walrus is significantly larger than the shark in the image. The shark is positioned to the right and appears much smaller relative to the walrus.,The relative sizes appear to be inaccurate. A mature walrus is considerably larger than a typical shark. The shark in the image is drawn much smaller than it should be compared to the walrus. This is likely a scaling error in the illustration.,"No, the objects are not depicted in their correct relative sizes. The shark is drawn significantly smaller than it should be in relation to the walrus.","[Observation]: The walrus is significantly larger than the shark in the image. The shark is positioned to the right and appears much smaller relative to the walrus.

[Assessment]: The relative sizes appear to be inaccurate. A mature walrus is considerably larger than a typical shark. The shark in the image is drawn much smaller than it should be compared to the walrus. This is likely a scaling error in the illustration.

[Conclusion]: No, the objects are not depicted in their correct relative sizes. The shark is drawn significantly smaller than it should be in relation to the walrus."
pair_092.png,Are the objects in their correct relative sizes?,The giraffe is significantly taller than the shark. The shark appears to be roughly the same length as the giraffe's legs.,"The giraffe is a very large land animal, known for its height. Sharks are marine animals and typically much smaller in size. The relative sizes in the image do not accurately reflect the typical size difference between these two animals.",The objects are not depicted in their correct relative sizes. The giraffe is much larger than the shark.,"[Observation]: The giraffe is significantly taller than the shark. The shark appears to be roughly the same length as the giraffe's legs.
[Assessment]: The giraffe is a very large land animal, known for its height. Sharks are marine animals and typically much smaller in size. The relative sizes in the image do not accurately reflect the typical size difference between these two animals.
[Conclusion]: The objects are not depicted in their correct relative sizes. The giraffe is much larger than the shark."
pair_089.png,Are the objects in their correct relative sizes?,"The giraffe is significantly taller than the bear. The bear is small and compact, while the giraffe is very tall and elongated.","The relative sizes appear to be somewhat distorted. The giraffe is clearly much larger than the bear, but the difference in size seems exaggerated in the image. The bear appears smaller than it realistically would be in relation to a giraffe.",The objects are not depicted with their correct relative sizes. The giraffe is portrayed as being substantially larger than it should be compared to the bear.,"[Observation]: The giraffe is significantly taller than the bear. The bear is small and compact, while the giraffe is very tall and elongated.
[Assessment]: The relative sizes appear to be somewhat distorted. The giraffe is clearly much larger than the bear, but the difference in size seems exaggerated in the image. The bear appears smaller than it realistically would be in relation to a giraffe.
[Conclusion]: The objects are not depicted with their correct relative sizes. The giraffe is portrayed as being substantially larger than it should be compared to the bear."
pair_200.png,Are the objects in their correct relative sizes?,The image shows a large Komodo dragon and a small gecko. The gecko is positioned very close to the dragon's head.,The gecko appears significantly smaller than the Komodo dragon. A reasonable estimate would be that the gecko is roughly 1/10th the size of the dragon. The gecko is positioned close enough to the dragon's head that it could potentially be a meal for the dragon.,The relative sizes of the dragon and gecko are not entirely accurate in the image. The gecko is portrayed as being much smaller than it realistically would be in relation to the Komodo dragon.,"[Observation]: The image shows a large Komodo dragon and a small gecko. The gecko is positioned very close to the dragon's head.

[Assessment]: The gecko appears significantly smaller than the Komodo dragon. A reasonable estimate would be that the gecko is roughly 1/10th the size of the dragon. The gecko is positioned close enough to the dragon's head that it could potentially be a meal for the dragon.

[Conclusion]: The relative sizes of the dragon and gecko are not entirely accurate in the image. The gecko is portrayed as being much smaller than it realistically would be in relation to the Komodo dragon."
pair_277.png,Are the objects in their correct relative sizes?,"The image shows a walrus and a squid. The walrus is a large, bulky animal with a prominent tusks and a thick body. The squid is long and slender with numerous tentacles and a bulbous head.","The squid is significantly larger than the walrus in the image. A typical adult squid can be several meters long, while a walrus is considerably smaller, usually around 3-4 meters in length. The relative sizes in the image appear to be inaccurate.","No, the objects are not depicted in their correct relative sizes. The squid is much larger than the walrus.","[Observation]: The image shows a walrus and a squid. The walrus is a large, bulky animal with a prominent tusks and a thick body. The squid is long and slender with numerous tentacles and a bulbous head.

[Assessment]: The squid is significantly larger than the walrus in the image. A typical adult squid can be several meters long, while a walrus is considerably smaller, usually around 3-4 meters in length. The relative sizes in the image appear to be inaccurate.

[Conclusion]: No, the objects are not depicted in their correct relative sizes. The squid is much larger than the walrus."
pair_194.png,Are the objects in their correct relative sizes?,The Komodo dragon is significantly smaller than the reindeer in the image. The dragon appears to be about half the size of the reindeer.,"Based on visual estimation, the reindeer is considerably larger than the Komodo dragon. The difference in scale is quite noticeable, with the reindeer appearing to be roughly twice the size of the dragon.",The objects are not depicted in their correct relative sizes. The Komodo dragon is significantly smaller than the reindeer as shown in the image.,"[Observation]: The Komodo dragon is significantly smaller than the reindeer in the image. The dragon appears to be about half the size of the reindeer.
[Assessment]: Based on visual estimation, the reindeer is considerably larger than the Komodo dragon. The difference in scale is quite noticeable, with the reindeer appearing to be roughly twice the size of the dragon.
[Conclusion]: The objects are not depicted in their correct relative sizes. The Komodo dragon is significantly smaller than the reindeer as shown in the image."
pair_143.png,Are the objects in their correct relative sizes?,"The image shows a lemur and a snow leopard side-by-side. The lemur is small and appears to be about 6-8 inches tall, while the snow leopard is significantly larger, appearing to be around 6-7 feet tall.","The relative sizes of the animals are clearly exaggerated in the image. The lemur is drastically smaller than the snow leopard. A typical adult lemur is around 10-12 inches in length, and a snow leopard is typically 6-8 feet long. The image is clearly demonstrating the size difference between these two animals.",The objects are not depicted in their correct relative sizes. The image intentionally exaggerates the size difference to emphasize the contrast between the two animals.,"[Observation]: The image shows a lemur and a snow leopard side-by-side. The lemur is small and appears to be about 6-8 inches tall, while the snow leopard is significantly larger, appearing to be around 6-7 feet tall.

[Assessment]:  The relative sizes of the animals are clearly exaggerated in the image. The lemur is drastically smaller than the snow leopard. A typical adult lemur is around 10-12 inches in length, and a snow leopard is typically 6-8 feet long. The image is clearly demonstrating the size difference between these two animals.

[Conclusion]: The objects are not depicted in their correct relative sizes. The image intentionally exaggerates the size difference to emphasize the contrast between the two animals."
pair_265.png,Are the objects in their correct relative sizes?,The narwhal is significantly smaller than the shark. The shark appears much larger and more imposing.,"Based on visual proportions, the narwhal is considerably smaller than the shark. A shark is typically much larger and more robust than a narwhal.","No, the objects are not depicted in their correct relative sizes. The shark is significantly larger than the narwhal.","[Observation]: The narwhal is significantly smaller than the shark. The shark appears much larger and more imposing.
[Assessment]: Based on visual proportions, the narwhal is considerably smaller than the shark. A shark is typically much larger and more robust than a narwhal.
[Conclusion]: No, the objects are not depicted in their correct relative sizes. The shark is significantly larger than the narwhal."
pair_303.png,Are the objects in their correct relative sizes?,"The image shows a small koala and a large shark. The koala is drawn as a small, furry animal, while the shark is depicted as a large, imposing creature.",The koala is significantly smaller than the shark. A visual comparison shows the shark is much larger and dominates the space in the image.,The objects are not depicted in their correct relative sizes. The shark is vastly larger than the koala.,"[Observation]: The image shows a small koala and a large shark. The koala is drawn as a small, furry animal, while the shark is depicted as a large, imposing creature.

[Assessment]: The koala is significantly smaller than the shark. A visual comparison shows the shark is much larger and dominates the space in the image.

[Conclusion]: The objects are not depicted in their correct relative sizes. The shark is vastly larger than the koala."
pair_204.png,Are the objects in their correct relative sizes?,The image shows a large Komodo dragon and a small hedgehog. The dragon is significantly larger than the hedgehog.,The hedgehog is depicted as being quite small relative to the dragon. A visual inspection confirms that the dragon's body length is many times greater than the hedgehog's.,"Yes, the objects are depicted with their correct relative sizes.","[Observation]: The image shows a large Komodo dragon and a small hedgehog. The dragon is significantly larger than the hedgehog.

[Assessment]: The hedgehog is depicted as being quite small relative to the dragon. A visual inspection confirms that the dragon's body length is many times greater than the hedgehog's.

[Conclusion]: Yes, the objects are depicted with their correct relative sizes."
pair_008.png,Are the objects in their correct relative sizes?,The image shows a large African elephant and a smaller panda. The elephant is depicted as significantly larger than the panda.,"The panda is clearly much smaller than the elephant. The relative proportions in the image appear to be somewhat exaggerated, making the elephant appear even larger. However, based on visual estimation, the panda is demonstrably smaller.","The objects are not depicted in their correct relative sizes. The elephant is significantly larger than the panda, but the image exaggerates the size difference.","[Observation]: The image shows a large African elephant and a smaller panda. The elephant is depicted as significantly larger than the panda.

[Assessment]: The panda is clearly much smaller than the elephant. The relative proportions in the image appear to be somewhat exaggerated, making the elephant appear even larger. However, based on visual estimation, the panda is demonstrably smaller.

[Conclusion]: The objects are not depicted in their correct relative sizes. The elephant is significantly larger than the panda, but the image exaggerates the size difference."
pair_164.png,Are the objects in their correct relative sizes?,The image shows a large camel and a small red panda. The red panda is positioned close to the camel's legs.,The red panda appears significantly smaller than the camel. A visual comparison suggests the red panda is roughly one-tenth the size of the camel.,"No, the objects are not in their correct relative sizes. The red panda is much smaller than the camel in the image.","[Observation]: The image shows a large camel and a small red panda. The red panda is positioned close to the camel's legs.

[Assessment]: The red panda appears significantly smaller than the camel. A visual comparison suggests the red panda is roughly one-tenth the size of the camel.

[Conclusion]: No, the objects are not in their correct relative sizes. The red panda is much smaller than the camel in the image."
pair_316.png,Are the objects in their correct relative sizes?,The axolotl is significantly smaller than the toucan. The toucan is much taller and wider.,"The axolotl is a small amphibian, typically around 6-8 inches in length. The toucan is a large bird, often exceeding 12 inches in length, with a prominent beak. The visual representation clearly shows a disparity in size between the two animals.","No, the objects are not in their correct relative sizes. The toucan is significantly larger than the axolotl.","[Observation]: The axolotl is significantly smaller than the toucan. The toucan is much taller and wider.
[Assessment]: The axolotl is a small amphibian, typically around 6-8 inches in length. The toucan is a large bird, often exceeding 12 inches in length, with a prominent beak. The visual representation clearly shows a disparity in size between the two animals.
[Conclusion]: No, the objects are not in their correct relative sizes. The toucan is significantly larger than the axolotl."
pair_346.png,Are the objects in their correct relative sizes?,The image shows a large squid and a very small beetle. The squid is positioned significantly higher and further away from the beetle than would be expected if they were at a realistic scale.,"The squid appears to be much larger than the beetle. A typical beetle is around 0.5-2 cm in size, while the squid in the image appears to be several meters long. The distance between them also seems exaggerated, making the squid appear much further away than it realistically would be.","No, the objects are not in their correct relative sizes. The squid is significantly larger than the beetle, and the distance between them is also misrepresented.","[Observation]: The image shows a large squid and a very small beetle. The squid is positioned significantly higher and further away from the beetle than would be expected if they were at a realistic scale.

[Assessment]: The squid appears to be much larger than the beetle. A typical beetle is around 0.5-2 cm in size, while the squid in the image appears to be several meters long. The distance between them also seems exaggerated, making the squid appear much further away than it realistically would be.

[Conclusion]: No, the objects are not in their correct relative sizes. The squid is significantly larger than the beetle, and the distance between them is also misrepresented."
pair_274.png,Are the objects in their correct relative sizes?,The walrus is significantly larger than the bear. The walrus appears to be almost twice the height of the bear.,"Based on visual comparison, the walrus is demonstrably much larger than the bear. The difference in scale is quite noticeable, with the walrus appearing to be a substantial size difference.",The objects are not depicted in their correct relative sizes. The walrus is significantly larger than the bear in the image.,"[Observation]: The walrus is significantly larger than the bear. The walrus appears to be almost twice the height of the bear.
[Assessment]: Based on visual comparison, the walrus is demonstrably much larger than the bear. The difference in scale is quite noticeable, with the walrus appearing to be a substantial size difference.
[Conclusion]: The objects are not depicted in their correct relative sizes. The walrus is significantly larger than the bear in the image."
pair_269.png,Are the objects in their correct relative sizes?,The image shows a walrus and a koala side-by-side. The walrus is significantly larger than the koala.,"A walrus is a very large marine mammal, typically measuring 6-10 feet in length and weighing over a ton. Koalas are relatively small arboreal marsupials, usually around 2-3 feet in length and weighing around 10-25 pounds. The koala in the image is clearly much smaller than the walrus.","No, the objects are not in their correct relative sizes. The koala is significantly smaller than the walrus.","[Observation]: The image shows a walrus and a koala side-by-side. The walrus is significantly larger than the koala.

[Assessment]:  A walrus is a very large marine mammal, typically measuring 6-10 feet in length and weighing over a ton. Koalas are relatively small arboreal marsupials, usually around 2-3 feet in length and weighing around 10-25 pounds. The koala in the image is clearly much smaller than the walrus.

[Conclusion]: No, the objects are not in their correct relative sizes. The koala is significantly smaller than the walrus."
pair_087.png,Are the objects in their correct relative sizes?,The image shows a giraffe and a sloth. The giraffe is significantly taller than the sloth.,"The giraffe is depicted as a very large animal, towering over the sloth, which is a small, tree-dwelling mammal. The relative sizes in the image appear to be accurately represented.","Yes, the objects in the image are depicted in their correct relative sizes.","[Observation]: The image shows a giraffe and a sloth. The giraffe is significantly taller than the sloth.

[Assessment]: The giraffe is depicted as a very large animal, towering over the sloth, which is a small, tree-dwelling mammal. The relative sizes in the image appear to be accurately represented.

[Conclusion]: Yes, the objects in the image are depicted in their correct relative sizes."
pair_266.png,Are the objects in their correct relative sizes?,The narwhal is significantly smaller than the squid in the image. The squid is much longer and appears larger overall.,"The relative sizes are not accurate. A narwhal is a relatively small whale, while a squid, particularly a large one, is considerably larger. The image exaggerates the size of the squid compared to the narwhal.","No, the objects are not depicted in their correct relative sizes. The squid is significantly larger than the narwhal.","[Observation]: The narwhal is significantly smaller than the squid in the image. The squid is much longer and appears larger overall.

[Assessment]: The relative sizes are not accurate. A narwhal is a relatively small whale, while a squid, particularly a large one, is considerably larger. The image exaggerates the size of the squid compared to the narwhal.

[Conclusion]: No, the objects are not depicted in their correct relative sizes. The squid is significantly larger than the narwhal."
pair_271.png,Are the objects in their correct relative sizes?,The walrus is significantly larger than the small pink creature in the foreground. The pink creature appears to be a small lizard or gecko.,The relative sizes of the walrus and the small lizard are not accurate. The lizard is much smaller than it should be in proportion to the walrus. The walrus appears to be much larger than it realistically would be if the lizard were standing next to it.,The objects are not in their correct relative sizes.,"[Observation]: The walrus is significantly larger than the small pink creature in the foreground. The pink creature appears to be a small lizard or gecko.
[Assessment]: The relative sizes of the walrus and the small lizard are not accurate. The lizard is much smaller than it should be in proportion to the walrus. The walrus appears to be much larger than it realistically would be if the lizard were standing next to it.
[Conclusion]: The objects are not in their correct relative sizes."
pair_325.png,Are the objects in their correct relative sizes?,The image shows a large shark and a small sloth. The sloth is positioned close to the shark.,The sloth appears significantly smaller than the shark. A reasonable estimate would be that the sloth is roughly one-tenth the size of the shark.,The objects are not in their correct relative sizes. The sloth is much smaller than it should be in proportion to the shark.,"[Observation]: The image shows a large shark and a small sloth. The sloth is positioned close to the shark.

[Assessment]: The sloth appears significantly smaller than the shark. A reasonable estimate would be that the sloth is roughly one-tenth the size of the shark.

[Conclusion]: The objects are not in their correct relative sizes. The sloth is much smaller than it should be in proportion to the shark."
pair_024.png,Are the objects in their correct relative sizes?,"The image shows a large elephant standing against a small, dark-colored insect.","The elephant appears significantly larger than the insect. The elephant's body takes up the majority of the frame, and its legs are substantial in proportion to its body. The insect is tiny in comparison, appearing almost like a miniature model.","Yes, the objects are in their correct relative sizes. The elephant is appropriately depicted as much larger than the insect.","[Observation]: The image shows a large elephant standing against a small, dark-colored insect.

[Assessment]: The elephant appears significantly larger than the insect. The elephant's body takes up the majority of the frame, and its legs are substantial in proportion to its body. The insect is tiny in comparison, appearing almost like a miniature model.

[Conclusion]: Yes, the objects are in their correct relative sizes. The elephant is appropriately depicted as much larger than the insect."
pair_144.png,Are the objects in their correct relative sizes?,"The image shows a large camel and a small lemur. The lemur is positioned to the left of the camel, appearing significantly smaller.","The relative sizes of the animals in the image appear to be somewhat distorted. The lemur is noticeably smaller than the camel, which is a reasonable depiction of the actual size difference between the two animals. However, the lemur is still proportionally larger than it should be relative to the camel. It seems the artist has exaggerated the size difference to emphasize the contrast.",The objects are not depicted with their correct relative sizes. The lemur is larger than it should be compared to the camel.,"[Observation]: The image shows a large camel and a small lemur. The lemur is positioned to the left of the camel, appearing significantly smaller.

[Assessment]: The relative sizes of the animals in the image appear to be somewhat distorted. The lemur is noticeably smaller than the camel, which is a reasonable depiction of the actual size difference between the two animals. However, the lemur is still proportionally larger than it should be relative to the camel. It seems the artist has exaggerated the size difference to emphasize the contrast.

[Conclusion]: The objects are not depicted with their correct relative sizes. The lemur is larger than it should be compared to the camel."
pair_065.png,Are the objects in their correct relative sizes?,The meerkat is significantly taller than the platypus. The meerkat appears to be around 2-3 times taller than the platypus.,"Based on visual estimation, the meerkat is clearly a larger animal than the platypus.  The meerkat's upright posture further emphasizes its greater height.",The objects are not in their correct relative sizes. The meerkat is much larger than the platypus.,"[Observation]: The meerkat is significantly taller than the platypus. The meerkat appears to be around 2-3 times taller than the platypus.

[Assessment]:  Based on visual estimation, the meerkat is clearly a larger animal than the platypus.  The meerkat's upright posture further emphasizes its greater height.

[Conclusion]: The objects are not in their correct relative sizes. The meerkat is much larger than the platypus."
pair_061.png,Are the objects in their correct relative sizes?,"The image shows a large camel and a small meerkat. The meerkat is positioned next to the camel, appearing significantly smaller.",The meerkat is indeed much smaller than the camel. A quick estimation suggests the meerkat is roughly one-tenth the size of the camel. The visual representation accurately portrays this size difference.,"Yes, the objects are depicted in their correct relative sizes.","[Observation]: The image shows a large camel and a small meerkat. The meerkat is positioned next to the camel, appearing significantly smaller.

[Assessment]: The meerkat is indeed much smaller than the camel. A quick estimation suggests the meerkat is roughly one-tenth the size of the camel. The visual representation accurately portrays this size difference.

[Conclusion]: Yes, the objects are depicted in their correct relative sizes."
pair_098.png,Are the objects in their correct relative sizes?,"The image shows a large hippopotamus and a smaller panda bear. The panda is sitting and appears to be significantly smaller than the hippopotamus, which is standing.","A hippopotamus is considerably larger than a panda bear. Based on the visual representation, the panda is much smaller in proportion to the hippopotamus. The panda is sitting and appears to be about half the size of the hippopotamus.",The objects are not in their correct relative sizes. The panda is significantly smaller than the hippopotamus as depicted in the image.,"[Observation]: The image shows a large hippopotamus and a smaller panda bear. The panda is sitting and appears to be significantly smaller than the hippopotamus, which is standing.

[Assessment]:  A hippopotamus is considerably larger than a panda bear. Based on the visual representation, the panda is much smaller in proportion to the hippopotamus. The panda is sitting and appears to be about half the size of the hippopotamus.

[Conclusion]: The objects are not in their correct relative sizes. The panda is significantly smaller than the hippopotamus as depicted in the image."
pair_119.png,Are the objects in their correct relative sizes?,"The image shows a large, grey animal (likely a marten) and a smaller, reddish-brown animal (likely a red panda).","The red panda is significantly smaller than the marten. The relative proportions of their bodies, particularly their height and length, appear to be accurate. The marten is demonstrably larger and more imposing.","Yes, the objects are in their correct relative sizes.","[Observation]: The image shows a large, grey animal (likely a marten) and a smaller, reddish-brown animal (likely a red panda).

[Assessment]: The red panda is significantly smaller than the marten. The relative proportions of their bodies, particularly their height and length, appear to be accurate. The marten is demonstrably larger and more imposing.

[Conclusion]: Yes, the objects are in their correct relative sizes."
pair_028.png,Are the objects in their correct relative sizes?,The image shows a cheetah and a meerkat side-by-side. The cheetah is significantly larger than the meerkat.,"The cheetah is depicted as a large, muscular animal with long legs, while the meerkat is a small, compact creature. The relative size difference is clearly evident in the illustration, with the cheetah appearing much taller and broader than the meerkat.","Yes, the objects are depicted in their correct relative sizes. The illustration accurately portrays the cheetah as being considerably larger than the meerkat, which is a typical predator-prey relationship.","[Observation]: The image shows a cheetah and a meerkat side-by-side. The cheetah is significantly larger than the meerkat.

[Assessment]: The cheetah is depicted as a large, muscular animal with long legs, while the meerkat is a small, compact creature. The relative size difference is clearly evident in the illustration, with the cheetah appearing much taller and broader than the meerkat.

[Conclusion]: Yes, the objects are depicted in their correct relative sizes. The illustration accurately portrays the cheetah as being considerably larger than the meerkat, which is a typical predator-prey relationship."
pair_182.png,Are the objects in their correct relative sizes?,"The panda is significantly smaller than the camel. The panda is sitting and holding a piece of bamboo, while the camel is standing tall.","The panda is clearly much smaller in size compared to the camel. The difference in scale is quite noticeable, with the panda appearing to be about one-tenth the size of the camel.","No, the objects are not in their correct relative sizes. The panda is much smaller than the camel as depicted in the image.","[Observation]: The panda is significantly smaller than the camel. The panda is sitting and holding a piece of bamboo, while the camel is standing tall.
[Assessment]: The panda is clearly much smaller in size compared to the camel. The difference in scale is quite noticeable, with the panda appearing to be about one-tenth the size of the camel.
[Conclusion]: No, the objects are not in their correct relative sizes. The panda is much smaller than the camel as depicted in the image."
pair_117.png,Are the objects in their correct relative sizes?,The image shows a large hippopotamus and a small rooster. The hippopotamus is significantly larger than the rooster.,"The rooster is noticeably small in comparison to the hippopotamus. The size difference is quite dramatic, with the rooster appearing almost miniature next to the massive hippo.","No, the objects are not in their correct relative sizes. The rooster is significantly smaller than the hippopotamus.","[Observation]: The image shows a large hippopotamus and a small rooster. The hippopotamus is significantly larger than the rooster.

[Assessment]: The rooster is noticeably small in comparison to the hippopotamus. The size difference is quite dramatic, with the rooster appearing almost miniature next to the massive hippo.

[Conclusion]: No, the objects are not in their correct relative sizes. The rooster is significantly smaller than the hippopotamus."
pair_149.png,Are the objects in their correct relative sizes?,The image shows a large kangaroo and a small lemur. The lemur is significantly smaller than the kangaroo.,"Based on visual comparison, the lemur is clearly much smaller than the kangaroo. The kangaroo appears to be standing upright, and the lemur is depicted at a smaller scale, suggesting a difference in size.","Yes, the objects are depicted in their correct relative sizes. The lemur is noticeably smaller than the kangaroo.","[Observation]: The image shows a large kangaroo and a small lemur. The lemur is significantly smaller than the kangaroo.

[Assessment]:  Based on visual comparison, the lemur is clearly much smaller than the kangaroo. The kangaroo appears to be standing upright, and the lemur is depicted at a smaller scale, suggesting a difference in size.

[Conclusion]: Yes, the objects are depicted in their correct relative sizes. The lemur is noticeably smaller than the kangaroo."
pair_190.png,Are the objects in their correct relative sizes?,"The panda is significantly larger than the hedgehog. The panda is sitting and appears to be quite substantial, while the hedgehog is small and positioned close to its feet.","The hedgehog is clearly much smaller than the panda. The size difference is quite pronounced, with the hedgehog appearing almost like a miniature version of the panda.",The objects are not in their correct relative sizes. The hedgehog is significantly smaller than the panda as depicted in the image.,"[Observation]: The panda is significantly larger than the hedgehog. The panda is sitting and appears to be quite substantial, while the hedgehog is small and positioned close to its feet.

[Assessment]: The hedgehog is clearly much smaller than the panda. The size difference is quite pronounced, with the hedgehog appearing almost like a miniature version of the panda.

[Conclusion]: The objects are not in their correct relative sizes. The hedgehog is significantly smaller than the panda as depicted in the image."
pair_162.png,Are the objects in their correct relative sizes?,"The image shows a red panda and a monitor lizard. The red panda is small and compact, while the monitor lizard is significantly larger and longer.","The monitor lizard is clearly much larger than the red panda. The relative proportions in the image appear to be somewhat exaggerated, making the monitor lizard seem even larger. A reasonable estimate would be that the monitor lizard is approximately 5-10 times larger than the red panda in terms of length.","No, the objects are not depicted with their correct relative sizes. The monitor lizard is significantly larger than the red panda.","[Observation]: The image shows a red panda and a monitor lizard. The red panda is small and compact, while the monitor lizard is significantly larger and longer.

[Assessment]: The monitor lizard is clearly much larger than the red panda. The relative proportions in the image appear to be somewhat exaggerated, making the monitor lizard seem even larger. A reasonable estimate would be that the monitor lizard is approximately 5-10 times larger than the red panda in terms of length.

[Conclusion]: No, the objects are not depicted with their correct relative sizes. The monitor lizard is significantly larger than the red panda."
pair_296.png,Are the objects in their correct relative sizes?,"The koala is significantly larger than the platypus. The koala appears to be standing upright and is much taller, while the platypus is small and close to the ground.","Based on visual estimation, the koala appears to be roughly twice the size of the platypus. The koala's height and overall body mass seem considerably greater.","Yes, the objects are depicted in their correct relative sizes.","[Observation]: The koala is significantly larger than the platypus. The koala appears to be standing upright and is much taller, while the platypus is small and close to the ground.

[Assessment]: Based on visual estimation, the koala appears to be roughly twice the size of the platypus. The koala's height and overall body mass seem considerably greater.

[Conclusion]: Yes, the objects are depicted in their correct relative sizes."
pair_268.png,Are the objects in their correct relative sizes?,"The image shows a walrus on the left and a beluga whale on the right. The walrus is depicted as larger and more robust, while the beluga whale is shown as significantly smaller and more streamlined.","Based on visual comparison, the beluga whale is demonstrably smaller than the walrus. The walrus has a bulky body, prominent tusks, and a thick layer of fur, suggesting a larger size. The beluga whale appears slender, smooth-skinned, and has a more elongated body shape, indicating a smaller size.",The objects are not depicted in their correct relative sizes. The beluga whale is significantly smaller than the walrus in the image.,"[Observation]: The image shows a walrus on the left and a beluga whale on the right. The walrus is depicted as larger and more robust, while the beluga whale is shown as significantly smaller and more streamlined.

[Assessment]:  Based on visual comparison, the beluga whale is demonstrably smaller than the walrus. The walrus has a bulky body, prominent tusks, and a thick layer of fur, suggesting a larger size. The beluga whale appears slender, smooth-skinned, and has a more elongated body shape, indicating a smaller size.

[Conclusion]: The objects are not depicted in their correct relative sizes. The beluga whale is significantly smaller than the walrus in the image."
pair_158.png,Are the objects in their correct relative sizes?,The image shows a large shark and a small lemur.,"The lemur is significantly smaller than the shark. The shark appears to be much larger in length and width, and the lemur is only a tiny, compact figure in comparison.","Yes, the objects are depicted in their correct relative sizes.","[Observation]: The image shows a large shark and a small lemur.

[Assessment]: The lemur is significantly smaller than the shark. The shark appears to be much larger in length and width, and the lemur is only a tiny, compact figure in comparison.

[Conclusion]: Yes, the objects are depicted in their correct relative sizes."
pair_297.png,Are the objects in their correct relative sizes?,"The koala is significantly larger than the axolotl. The koala appears to be standing upright, and the axolotl is positioned very close to its feet.","Based on visual estimation, the koala is at least 10-20 times larger than the axolotl. The axolotl is a small salamander, and the koala is a large marsupial. The relative sizes appear to be accurate.","Yes, the objects are depicted in their correct relative sizes.","[Observation]: The koala is significantly larger than the axolotl. The koala appears to be standing upright, and the axolotl is positioned very close to its feet.
[Assessment]: Based on visual estimation, the koala is at least 10-20 times larger than the axolotl. The axolotl is a small salamander, and the koala is a large marsupial. The relative sizes appear to be accurate.
[Conclusion]: Yes, the objects are depicted in their correct relative sizes."
pair_321.png,Are the objects in their correct relative sizes?,"The image shows an axolotl and a rooster, with the axolotl on the left and the rooster on the right. The axolotl is significantly smaller than the rooster.","The axolotl is depicted as a small, elongated salamander with feathery gills. The rooster is a large bird with prominent feathers and a substantial body size.  The visual representation clearly shows a massive difference in scale between the two animals.","Yes, the objects are depicted in their correct relative sizes. The axolotl is indeed much smaller than the rooster as they are in the image.","[Observation]: The image shows an axolotl and a rooster, with the axolotl on the left and the rooster on the right. The axolotl is significantly smaller than the rooster.

[Assessment]: The axolotl is depicted as a small, elongated salamander with feathery gills. The rooster is a large bird with prominent feathers and a substantial body size.  The visual representation clearly shows a massive difference in scale between the two animals.

[Conclusion]: Yes, the objects are depicted in their correct relative sizes. The axolotl is indeed much smaller than the rooster as they are in the image."
pair_173.png,Are the objects in their correct relative sizes?,The red panda is significantly smaller than the sloth. The sloth is hanging from a branch and appears much larger due to its posture and the branch it's holding.,"The relative sizes are not accurate. The sloth is considerably larger than the red panda, which is a common characteristic of these animals. The artist has exaggerated the sloth's size to make it appear more imposing.",The objects are not in their correct relative sizes. The sloth is much larger than the red panda.,"[Observation]: The red panda is significantly smaller than the sloth. The sloth is hanging from a branch and appears much larger due to its posture and the branch it's holding.

[Assessment]: The relative sizes are not accurate. The sloth is considerably larger than the red panda, which is a common characteristic of these animals. The artist has exaggerated the sloth's size to make it appear more imposing.

[Conclusion]: The objects are not in their correct relative sizes. The sloth is much larger than the red panda."
pair_283.png,Are the objects in their correct relative sizes?,The image shows a large white whale and a small toucan. The whale appears to be significantly larger than the toucan.,"The relative sizes of the whale and toucan are clearly not accurate. The toucan is much smaller than the whale, appearing almost like a tiny speck on the whale's side. A realistic depiction would show a much greater disparity in size.","No, the objects are not in their correct relative sizes. The toucan is drastically undersized compared to the whale.","[Observation]: The image shows a large white whale and a small toucan. The whale appears to be significantly larger than the toucan.

[Assessment]: The relative sizes of the whale and toucan are clearly not accurate. The toucan is much smaller than the whale, appearing almost like a tiny speck on the whale's side. A realistic depiction would show a much greater disparity in size.

[Conclusion]: No, the objects are not in their correct relative sizes. The toucan is drastically undersized compared to the whale."
pair_218.png,Are the objects in their correct relative sizes?,"The image shows a large snow leopard and a small toucan. The leopard is depicted as a large, imposing animal, while the toucan is a small, brightly colored bird.","The relative sizes of the animals appear to be significantly off. The leopard is much larger than the toucan, appearing to be several times bigger in length and height. The toucan is depicted as being quite small in comparison.","No, the objects are not in their correct relative sizes. The leopard is significantly larger than the toucan.","[Observation]: The image shows a large snow leopard and a small toucan. The leopard is depicted as a large, imposing animal, while the toucan is a small, brightly colored bird.

[Assessment]: The relative sizes of the animals appear to be significantly off. The leopard is much larger than the toucan, appearing to be several times bigger in length and height. The toucan is depicted as being quite small in comparison.

[Conclusion]: No, the objects are not in their correct relative sizes. The leopard is significantly larger than the toucan."
pair_022.png,Are the objects in their correct relative sizes?,"The elephant is significantly larger than the bear. The elephant appears to be towering over the bear, and the bear is quite small in comparison.","Based on visual proportions, the elephant is demonstrably much bigger than the bear. The difference in scale is quite pronounced.","Yes, the objects are depicted in their correct relative sizes.","[Observation]: The elephant is significantly larger than the bear. The elephant appears to be towering over the bear, and the bear is quite small in comparison.
[Assessment]: Based on visual proportions, the elephant is demonstrably much bigger than the bear. The difference in scale is quite pronounced.
[Conclusion]: Yes, the objects are depicted in their correct relative sizes."
pair_073.png,Are the objects in their correct relative sizes?,The image shows a large giraffe and a small lemur. The giraffe is significantly taller than the lemur.,"The relative sizes of the giraffe and the lemur appear to be somewhat distorted. The giraffe is dramatically oversized compared to the lemur, making the lemur appear much smaller than it realistically would be. This is likely due to the artist exaggerating the size difference for visual effect, perhaps to emphasize the contrast between the two animals.",The objects are not depicted in their correct relative sizes. The giraffe is significantly larger than it should be in proportion to the lemur.,"[Observation]: The image shows a large giraffe and a small lemur. The giraffe is significantly taller than the lemur.

[Assessment]: The relative sizes of the giraffe and the lemur appear to be somewhat distorted. The giraffe is dramatically oversized compared to the lemur, making the lemur appear much smaller than it realistically would be. This is likely due to the artist exaggerating the size difference for visual effect, perhaps to emphasize the contrast between the two animals.

[Conclusion]: The objects are not depicted in their correct relative sizes. The giraffe is significantly larger than it should be in proportion to the lemur."
pair_034.png,Are the objects in their correct relative sizes?,"The cheetah is depicted as a large animal, standing tall and with a long stride. The panda is shown as a much smaller animal, sitting with its legs tucked close to its body.","The cheetah appears significantly larger than the panda in terms of height and overall body size. The cheetah's legs are longer, and its body is more elongated. The panda is compact and appears much smaller relative to the cheetah.","No, the objects are not depicted in their correct relative sizes. The cheetah is significantly larger than the panda in the image.","[Observation]: The cheetah is depicted as a large animal, standing tall and with a long stride. The panda is shown as a much smaller animal, sitting with its legs tucked close to its body.

[Assessment]: The cheetah appears significantly larger than the panda in terms of height and overall body size. The cheetah's legs are longer, and its body is more elongated. The panda is compact and appears much smaller relative to the cheetah.

[Conclusion]: No, the objects are not depicted in their correct relative sizes. The cheetah is significantly larger than the panda in the image."
pair_302.png,Are the objects in their correct relative sizes?,"The koala is depicted as a large, stout animal with a prominent pouch and fluffy ears. The hedgehog is a small, spiky creature with a rounded body.","The koala is significantly larger than the hedgehog in the image. The koala's size dwarfs the hedgehog, and the distance between them visually suggests a considerable size difference.","No, the objects are not in their correct relative sizes. The koala is much larger than the hedgehog.","[Observation]: The koala is depicted as a large, stout animal with a prominent pouch and fluffy ears. The hedgehog is a small, spiky creature with a rounded body.

[Assessment]: The koala is significantly larger than the hedgehog in the image. The koala's size dwarfs the hedgehog, and the distance between them visually suggests a considerable size difference.

[Conclusion]: No, the objects are not in their correct relative sizes. The koala is much larger than the hedgehog."
pair_043.png,Are the objects in their correct relative sizes?,The image shows a cheetah and a koala side-by-side. The cheetah is significantly larger than the koala.,"The cheetah is depicted as a large, muscular animal with a long body and legs, while the koala is a small, compact animal with a rounded body and short limbs.  A visual comparison clearly demonstrates a vast difference in size between the two animals.","No, the objects are not depicted in their correct relative sizes. The cheetah is much larger than the koala.","[Observation]: The image shows a cheetah and a koala side-by-side. The cheetah is significantly larger than the koala.

[Assessment]: The cheetah is depicted as a large, muscular animal with a long body and legs, while the koala is a small, compact animal with a rounded body and short limbs.  A visual comparison clearly demonstrates a vast difference in size between the two animals.

[Conclusion]: No, the objects are not depicted in their correct relative sizes. The cheetah is much larger than the koala."
pair_009.png,Are the objects in their correct relative sizes?,The image shows a large elephant and a smaller lizard. The elephant is depicted as significantly larger than the lizard.,"The relative sizes appear to be somewhat accurate. The elephant is clearly much larger than the lizard, as expected. The lizard is small enough to appear to be crawling on the elephant's leg. However, the elephant's leg appears somewhat disproportionately large compared to the lizard, making the elephant seem slightly larger than it realistically would be.","The objects are generally in the correct relative sizes, but the elephant's leg is slightly exaggerated in size, leading to a minor discrepancy in the overall scale.","[Observation]: The image shows a large elephant and a smaller lizard. The elephant is depicted as significantly larger than the lizard.

[Assessment]: The relative sizes appear to be somewhat accurate. The elephant is clearly much larger than the lizard, as expected. The lizard is small enough to appear to be crawling on the elephant's leg. However, the elephant's leg appears somewhat disproportionately large compared to the lizard, making the elephant seem slightly larger than it realistically would be.

[Conclusion]: The objects are generally in the correct relative sizes, but the elephant's leg is slightly exaggerated in size, leading to a minor discrepancy in the overall scale."
pair_279.png,Are the objects in their correct relative sizes?,"The image shows a large, white whale and a small, brown koala. The koala is standing next to the whale, appearing significantly smaller.","The koala is clearly much smaller than the whale. A visual comparison shows a substantial difference in size – the whale is enormous compared to the koala, which is roughly the size of a small child.","No, the objects are not depicted in their correct relative sizes. The koala is dramatically undersized compared to the whale in the image.","[Observation]: The image shows a large, white whale and a small, brown koala. The koala is standing next to the whale, appearing significantly smaller.

[Assessment]: The koala is clearly much smaller than the whale. A visual comparison shows a substantial difference in size – the whale is enormous compared to the koala, which is roughly the size of a small child.

[Conclusion]: No, the objects are not depicted in their correct relative sizes. The koala is dramatically undersized compared to the whale in the image."
pair_078.png,Are the objects in their correct relative sizes?,The image shows a giraffe and a camel side-by-side. The giraffe is significantly taller than the camel.,"The giraffe is clearly much larger in height compared to the camel. The difference in size is substantial, with the giraffe towering over the camel.","Yes, the objects are depicted in their correct relative sizes. The giraffe is demonstrably larger than the camel in the image.","[Observation]: The image shows a giraffe and a camel side-by-side. The giraffe is significantly taller than the camel.

[Assessment]: The giraffe is clearly much larger in height compared to the camel. The difference in size is substantial, with the giraffe towering over the camel.

[Conclusion]: Yes, the objects are depicted in their correct relative sizes. The giraffe is demonstrably larger than the camel in the image."
pair_126.png,Are the objects in their correct relative sizes?,The image shows a large walrus and a small dog. The dog is positioned significantly smaller than the walrus.,"The dog appears to be roughly the size of a small terrier or a miniature poodle. The walrus is depicted as a very large animal, with a substantial body and prominent tusks.  Based on visual proportions, the dog is indeed much smaller than the walrus.","Yes, the objects are depicted in their correct relative sizes.","[Observation]: The image shows a large walrus and a small dog. The dog is positioned significantly smaller than the walrus.

[Assessment]: The dog appears to be roughly the size of a small terrier or a miniature poodle. The walrus is depicted as a very large animal, with a substantial body and prominent tusks.  Based on visual proportions, the dog is indeed much smaller than the walrus.

[Conclusion]: Yes, the objects are depicted in their correct relative sizes."
pair_198.png,Are the objects in their correct relative sizes?,"The image shows a Komodo dragon and a koala side-by-side. The dragon is a long, serpentine reptile, while the koala is a small, furry mammal.","Based on visual estimation, the koala appears significantly smaller than the Komodo dragon. The dragon's length is estimated to be roughly twice the height of the koala. The koala is compact and rounded, while the dragon is elongated and slender.","No, the objects are not depicted in their correct relative sizes. The Komodo dragon is significantly larger than the koala in the image.","[Observation]: The image shows a Komodo dragon and a koala side-by-side. The dragon is a long, serpentine reptile, while the koala is a small, furry mammal.

[Assessment]: Based on visual estimation, the koala appears significantly smaller than the Komodo dragon. The dragon's length is estimated to be roughly twice the height of the koala. The koala is compact and rounded, while the dragon is elongated and slender.

[Conclusion]: No, the objects are not depicted in their correct relative sizes. The Komodo dragon is significantly larger than the koala in the image."
pair_298.png,Are the objects in their correct relative sizes?,The koala is significantly taller than the sloth. The sloth is hanging upside down and appears much smaller in comparison.,"The koala is depicted as a larger animal, standing upright, while the sloth is shown hanging from a branch, which naturally makes it appear smaller. The relative sizes in the image are not accurately represented.","No, the objects are not in their correct relative sizes. The koala is much larger than the sloth.","[Observation]: The koala is significantly taller than the sloth. The sloth is hanging upside down and appears much smaller in comparison.

[Assessment]: The koala is depicted as a larger animal, standing upright, while the sloth is shown hanging from a branch, which naturally makes it appear smaller. The relative sizes in the image are not accurately represented.

[Conclusion]: No, the objects are not in their correct relative sizes. The koala is much larger than the sloth."
pair_291.png,Are the objects in their correct relative sizes?,"The kangaroo is significantly larger than the toucan. The kangaroo appears to be standing tall, while the toucan is small and close to the ground.",The relative sizes of the animals in the image are not accurately represented. The kangaroo is depicted as much larger than it realistically should be compared to the toucan. A typical adult kangaroo is considerably larger than a toucan.,The objects are not in their correct relative sizes. The kangaroo is disproportionately large in the image.,"[Observation]: The kangaroo is significantly larger than the toucan. The kangaroo appears to be standing tall, while the toucan is small and close to the ground.

[Assessment]:  The relative sizes of the animals in the image are not accurately represented. The kangaroo is depicted as much larger than it realistically should be compared to the toucan. A typical adult kangaroo is considerably larger than a toucan.

[Conclusion]: The objects are not in their correct relative sizes. The kangaroo is disproportionately large in the image."
pair_083.png,Are the objects in their correct relative sizes?,The giraffe is significantly taller than the kangaroo. The kangaroo is standing upright and appears quite small in comparison to the giraffe.,"Based on visual estimation, the giraffe appears to be at least five to six times taller than the kangaroo. The kangaroo's height is roughly equivalent to the giraffe's knee. This suggests a considerable difference in size.","Yes, the objects are depicted with their correct relative sizes. The giraffe is demonstrably much larger than the kangaroo.","[Observation]: The giraffe is significantly taller than the kangaroo. The kangaroo is standing upright and appears quite small in comparison to the giraffe.

[Assessment]: Based on visual estimation, the giraffe appears to be at least five to six times taller than the kangaroo. The kangaroo's height is roughly equivalent to the giraffe's knee. This suggests a considerable difference in size.

[Conclusion]: Yes, the objects are depicted with their correct relative sizes. The giraffe is demonstrably much larger than the kangaroo."
pair_027.png,Are the objects in their correct relative sizes?,The elephant is significantly larger than the rooster. The rooster is very small in comparison to the elephant.,The relative sizes of the elephant and the rooster appear to be drastically mismatched. The rooster is tiny in relation to the elephant's massive size. It's a clear visual exaggeration.,"No, the objects are not in their correct relative sizes. The rooster is significantly smaller than it should be in proportion to the elephant.","[Observation]: The elephant is significantly larger than the rooster. The rooster is very small in comparison to the elephant.

[Assessment]: The relative sizes of the elephant and the rooster appear to be drastically mismatched. The rooster is tiny in relation to the elephant's massive size. It's a clear visual exaggeration.

[Conclusion]: No, the objects are not in their correct relative sizes. The rooster is significantly smaller than it should be in proportion to the elephant."
pair_123.png,Are the objects in their correct relative sizes?,"The image shows a large camel and two smaller animals, a weasel-like creature and a badger-like creature.","The weasel-like creature is significantly smaller than the camel, and the badger-like creature is also smaller than the weasel-like creature. The relative sizes appear to be somewhat distorted, with the weasel-like creature being disproportionately small compared to the camel.","No, the objects are not in their correct relative sizes. The weasel-like creature is much too small relative to the camel.","[Observation]: The image shows a large camel and two smaller animals, a weasel-like creature and a badger-like creature.

[Assessment]: The weasel-like creature is significantly smaller than the camel, and the badger-like creature is also smaller than the weasel-like creature. The relative sizes appear to be somewhat distorted, with the weasel-like creature being disproportionately small compared to the camel.

[Conclusion]: No, the objects are not in their correct relative sizes. The weasel-like creature is much too small relative to the camel."
pair_130.png,Are the objects in their correct relative sizes?,The image shows a large dunnart and a small platypus. The dunnart is significantly larger than the platypus.,"The dunnart is depicted as a sizable animal, while the platypus is drawn as a very small creature. The relative sizes in the image appear to be accurate, reflecting the typical size difference between these two animals.","Yes, the objects in the image are depicted in their correct relative sizes.","[Observation]: The image shows a large dunnart and a small platypus. The dunnart is significantly larger than the platypus.

[Assessment]: The dunnart is depicted as a sizable animal, while the platypus is drawn as a very small creature. The relative sizes in the image appear to be accurate, reflecting the typical size difference between these two animals.

[Conclusion]: Yes, the objects in the image are depicted in their correct relative sizes."
pair_344.png,Are the objects in their correct relative sizes?,"The shark is significantly larger than the octopus. The shark appears to be a substantial size, while the octopus is relatively small and slender.","Based on visual estimation, the shark is at least three to four times larger than the octopus in terms of length and overall mass. The octopus appears to be a small creature compared to the shark.","The objects are not depicted in their correct relative sizes. The shark is significantly larger than the octopus, and the illustration exaggerates the size difference.","[Observation]: The shark is significantly larger than the octopus. The shark appears to be a substantial size, while the octopus is relatively small and slender.

[Assessment]: Based on visual estimation, the shark is at least three to four times larger than the octopus in terms of length and overall mass. The octopus appears to be a small creature compared to the shark.

[Conclusion]: The objects are not depicted in their correct relative sizes. The shark is significantly larger than the octopus, and the illustration exaggerates the size difference."
pair_138.png,Are the objects in their correct relative sizes?,The image shows a large squid and two small polar bears. The squid is significantly larger than both bears.,"The squid is depicted as a substantial creature, taking up a large portion of the image. The polar bears are tiny in comparison, appearing almost like miniature versions of themselves. Their size relative to the squid is drastically reduced.","No, the objects are not in their correct relative sizes. The squid is vastly oversized compared to the polar bears.","[Observation]: The image shows a large squid and two small polar bears. The squid is significantly larger than both bears.

[Assessment]: The squid is depicted as a substantial creature, taking up a large portion of the image. The polar bears are tiny in comparison, appearing almost like miniature versions of themselves. Their size relative to the squid is drastically reduced.

[Conclusion]: No, the objects are not in their correct relative sizes. The squid is vastly oversized compared to the polar bears."
pair_251.png,Are the objects in their correct relative sizes?,The reindeer is significantly larger than the penguin. The reindeer appears to be about three to four times the height of the penguin.,"Penguins are generally small, flightless birds adapted to cold climates. Reindeer (caribou) are large, herbivorous mammals found in arctic and subarctic regions. Their size difference is substantial, reflecting their different ecological niches and diets.","No, the objects are not depicted in their correct relative sizes. The reindeer is much too large compared to the penguin.","[Observation]: The reindeer is significantly larger than the penguin. The reindeer appears to be about three to four times the height of the penguin.

[Assessment]: Penguins are generally small, flightless birds adapted to cold climates. Reindeer (caribou) are large, herbivorous mammals found in arctic and subarctic regions. Their size difference is substantial, reflecting their different ecological niches and diets.

[Conclusion]: No, the objects are not depicted in their correct relative sizes. The reindeer is much too large compared to the penguin."
pair_287.png,Are the objects in their correct relative sizes?,The image shows a beluga whale and a giant squid. The squid is significantly larger than the whale.,"The squid is dramatically larger than the whale. A typical giant squid can reach lengths of over 30 feet, while beluga whales are typically around 13 feet long. The relative size difference in the image is exaggerated, but it accurately reflects the actual size disparity between these two creatures.","Yes, the objects are depicted with their correct relative sizes, although the squid is shown much larger than it actually is.","[Observation]: The image shows a beluga whale and a giant squid. The squid is significantly larger than the whale.

[Assessment]: The squid is dramatically larger than the whale. A typical giant squid can reach lengths of over 30 feet, while beluga whales are typically around 13 feet long. The relative size difference in the image is exaggerated, but it accurately reflects the actual size disparity between these two creatures.

[Conclusion]: Yes, the objects are depicted with their correct relative sizes, although the squid is shown much larger than it actually is."
pair_207.png,Are the objects in their correct relative sizes?,The image shows a Komodo dragon and a rooster. The dragon is significantly larger than the rooster. The dragon's body length appears to be several times greater than the rooster's.,"Based on visual estimation, the dragon is considerably larger than the rooster. The rooster is depicted as small relative to the dragon's body length and overall size.","Yes, the objects are depicted in their correct relative sizes. The dragon is much larger than the rooster as it should be.","[Observation]: The image shows a Komodo dragon and a rooster. The dragon is significantly larger than the rooster. The dragon's body length appears to be several times greater than the rooster's.

[Assessment]:  Based on visual estimation, the dragon is considerably larger than the rooster. The rooster is depicted as small relative to the dragon's body length and overall size.

[Conclusion]: Yes, the objects are depicted in their correct relative sizes. The dragon is much larger than the rooster as it should be."
pair_211.png,Are the objects in their correct relative sizes?,"The image shows a leopard and a walrus. The leopard is a small, spotted cat-like animal, while the walrus is a large, bulky marine mammal with prominent tusks.","The leopard appears significantly smaller than the walrus. A visual comparison suggests the leopard is roughly the size of a large domestic cat, while the walrus is enormous, easily several times larger.","No, the objects are not depicted in their correct relative sizes. The leopard is far too small compared to the walrus in the image.","[Observation]: The image shows a leopard and a walrus. The leopard is a small, spotted cat-like animal, while the walrus is a large, bulky marine mammal with prominent tusks.

[Assessment]: The leopard appears significantly smaller than the walrus. A visual comparison suggests the leopard is roughly the size of a large domestic cat, while the walrus is enormous, easily several times larger.

[Conclusion]: No, the objects are not depicted in their correct relative sizes. The leopard is far too small compared to the walrus in the image."
pair_055.png,Are the objects in their correct relative sizes?,"The image shows a large hippopotamus and a small meerkat. The meerkat is positioned to the left of the hippopotamus, appearing significantly smaller.","Based on visual comparison, the meerkat is demonstrably much smaller than the hippopotamus. The scale difference is quite pronounced, with the meerkat appearing tiny in relation to the massive size of the hippo.","Yes, the objects are depicted in their correct relative sizes. The meerkat is appropriately small compared to the hippopotamus.","[Observation]: The image shows a large hippopotamus and a small meerkat. The meerkat is positioned to the left of the hippopotamus, appearing significantly smaller.

[Assessment]:  Based on visual comparison, the meerkat is demonstrably much smaller than the hippopotamus. The scale difference is quite pronounced, with the meerkat appearing tiny in relation to the massive size of the hippo.

[Conclusion]: Yes, the objects are depicted in their correct relative sizes. The meerkat is appropriately small compared to the hippopotamus."
pair_111.png,Are the objects in their correct relative sizes?,The image shows a large hippopotamus and a small toucan. The toucan is positioned relatively close to the hippopotamus.,"The toucan is significantly smaller than the hippopotamus. A reasonable estimation would be that the toucan is about 1/10th the size of the hippopotamus. The relative sizes appear to be somewhat accurate, though the toucan is slightly larger than it should be in proportion to the hippo.","The objects are generally in the correct relative sizes, but the toucan is slightly exaggerated in size compared to the hippopotamus.","[Observation]: The image shows a large hippopotamus and a small toucan. The toucan is positioned relatively close to the hippopotamus.

[Assessment]: The toucan is significantly smaller than the hippopotamus. A reasonable estimation would be that the toucan is about 1/10th the size of the hippopotamus. The relative sizes appear to be somewhat accurate, though the toucan is slightly larger than it should be in proportion to the hippo.

[Conclusion]: The objects are generally in the correct relative sizes, but the toucan is slightly exaggerated in size compared to the hippopotamus."
pair_170.png,Are the objects in their correct relative sizes?,"The red panda is smaller than the koala. The koala is standing upright and appears larger than the red panda, which is crouching down.","The koala is significantly larger than the red panda.  A visual comparison shows a clear difference in size, with the koala being much taller and broader. The red panda is proportionally smaller, as expected given its typical size.","Yes, the objects are in their correct relative sizes.","[Observation]: The red panda is smaller than the koala. The koala is standing upright and appears larger than the red panda, which is crouching down.

[Assessment]: The koala is significantly larger than the red panda.  A visual comparison shows a clear difference in size, with the koala being much taller and broader. The red panda is proportionally smaller, as expected given its typical size.

[Conclusion]: Yes, the objects are in their correct relative sizes."
pair_201.png,Are the objects in their correct relative sizes?,"The Komodo dragon appears significantly larger than the sloth. The sloth is holding a small stick, which is also noticeably smaller than the dragon.","Based on visual proportions, the dragon is much longer and more massive than the sloth. The stick held by the sloth is a relative size indicator, and it's clearly much smaller than the dragon.","No, the objects are not depicted in their correct relative sizes. The dragon is significantly larger than the sloth.","[Observation]: The Komodo dragon appears significantly larger than the sloth. The sloth is holding a small stick, which is also noticeably smaller than the dragon.

[Assessment]:  Based on visual proportions, the dragon is much longer and more massive than the sloth. The stick held by the sloth is a relative size indicator, and it's clearly much smaller than the dragon.

[Conclusion]: No, the objects are not depicted in their correct relative sizes. The dragon is significantly larger than the sloth."
pair_079.png,Are the objects in their correct relative sizes?,The image shows a giraffe and a reindeer. The giraffe is significantly taller than the reindeer.,"The giraffe is depicted with a very long neck and legs, and it is clearly much taller than the reindeer, which is shown with a shorter stature and smaller legs. The relative sizes appear to be reasonably accurate, with the giraffe being dramatically larger than the reindeer.","Yes, the objects in the image are depicted with their correct relative sizes.","[Observation]: The image shows a giraffe and a reindeer. The giraffe is significantly taller than the reindeer.

[Assessment]: The giraffe is depicted with a very long neck and legs, and it is clearly much taller than the reindeer, which is shown with a shorter stature and smaller legs. The relative sizes appear to be reasonably accurate, with the giraffe being dramatically larger than the reindeer.

[Conclusion]: Yes, the objects in the image are depicted with their correct relative sizes."
pair_214.png,Are the objects in their correct relative sizes?,"The image shows a snow leopard and a koala side-by-side. The snow leopard is a large, muscular animal with a long tail, while the koala is a small, fluffy mammal.","The koala is significantly smaller than the snow leopard. A rough estimate would place the koala at approximately one-tenth the size of the snow leopard. The relative proportions in the image appear to be somewhat exaggerated, making the koala seem even smaller.","No, the objects are not depicted in their correct relative sizes. The koala is much smaller than the snow leopard in the image.","[Observation]: The image shows a snow leopard and a koala side-by-side. The snow leopard is a large, muscular animal with a long tail, while the koala is a small, fluffy mammal.

[Assessment]: The koala is significantly smaller than the snow leopard. A rough estimate would place the koala at approximately one-tenth the size of the snow leopard. The relative proportions in the image appear to be somewhat exaggerated, making the koala seem even smaller.

[Conclusion]: No, the objects are not depicted in their correct relative sizes. The koala is much smaller than the snow leopard in the image."
pair_343.png,Are the objects in their correct relative sizes?,The image shows a large rooster and a small hedgehog. The rooster is significantly taller and larger than the hedgehog.,"The rooster's size is exaggerated compared to the hedgehog. The rooster's legs and body are much larger, and its comb and tail are considerably bigger. The hedgehog is small and compact, appearing much smaller in proportion to the rooster.","No, the objects are not depicted in their correct relative sizes. The rooster is significantly larger than it should be in relation to the hedgehog.","[Observation]: The image shows a large rooster and a small hedgehog. The rooster is significantly taller and larger than the hedgehog.

[Assessment]: The rooster's size is exaggerated compared to the hedgehog. The rooster's legs and body are much larger, and its comb and tail are considerably bigger. The hedgehog is small and compact, appearing much smaller in proportion to the rooster.

[Conclusion]: No, the objects are not depicted in their correct relative sizes. The rooster is significantly larger than it should be in relation to the hedgehog."
pair_318.png,Are the objects in their correct relative sizes?,"The axolotl appears significantly larger than the hedgehog. The hedgehog is a small, compact animal, while the axolotl is a long, slender amphibian.","Based on visual estimation, the axolotl is roughly twice the size of the hedgehog. The hedgehog's body length is approximately 10-15 cm, while the axolotl's body length is estimated to be around 20-25 cm.","No, the objects are not in their correct relative sizes. The axolotl is considerably larger than the hedgehog.","[Observation]: The axolotl appears significantly larger than the hedgehog. The hedgehog is a small, compact animal, while the axolotl is a long, slender amphibian.

[Assessment]: Based on visual estimation, the axolotl is roughly twice the size of the hedgehog. The hedgehog's body length is approximately 10-15 cm, while the axolotl's body length is estimated to be around 20-25 cm.

[Conclusion]: No, the objects are not in their correct relative sizes. The axolotl is considerably larger than the hedgehog."
pair_257.png,Are the objects in their correct relative sizes?,"The image shows two narwhals. The smaller narwhal is dark grey with white markings, and the larger narwhal is white.","The smaller narwhal is significantly smaller than the larger narwhal. The larger narwhal appears to be an adult, while the smaller one appears to be a juvenile. Narwhals, like many mammals, exhibit significant size variation between juveniles and adults.","Yes, the objects are depicted in their correct relative sizes, reflecting the typical size difference between juvenile and adult narwhals.","[Observation]: The image shows two narwhals. The smaller narwhal is dark grey with white markings, and the larger narwhal is white.

[Assessment]: The smaller narwhal is significantly smaller than the larger narwhal. The larger narwhal appears to be an adult, while the smaller one appears to be a juvenile. Narwhals, like many mammals, exhibit significant size variation between juveniles and adults.

[Conclusion]: Yes, the objects are depicted in their correct relative sizes, reflecting the typical size difference between juvenile and adult narwhals."
pair_096.png,Are the objects in their correct relative sizes?,The image shows a large hippopotamus and a small lemur. The hippopotamus is depicted as significantly larger than the lemur.,"Based on visual proportions, the hippopotamus appears to be approximately 10-20 times larger than the lemur. The lemur is small enough to be perched on the hippopotamus's leg.","Yes, the objects are depicted in their correct relative sizes.","[Observation]: The image shows a large hippopotamus and a small lemur. The hippopotamus is depicted as significantly larger than the lemur.

[Assessment]:  Based on visual proportions, the hippopotamus appears to be approximately 10-20 times larger than the lemur. The lemur is small enough to be perched on the hippopotamus's leg.

[Conclusion]: Yes, the objects are depicted in their correct relative sizes."
pair_270.png,Are the objects in their correct relative sizes?,The image shows a walrus and a platypus. The walrus is significantly larger than the platypus.,The platypus is drawn very small relative to the walrus. A reasonable estimate would be that the platypus is about 1/8th the size of the walrus.,"No, the objects are not in their correct relative sizes. The platypus is drawn much too small compared to the walrus.","[Observation]: The image shows a walrus and a platypus. The walrus is significantly larger than the platypus.

[Assessment]: The platypus is drawn very small relative to the walrus. A reasonable estimate would be that the platypus is about 1/8th the size of the walrus.

[Conclusion]: No, the objects are not in their correct relative sizes. The platypus is drawn much too small compared to the walrus."
pair_280.png,Are the objects in their correct relative sizes?,"The image shows a large white whale and a small, dark brown beetle.","The beetle appears significantly smaller than the whale. The whale's body length is much greater than the beetle's length. The beetle is positioned close to the whale's side, further emphasizing the size difference.",The objects are not in their correct relative sizes. The beetle is much too large in comparison to the whale.,"[Observation]: The image shows a large white whale and a small, dark brown beetle.

[Assessment]: The beetle appears significantly smaller than the whale. The whale's body length is much greater than the beetle's length. The beetle is positioned close to the whale's side, further emphasizing the size difference.

[Conclusion]: The objects are not in their correct relative sizes. The beetle is much too large in comparison to the whale."
pair_036.png,Are the objects in their correct relative sizes?,The cheetah on the left is significantly larger than the snow leopard on the right. The cheetah appears to be about twice as tall as the snow leopard.,The relative sizes of the animals in the image appear to be inaccurate. Cheetahs are generally much larger than snow leopards. The artist has likely exaggerated the size of the cheetah to make it appear more imposing.,The objects are not in their correct relative sizes. The cheetah is significantly larger than it should be in comparison to the snow leopard.,"[Observation]: The cheetah on the left is significantly larger than the snow leopard on the right. The cheetah appears to be about twice as tall as the snow leopard.

[Assessment]:  The relative sizes of the animals in the image appear to be inaccurate. Cheetahs are generally much larger than snow leopards. The artist has likely exaggerated the size of the cheetah to make it appear more imposing.

[Conclusion]: The objects are not in their correct relative sizes. The cheetah is significantly larger than it should be in comparison to the snow leopard."
pair_282.png,Are the objects in their correct relative sizes?,The whale appears to be significantly larger than the small branch it is holding in its mouth.,The branch is very small relative to the size of the whale. A typical adult beluga whale is around 15-23 feet long and weighs several tons. The branch appears to be only a few inches long. The scale is clearly off.,The objects are not in their correct relative sizes. The branch is much too small compared to the whale.,"[Observation]: The whale appears to be significantly larger than the small branch it is holding in its mouth.

[Assessment]: The branch is very small relative to the size of the whale. A typical adult beluga whale is around 15-23 feet long and weighs several tons. The branch appears to be only a few inches long. The scale is clearly off.

[Conclusion]: The objects are not in their correct relative sizes. The branch is much too small compared to the whale."
pair_263.png,Are the objects in their correct relative sizes?,"The narwhal is significantly larger than the bear. The narwhal appears to be about twice as long as the bear, and also wider.","Based on visual proportions, the narwhal is clearly much larger than the bear. The bear is depicted as a relatively small animal, while the narwhal is a substantial marine mammal.",The objects are not depicted in their correct relative sizes. The narwhal is significantly larger than the bear.,"[Observation]: The narwhal is significantly larger than the bear. The narwhal appears to be about twice as long as the bear, and also wider.
[Assessment]: Based on visual proportions, the narwhal is clearly much larger than the bear. The bear is depicted as a relatively small animal, while the narwhal is a substantial marine mammal.
[Conclusion]: The objects are not depicted in their correct relative sizes. The narwhal is significantly larger than the bear."
pair_124.png,Are the objects in their correct relative sizes?,"The image shows a small badger and a large caribou. The badger is positioned on the left, and the caribou is on the right.",The badger is significantly smaller than the caribou. The relative sizes appear to be drastically off – the badger is much smaller than it should be in proportion to the caribou. The caribou appears to be much larger than it realistically would be if the badger were its size.,"No, the objects are not in their correct relative sizes. The badger is significantly undersized compared to the caribou.","[Observation]: The image shows a small badger and a large caribou. The badger is positioned on the left, and the caribou is on the right.

[Assessment]: The badger is significantly smaller than the caribou. The relative sizes appear to be drastically off – the badger is much smaller than it should be in proportion to the caribou. The caribou appears to be much larger than it realistically would be if the badger were its size.

[Conclusion]: No, the objects are not in their correct relative sizes. The badger is significantly undersized compared to the caribou."
pair_105.png,Are the objects in their correct relative sizes?,"The image shows a hippopotamus and a beluga whale. The hippopotamus is a large, grey animal with a bulky body and short legs. The beluga whale is a white, streamlined animal with a rounded head and a long, slender body.","Based on visual estimation, the beluga whale appears significantly larger than the hippopotamus. The whale's body is much longer and more elongated, and it seems to be occupying a larger portion of the image.","No, the objects are not depicted in their correct relative sizes. The beluga whale is significantly larger than the hippopotamus in the image.","[Observation]: The image shows a hippopotamus and a beluga whale. The hippopotamus is a large, grey animal with a bulky body and short legs. The beluga whale is a white, streamlined animal with a rounded head and a long, slender body.

[Assessment]: Based on visual estimation, the beluga whale appears significantly larger than the hippopotamus. The whale's body is much longer and more elongated, and it seems to be occupying a larger portion of the image.

[Conclusion]: No, the objects are not depicted in their correct relative sizes. The beluga whale is significantly larger than the hippopotamus in the image."
pair_289.png,Are the objects in their correct relative sizes?,The image shows a large kangaroo and a small koala. The kangaroo is significantly taller and larger than the koala.,"The koala is depicted as being much smaller than the kangaroo. A visual comparison of their height and overall size clearly indicates a significant size difference. The koala is roughly the size of a small child, while the kangaroo is a large adult animal.","Yes, the objects are depicted in their correct relative sizes. The koala is appropriately small compared to the kangaroo.","[Observation]: The image shows a large kangaroo and a small koala. The kangaroo is significantly taller and larger than the koala.

[Assessment]: The koala is depicted as being much smaller than the kangaroo. A visual comparison of their height and overall size clearly indicates a significant size difference. The koala is roughly the size of a small child, while the kangaroo is a large adult animal.

[Conclusion]: Yes, the objects are depicted in their correct relative sizes. The koala is appropriately small compared to the kangaroo."
pair_074.png,Are the objects in their correct relative sizes?,The image shows a large giraffe and a small red panda. The giraffe is significantly taller than the red panda.,"The giraffe's height is dramatically greater than the red panda's. The red panda is depicted as being quite small in comparison, appearing almost like a toy next to the towering giraffe.",The objects are not depicted in their correct relative sizes. The giraffe is vastly oversized compared to the red panda.,"[Observation]: The image shows a large giraffe and a small red panda. The giraffe is significantly taller than the red panda.

[Assessment]: The giraffe's height is dramatically greater than the red panda's. The red panda is depicted as being quite small in comparison, appearing almost like a toy next to the towering giraffe.

[Conclusion]: The objects are not depicted in their correct relative sizes. The giraffe is vastly oversized compared to the red panda."
pair_249.png,Are the objects in their correct relative sizes?,The image shows a large caribou and a much smaller toucan. The toucan is perched on the caribou's back.,"The toucan is significantly smaller than the caribou. The caribou appears to be several times larger in height and overall size compared to the toucan. The toucan is positioned on the caribou's back, which further emphasizes the size difference.","Yes, the objects are depicted in their correct relative sizes. The toucan is appropriately small in comparison to the caribou.","[Observation]: The image shows a large caribou and a much smaller toucan. The toucan is perched on the caribou's back.

[Assessment]: The toucan is significantly smaller than the caribou. The caribou appears to be several times larger in height and overall size compared to the toucan. The toucan is positioned on the caribou's back, which further emphasizes the size difference.

[Conclusion]: Yes, the objects are depicted in their correct relative sizes. The toucan is appropriately small in comparison to the caribou."
pair_121.png,Are the objects in their correct relative sizes?,"The image shows a large Komodo dragon and a smaller, dog-like animal (likely a Mongoose).",The mongoose appears significantly smaller than the Komodo dragon.  A visual comparison suggests the mongoose is roughly one-tenth the size of the dragon.,"Yes, the objects are depicted in their correct relative sizes.","[Observation]: The image shows a large Komodo dragon and a smaller, dog-like animal (likely a Mongoose).

[Assessment]: The mongoose appears significantly smaller than the Komodo dragon.  A visual comparison suggests the mongoose is roughly one-tenth the size of the dragon.

[Conclusion]: Yes, the objects are depicted in their correct relative sizes."
pair_219.png,Are the objects in their correct relative sizes?,The image shows a snow leopard and a brown bear. The snow leopard is significantly smaller than the brown bear.,"Based on visual comparison, the snow leopard appears to be roughly half the size of the brown bear. The difference in height and overall body mass is quite noticeable. The relative proportions of their limbs and head also seem accurate.","Yes, the objects in the image are depicted with their correct relative sizes.","[Observation]: The image shows a snow leopard and a brown bear. The snow leopard is significantly smaller than the brown bear.

[Assessment]:  Based on visual comparison, the snow leopard appears to be roughly half the size of the brown bear. The difference in height and overall body mass is quite noticeable. The relative proportions of their limbs and head also seem accurate.

[Conclusion]: Yes, the objects in the image are depicted with their correct relative sizes."
pair_304.png,Are the objects in their correct relative sizes?,The image shows a large squid and a small koala. The squid is significantly larger than the koala.,"The koala is depicted as being relatively small compared to the squid. A koala's typical size is around 60-85 cm in length and 4-6 kg in weight. The squid in the image appears to be several meters long, based on its size relative to the koala. The koala is positioned close to the squid, but the squid is clearly much larger.","No, the objects are not in their correct relative sizes. The squid is vastly larger than the koala in the image.","[Observation]: The image shows a large squid and a small koala. The squid is significantly larger than the koala.

[Assessment]: The koala is depicted as being relatively small compared to the squid. A koala's typical size is around 60-85 cm in length and 4-6 kg in weight. The squid in the image appears to be several meters long, based on its size relative to the koala. The koala is positioned close to the squid, but the squid is clearly much larger.

[Conclusion]: No, the objects are not in their correct relative sizes. The squid is vastly larger than the koala in the image."
pair_115.png,Are the objects in their correct relative sizes?,The image shows a large hippopotamus and a large shark. The shark is significantly larger than the hippopotamus.,"Based on visual estimation, the shark appears to be considerably longer and wider than the hippopotamus. The shark's body length is at least three times the hippopotamus's length. The shark's overall size is much larger, suggesting a significant difference in scale.",The objects are not depicted in their correct relative sizes. The shark is much larger than the hippopotamus.,"[Observation]: The image shows a large hippopotamus and a large shark. The shark is significantly larger than the hippopotamus.

[Assessment]:  Based on visual estimation, the shark appears to be considerably longer and wider than the hippopotamus. The shark's body length is at least three times the hippopotamus's length. The shark's overall size is much larger, suggesting a significant difference in scale.

[Conclusion]: The objects are not depicted in their correct relative sizes. The shark is much larger than the hippopotamus."
pair_261.png,Are the objects in their correct relative sizes?,The narwhal appears significantly larger than the small branch it is interacting with.,"The narwhal is depicted as a large whale-like creature, while the branch is a tiny, almost miniature object. The scale difference is quite dramatic.",The objects are not in their correct relative sizes. The narwhal is vastly oversized compared to the branch.,"[Observation]: The narwhal appears significantly larger than the small branch it is interacting with.
[Assessment]: The narwhal is depicted as a large whale-like creature, while the branch is a tiny, almost miniature object. The scale difference is quite dramatic.
[Conclusion]: The objects are not in their correct relative sizes. The narwhal is vastly oversized compared to the branch."
pair_046.png,Are the objects in their correct relative sizes?,"The cheetah is significantly larger than the sloth. The cheetah appears to be standing tall and is much taller and wider than the sloth, which is hanging from a branch and appears quite small in comparison.","The relative sizes of the animals in the image are not accurate. The cheetah is depicted as much larger than the sloth, which is a common representation, but the scale difference is exaggerated. A real cheetah would be considerably larger than a sloth.",The objects are not in their correct relative sizes. The cheetah is portrayed as being much larger than it actually is compared to the sloth.,"[Observation]: The cheetah is significantly larger than the sloth. The cheetah appears to be standing tall and is much taller and wider than the sloth, which is hanging from a branch and appears quite small in comparison.

[Assessment]: The relative sizes of the animals in the image are not accurate. The cheetah is depicted as much larger than the sloth, which is a common representation, but the scale difference is exaggerated. A real cheetah would be considerably larger than a sloth.

[Conclusion]: The objects are not in their correct relative sizes. The cheetah is portrayed as being much larger than it actually is compared to the sloth."
pair_185.png,Are the objects in their correct relative sizes?,"The panda is significantly larger than the koala. The panda is sitting and appears to be quite substantial, while the koala is small and appears to be standing on its hind legs.","A visual comparison shows a clear difference in size. The panda's bulk and proportions are much larger than the koala's. The koala is depicted as being considerably smaller, as it should be in relation to the panda.","Yes, the objects are depicted in their correct relative sizes.","[Observation]: The panda is significantly larger than the koala. The panda is sitting and appears to be quite substantial, while the koala is small and appears to be standing on its hind legs.

[Assessment]:  A visual comparison shows a clear difference in size. The panda's bulk and proportions are much larger than the koala's. The koala is depicted as being considerably smaller, as it should be in relation to the panda.

[Conclusion]: Yes, the objects are depicted in their correct relative sizes."
pair_094.png,Are the objects in their correct relative sizes?,The image shows a large giraffe and a small rooster. The giraffe is significantly taller than the rooster.,"The relative sizes of the giraffe and the rooster appear to be somewhat distorted. The giraffe is dramatically oversized compared to the rooster, making the rooster appear incredibly tiny. This suggests the artist may have exaggerated the size difference for visual effect, perhaps to emphasize the contrast or create a humorous scene.",The objects are not depicted in their correct relative sizes. The giraffe is significantly larger than it should be in proportion to the rooster.,"[Observation]: The image shows a large giraffe and a small rooster. The giraffe is significantly taller than the rooster.

[Assessment]: The relative sizes of the giraffe and the rooster appear to be somewhat distorted. The giraffe is dramatically oversized compared to the rooster, making the rooster appear incredibly tiny. This suggests the artist may have exaggerated the size difference for visual effect, perhaps to emphasize the contrast or create a humorous scene.

[Conclusion]: The objects are not depicted in their correct relative sizes. The giraffe is significantly larger than it should be in proportion to the rooster."
pair_317.png,Are the objects in their correct relative sizes?,"The bear is significantly larger than the axolotl. The bear appears to be standing on all four paws, while the axolotl is small and close to the ground.","The relative sizes of the bear and axolotl are not accurate. The axolotl is much smaller than it should be in proportion to the bear. A typical axolotl is around 6-12 inches long, while the axolotl in the image appears to be much smaller, perhaps only a few inches. The bear is also depicted as being larger than it realistically would be.","No, the objects are not in their correct relative sizes. The axolotl is significantly smaller than it should be in relation to the bear.","[Observation]: The bear is significantly larger than the axolotl. The bear appears to be standing on all four paws, while the axolotl is small and close to the ground.

[Assessment]: The relative sizes of the bear and axolotl are not accurate. The axolotl is much smaller than it should be in proportion to the bear. A typical axolotl is around 6-12 inches long, while the axolotl in the image appears to be much smaller, perhaps only a few inches. The bear is also depicted as being larger than it realistically would be.

[Conclusion]: No, the objects are not in their correct relative sizes. The axolotl is significantly smaller than it should be in relation to the bear."
pair_338.png,Are the objects in their correct relative sizes?,The image shows a large brown bear and a smaller rooster. The bear is significantly larger than the rooster.,"The bear appears to be roughly twice the height of the rooster, and its overall bulk is considerably greater. The rooster is positioned close to the bear, but it is clearly dwarfed by the bear's size.",The objects are not depicted in their correct relative sizes. The rooster is significantly smaller than the bear.,"[Observation]: The image shows a large brown bear and a smaller rooster. The bear is significantly larger than the rooster.

[Assessment]: The bear appears to be roughly twice the height of the rooster, and its overall bulk is considerably greater. The rooster is positioned close to the bear, but it is clearly dwarfed by the bear's size.

[Conclusion]: The objects are not depicted in their correct relative sizes. The rooster is significantly smaller than the bear."
pair_299.png,Are the objects in their correct relative sizes?,The koala is significantly larger than the toucan. The toucan is perched on a small branch near the koala.,The koala appears to be much taller and wider than the toucan. The toucan is relatively small compared to the koala.,"No, the objects are not in their correct relative sizes. The koala is much larger than the toucan.","[Observation]: The koala is significantly larger than the toucan. The toucan is perched on a small branch near the koala.
[Assessment]: The koala appears to be much taller and wider than the toucan. The toucan is relatively small compared to the koala.
[Conclusion]: No, the objects are not in their correct relative sizes. The koala is much larger than the toucan."
pair_202.png,Are the objects in their correct relative sizes?,The image shows a large Komodo dragon and a small toucan. The dragon is depicted as significantly larger than the toucan.,"Based on visual proportions, the dragon's length and overall body size appear to be considerably greater than the toucan's. The toucan is small and compact in comparison.","Yes, the objects are depicted with their correct relative sizes in the image.","[Observation]: The image shows a large Komodo dragon and a small toucan. The dragon is depicted as significantly larger than the toucan.

[Assessment]:  Based on visual proportions, the dragon's length and overall body size appear to be considerably greater than the toucan's. The toucan is small and compact in comparison.

[Conclusion]: Yes, the objects are depicted with their correct relative sizes in the image."
pair_307.png,Are the objects in their correct relative sizes?,The platypus is significantly smaller than the sloth. The sloth is hanging from a branch and appears much larger in proportion to the ground.,"The platypus is depicted as a small, compact animal, while the sloth is shown hanging from a branch, which naturally makes it appear larger due to its position and the branch providing a reference point. The relative sizes are not accurate in the image.","No, the objects are not depicted in their correct relative sizes. The sloth is significantly larger than the platypus.","[Observation]: The platypus is significantly smaller than the sloth. The sloth is hanging from a branch and appears much larger in proportion to the ground.

[Assessment]: The platypus is depicted as a small, compact animal, while the sloth is shown hanging from a branch, which naturally makes it appear larger due to its position and the branch providing a reference point. The relative sizes are not accurate in the image.

[Conclusion]: No, the objects are not depicted in their correct relative sizes. The sloth is significantly larger than the platypus."
pair_018.png,Are the objects in their correct relative sizes?,The image shows a large elephant and a small turtle. The turtle is positioned very close to the elephant's feet.,"The turtle appears significantly smaller than the elephant. The distance between them suggests a considerable size difference. The turtle is almost at the elephant's feet, which is a reasonable depiction of their relative sizes.","Yes, the objects are depicted in their correct relative sizes.","[Observation]: The image shows a large elephant and a small turtle. The turtle is positioned very close to the elephant's feet.

[Assessment]: The turtle appears significantly smaller than the elephant. The distance between them suggests a considerable size difference. The turtle is almost at the elephant's feet, which is a reasonable depiction of their relative sizes.

[Conclusion]: Yes, the objects are depicted in their correct relative sizes."
pair_095.png,Are the objects in their correct relative sizes?,The image shows a large hippopotamus and a smaller honey badger. The hippopotamus is significantly larger than the honey badger.,"The honey badger is depicted as being much smaller in proportion to the hippopotamus. Its size relative to the hippo is noticeably smaller, appearing as if it's a miniature version of the larger animal.","Yes, the objects are depicted in their correct relative sizes.","[Observation]: The image shows a large hippopotamus and a smaller honey badger. The hippopotamus is significantly larger than the honey badger.

[Assessment]: The honey badger is depicted as being much smaller in proportion to the hippopotamus. Its size relative to the hippo is noticeably smaller, appearing as if it's a miniature version of the larger animal.

[Conclusion]: Yes, the objects are depicted in their correct relative sizes."
pair_035.png,Are the objects in their correct relative sizes?,The cheetah is significantly larger than the monitor lizard. The cheetah appears to be about twice as tall and long as the monitor lizard.,"Based on visual estimation, the cheetah is demonstrably larger in both height and length compared to the monitor lizard. The relative proportions seem accurate in the image.","Yes, the objects are depicted in their correct relative sizes.","[Observation]: The cheetah is significantly larger than the monitor lizard. The cheetah appears to be about twice as tall and long as the monitor lizard.

[Assessment]:  Based on visual estimation, the cheetah is demonstrably larger in both height and length compared to the monitor lizard. The relative proportions seem accurate in the image.

[Conclusion]: Yes, the objects are depicted in their correct relative sizes."
pair_146.png,Are the objects in their correct relative sizes?,The image shows a narwhal and a lemur. The lemur is significantly smaller than the narwhal.,"The lemur is depicted as a small, furry primate, while the narwhal is a large marine mammal with a long tusk. A reasonable estimate would be that the lemur is approximately 1/10th the size of the narwhal.","Yes, the objects are depicted in their correct relative sizes.","[Observation]: The image shows a narwhal and a lemur. The lemur is significantly smaller than the narwhal.

[Assessment]: The lemur is depicted as a small, furry primate, while the narwhal is a large marine mammal with a long tusk. A reasonable estimate would be that the lemur is approximately 1/10th the size of the narwhal.

[Conclusion]: Yes, the objects are depicted in their correct relative sizes."
pair_113.png,Are the objects in their correct relative sizes?,The image shows a large hippopotamus and a small penguin. The hippopotamus is significantly larger than the penguin.,"Based on visual comparison, the penguin appears to be roughly the size of a small child, while the hippopotamus is enormous, dwarfing the penguin. The scale difference is very apparent.",The objects are not depicted in their correct relative sizes. The hippopotamus is vastly larger than the penguin in the image.,"[Observation]: The image shows a large hippopotamus and a small penguin. The hippopotamus is significantly larger than the penguin.

[Assessment]: Based on visual comparison, the penguin appears to be roughly the size of a small child, while the hippopotamus is enormous, dwarfing the penguin. The scale difference is very apparent.

[Conclusion]: The objects are not depicted in their correct relative sizes. The hippopotamus is vastly larger than the penguin in the image."
pair_131.png,Are the objects in their correct relative sizes?,"The dog-like creature is significantly larger than the small, elongated creature beside it. The dog-like creature appears to be roughly the size of a small dog, while the smaller creature is about the size of a hand.","The relative sizes are not accurate. The dog-like creature is far too large compared to the small creature. The creature on the right is likely an axolotl, which is a small amphibian. The dog-like creature is likely a marten or a similar small canid. The scale is drastically off.",The objects are not depicted in their correct relative sizes. The dog-like creature is much larger than it should be in relation to the axolotl.,"[Observation]: The dog-like creature is significantly larger than the small, elongated creature beside it. The dog-like creature appears to be roughly the size of a small dog, while the smaller creature is about the size of a hand.

[Assessment]: The relative sizes are not accurate. The dog-like creature is far too large compared to the small creature. The creature on the right is likely an axolotl, which is a small amphibian. The dog-like creature is likely a marten or a similar small canid. The scale is drastically off.

[Conclusion]: The objects are not depicted in their correct relative sizes. The dog-like creature is much larger than it should be in relation to the axolotl."
pair_140.png,Are the objects in their correct relative sizes?,"The lemur is significantly larger than the red panda. The lemur is standing tall and appears much bigger overall, while the red panda is smaller and closer to the ground.","The lemur's proportions – height, length, and overall mass – appear to be much greater than those of the red panda.  The red panda is depicted in a smaller scale relative to the lemur.","No, the objects are not depicted in their correct relative sizes. The lemur is significantly larger than the red panda.","[Observation]: The lemur is significantly larger than the red panda. The lemur is standing tall and appears much bigger overall, while the red panda is smaller and closer to the ground.

[Assessment]:  The lemur's proportions – height, length, and overall mass – appear to be much greater than those of the red panda.  The red panda is depicted in a smaller scale relative to the lemur.

[Conclusion]: No, the objects are not depicted in their correct relative sizes. The lemur is significantly larger than the red panda."
pair_186.png,Are the objects in their correct relative sizes?,"The panda is significantly larger than the platypus. The panda is sitting and appears quite substantial, while the platypus is small and positioned to the side.","The platypus is noticeably smaller than the panda. A visual comparison shows a clear difference in scale, with the platypus being a tiny creature relative to the panda's massive size.",The objects are not depicted in their correct relative sizes. The platypus is much smaller than the panda in the image.,"[Observation]: The panda is significantly larger than the platypus. The panda is sitting and appears quite substantial, while the platypus is small and positioned to the side.
[Assessment]: The platypus is noticeably smaller than the panda. A visual comparison shows a clear difference in scale, with the platypus being a tiny creature relative to the panda's massive size.
[Conclusion]: The objects are not depicted in their correct relative sizes. The platypus is much smaller than the panda in the image."
pair_001.png,Are the objects in their correct relative sizes?,The image shows a large elephant and a smaller cheetah. The elephant is significantly larger than the cheetah.,"The cheetah is noticeably smaller than the elephant. The relative proportions in the image appear to be accurate, with the cheetah being a tiny fraction of the size of the elephant.","Yes, the objects are depicted in their correct relative sizes.","[Observation]: The image shows a large elephant and a smaller cheetah. The elephant is significantly larger than the cheetah.

[Assessment]: The cheetah is noticeably smaller than the elephant. The relative proportions in the image appear to be accurate, with the cheetah being a tiny fraction of the size of the elephant.

[Conclusion]: Yes, the objects are depicted in their correct relative sizes."
pair_292.png,Are the objects in their correct relative sizes?,"The kangaroo is significantly taller than the bear. The kangaroo is standing upright, appearing much taller than the bear, which is depicted in a quadrupedal stance.","The relative sizes appear to be inaccurate. Kangaroos are generally much larger than bears, especially when standing upright. The bear in the image appears smaller than it should be in comparison to the kangaroo. The artist has likely exaggerated the bear's size for some artistic effect, but it's not a realistic representation of their proportions.","No, the objects are not depicted in their correct relative sizes. The kangaroo is significantly larger than the bear.","[Observation]: The kangaroo is significantly taller than the bear. The kangaroo is standing upright, appearing much taller than the bear, which is depicted in a quadrupedal stance.

[Assessment]:  The relative sizes appear to be inaccurate. Kangaroos are generally much larger than bears, especially when standing upright. The bear in the image appears smaller than it should be in comparison to the kangaroo. The artist has likely exaggerated the bear's size for some artistic effect, but it's not a realistic representation of their proportions.

[Conclusion]: No, the objects are not depicted in their correct relative sizes. The kangaroo is significantly larger than the bear."
pair_240.png,Are the objects in their correct relative sizes?,"The camel is significantly larger than the rooster. The rooster is small and positioned close to the ground, while the camel is towering over it.",The relative sizes appear to be inaccurate. The rooster is drawn much smaller than it should be compared to the camel. A typical camel is considerably larger than a rooster.,"No, the objects are not depicted in their correct relative sizes. The rooster is drawn far too small.","[Observation]: The camel is significantly larger than the rooster. The rooster is small and positioned close to the ground, while the camel is towering over it.

[Assessment]: The relative sizes appear to be inaccurate. The rooster is drawn much smaller than it should be compared to the camel. A typical camel is considerably larger than a rooster.

[Conclusion]: No, the objects are not depicted in their correct relative sizes. The rooster is drawn far too small."
pair_192.png,Are the objects in their correct relative sizes?,The image shows a Komodo dragon and a snow leopard. The dragon is significantly larger than the leopard.,"Based on visual comparison, the dragon appears to be roughly twice the size of the leopard. The dragon's length and overall body mass seem considerably greater.","Yes, the objects are depicted in their correct relative sizes.","[Observation]: The image shows a Komodo dragon and a snow leopard. The dragon is significantly larger than the leopard.

[Assessment]:  Based on visual comparison, the dragon appears to be roughly twice the size of the leopard. The dragon's length and overall body mass seem considerably greater.

[Conclusion]: Yes, the objects are depicted in their correct relative sizes."
pair_163.png,Are the objects in their correct relative sizes?,"The image shows a red panda and a snow leopard. The red panda is small and compact, while the snow leopard is large and elongated.","Based on visual comparison, the red panda appears significantly smaller than the snow leopard. The snow leopard is much taller and longer, with a noticeably larger body size.","Yes, the objects are depicted in their correct relative sizes. The snow leopard is demonstrably larger than the red panda.","[Observation]: The image shows a red panda and a snow leopard. The red panda is small and compact, while the snow leopard is large and elongated.

[Assessment]: Based on visual comparison, the red panda appears significantly smaller than the snow leopard. The snow leopard is much taller and longer, with a noticeably larger body size.

[Conclusion]: Yes, the objects are depicted in their correct relative sizes. The snow leopard is demonstrably larger than the red panda."
pair_305.png,Are the objects in their correct relative sizes?,The koala is significantly larger than the rooster. The rooster is standing relatively close to the koala.,The koala appears to be much taller and wider than the rooster. A visual comparison suggests the koala is at least three times the size of the rooster.,"No, the objects are not in their correct relative sizes. The koala is significantly larger than the rooster.","[Observation]: The koala is significantly larger than the rooster. The rooster is standing relatively close to the koala.
[Assessment]: The koala appears to be much taller and wider than the rooster. A visual comparison suggests the koala is at least three times the size of the rooster.
[Conclusion]: No, the objects are not in their correct relative sizes. The koala is significantly larger than the rooster."
pair_026.png,Are the objects in their correct relative sizes?,"The elephant appears significantly larger than the squid. The squid is positioned to the right of the elephant, and it seems to be much smaller in comparison.","Based on visual estimation, the elephant's height and overall size appear to be several times greater than the squid's. The squid's tentacles are also proportionally smaller relative to its body.",The objects are not depicted in their correct relative sizes. The squid is significantly smaller than the elephant.,"[Observation]: The elephant appears significantly larger than the squid. The squid is positioned to the right of the elephant, and it seems to be much smaller in comparison.

[Assessment]: Based on visual estimation, the elephant's height and overall size appear to be several times greater than the squid's. The squid's tentacles are also proportionally smaller relative to its body.

[Conclusion]: The objects are not depicted in their correct relative sizes. The squid is significantly smaller than the elephant."
pair_183.png,Are the objects in their correct relative sizes?,"The panda is significantly larger than the reindeer. The panda is sitting and appears to be about the size of a small armchair, while the reindeer is standing and looks much smaller, roughly the size of a large dog.","The relative sizes are not accurate. The panda is depicted as being much larger than the reindeer, which is a common depiction of these animals. However, in reality, a fully grown male panda is considerably larger than a reindeer. The artist has likely exaggerated the panda's size for visual impact.",The objects are not depicted in their correct relative sizes. The panda is significantly oversized compared to the reindeer.,"[Observation]: The panda is significantly larger than the reindeer. The panda is sitting and appears to be about the size of a small armchair, while the reindeer is standing and looks much smaller, roughly the size of a large dog.

[Assessment]: The relative sizes are not accurate. The panda is depicted as being much larger than the reindeer, which is a common depiction of these animals. However, in reality, a fully grown male panda is considerably larger than a reindeer. The artist has likely exaggerated the panda's size for visual impact.

[Conclusion]: The objects are not depicted in their correct relative sizes. The panda is significantly oversized compared to the reindeer."
pair_040.png,Are the objects in their correct relative sizes?,"The image shows a cheetah and a walrus side-by-side. The cheetah is a small, slender animal, while the walrus is a very large, bulky animal.","The cheetah appears significantly smaller than the walrus in the image. The cheetah is roughly the size of a medium-sized dog, while the walrus is enormous, easily dwarfing the cheetah. The relative sizes are clearly exaggerated for illustrative purposes, but the cheetah is still presented as much smaller than the walrus.","The objects are not depicted in their correct relative sizes. The cheetah is significantly smaller than the walrus, and the image exaggerates the size difference to emphasize the contrast.","[Observation]: The image shows a cheetah and a walrus side-by-side. The cheetah is a small, slender animal, while the walrus is a very large, bulky animal.

[Assessment]: The cheetah appears significantly smaller than the walrus in the image. The cheetah is roughly the size of a medium-sized dog, while the walrus is enormous, easily dwarfing the cheetah. The relative sizes are clearly exaggerated for illustrative purposes, but the cheetah is still presented as much smaller than the walrus.

[Conclusion]: The objects are not depicted in their correct relative sizes. The cheetah is significantly smaller than the walrus, and the image exaggerates the size difference to emphasize the contrast."
pair_057.png,Are the objects in their correct relative sizes?,"The meerkat on the left is significantly taller than the lemur on the right. The lemur is also more compact and rounded, while the meerkat appears more elongated.",The lemur is noticeably smaller than the meerkat. The image exaggerates the size difference to emphasize the contrast between the two animals. A realistic representation would show the lemur as being closer in size to the meerkat.,"No, the objects are not depicted in their correct relative sizes. The lemur is significantly smaller than the meerkat in the image.","[Observation]: The meerkat on the left is significantly taller than the lemur on the right. The lemur is also more compact and rounded, while the meerkat appears more elongated.

[Assessment]: The lemur is noticeably smaller than the meerkat. The image exaggerates the size difference to emphasize the contrast between the two animals. A realistic representation would show the lemur as being closer in size to the meerkat.

[Conclusion]: No, the objects are not depicted in their correct relative sizes. The lemur is significantly smaller than the meerkat in the image."
pair_319.png,Are the objects in their correct relative sizes?,The image shows a large shark and two small birds.,"The shark appears significantly larger than the birds. The shark's body length is much greater, and its overall scale is disproportionately large compared to the birds.",The objects are not in their correct relative sizes. The shark is much too large relative to the birds.,"[Observation]: The image shows a large shark and two small birds.
[Assessment]: The shark appears significantly larger than the birds. The shark's body length is much greater, and its overall scale is disproportionately large compared to the birds.
[Conclusion]: The objects are not in their correct relative sizes. The shark is much too large relative to the birds."
pair_224.png,Are the objects in their correct relative sizes?,The image shows a large snow leopard and a small rooster. The snow leopard is significantly larger than the rooster.,"The snow leopard appears to be roughly twice the size of the rooster in terms of overall height and length. The rooster is small and compact, while the snow leopard is a large, powerful predator. The relative sizes seem accurate based on visual proportions.","Yes, the objects are depicted in their correct relative sizes.","[Observation]: The image shows a large snow leopard and a small rooster. The snow leopard is significantly larger than the rooster.

[Assessment]: The snow leopard appears to be roughly twice the size of the rooster in terms of overall height and length. The rooster is small and compact, while the snow leopard is a large, powerful predator. The relative sizes seem accurate based on visual proportions.

[Conclusion]: Yes, the objects are depicted in their correct relative sizes."
pair_196.png,Are the objects in their correct relative sizes?,The image shows a small lizard and a large walrus. The lizard is depicted as being relatively small compared to the walrus.,The lizard appears to be significantly smaller than the walrus. A quick visual estimation suggests the lizard is perhaps only about one-tenth the size of the walrus. The difference in scale is quite dramatic.,The objects are not depicted in their correct relative sizes. The lizard is significantly smaller than it should be in relation to the walrus.,"[Observation]: The image shows a small lizard and a large walrus. The lizard is depicted as being relatively small compared to the walrus.

[Assessment]: The lizard appears to be significantly smaller than the walrus. A quick visual estimation suggests the lizard is perhaps only about one-tenth the size of the walrus. The difference in scale is quite dramatic.

[Conclusion]: The objects are not depicted in their correct relative sizes. The lizard is significantly smaller than it should be in relation to the walrus."
pair_205.png,Are the objects in their correct relative sizes?,The image shows a small lizard-like reptile and a large shark. The shark is significantly larger than the reptile.,The shark is demonstrably much bigger than the reptile. A visual comparison shows a substantial difference in length and overall size. The shark appears to be at least 5-10 times larger than the reptile.,"Yes, the objects are depicted with their correct relative sizes. The shark is indeed much larger than the reptile.","[Observation]: The image shows a small lizard-like reptile and a large shark. The shark is significantly larger than the reptile.

[Assessment]: The shark is demonstrably much bigger than the reptile. A visual comparison shows a substantial difference in length and overall size. The shark appears to be at least 5-10 times larger than the reptile.

[Conclusion]: Yes, the objects are depicted with their correct relative sizes. The shark is indeed much larger than the reptile."
pair_160.png,Are the objects in their correct relative sizes?,"The lemur is smaller than the rooster. The lemur has a long, striped tail, while the rooster is significantly larger and has prominent feathers.",The lemur appears to be considerably smaller in stature and overall size compared to the rooster. The rooster's size and plumage are much more substantial.,"No, the objects are not in their correct relative sizes. The rooster is much larger than the lemur.","[Observation]: The lemur is smaller than the rooster. The lemur has a long, striped tail, while the rooster is significantly larger and has prominent feathers.

[Assessment]: The lemur appears to be considerably smaller in stature and overall size compared to the rooster. The rooster's size and plumage are much more substantial.

[Conclusion]: No, the objects are not in their correct relative sizes. The rooster is much larger than the lemur."
pair_262.png,Are the objects in their correct relative sizes?,"The image shows a narwhal and a toucan. The narwhal is a large, elongated creature with a prominent tusk, while the toucan is a small, brightly colored bird.",The toucan appears significantly smaller than the narwhal. Its size relative to the narwhal is drastically off. A toucan of this size would be incredibly tiny compared to a narwhal.,"No, the objects are not in their correct relative sizes. The toucan is far too large in proportion to the narwhal.","[Observation]: The image shows a narwhal and a toucan. The narwhal is a large, elongated creature with a prominent tusk, while the toucan is a small, brightly colored bird.

[Assessment]: The toucan appears significantly smaller than the narwhal. Its size relative to the narwhal is drastically off. A toucan of this size would be incredibly tiny compared to a narwhal.

[Conclusion]: No, the objects are not in their correct relative sizes. The toucan is far too large in proportion to the narwhal."
pair_178.png,Are the objects in their correct relative sizes?,The image shows a red panda and a great white shark. The red panda is small and positioned to the left of the shark.,The red panda appears significantly smaller than the great white shark. A visual comparison suggests the panda is roughly one-tenth the size of the shark.,"No, the objects are not in their correct relative sizes. The red panda is much smaller than it should be in proportion to the shark.","[Observation]: The image shows a red panda and a great white shark. The red panda is small and positioned to the left of the shark.

[Assessment]: The red panda appears significantly smaller than the great white shark. A visual comparison suggests the panda is roughly one-tenth the size of the shark.

[Conclusion]: No, the objects are not in their correct relative sizes. The red panda is much smaller than it should be in proportion to the shark."
pair_062.png,Are the objects in their correct relative sizes?,The image shows a large caribou (or reindeer) and a small meerkat.,"The meerkat is significantly smaller than the caribou. The meerkat appears to be roughly the size of a small child, while the caribou is depicted as a large animal, easily towering over the meerkat. The relative proportions in the image seem accurate.","Yes, the objects are depicted in their correct relative sizes.","[Observation]: The image shows a large caribou (or reindeer) and a small meerkat.

[Assessment]: The meerkat is significantly smaller than the caribou. The meerkat appears to be roughly the size of a small child, while the caribou is depicted as a large animal, easily towering over the meerkat. The relative proportions in the image seem accurate.

[Conclusion]: Yes, the objects are depicted in their correct relative sizes."
pair_209.png,Are the objects in their correct relative sizes?,The snow leopard is significantly smaller than the caribou. The snow leopard appears to be roughly half the size of the caribou.,"Based on visual proportions, the snow leopard is noticeably smaller. A typical snow leopard is around 6-8 feet long and weighs 60-165 pounds, while a caribou can be 5-7 feet long and weigh 300-600 pounds. The image accurately reflects these size differences.","Yes, the objects are depicted in their correct relative sizes.","[Observation]: The snow leopard is significantly smaller than the caribou. The snow leopard appears to be roughly half the size of the caribou.
[Assessment]:  Based on visual proportions, the snow leopard is noticeably smaller. A typical snow leopard is around 6-8 feet long and weighs 60-165 pounds, while a caribou can be 5-7 feet long and weigh 300-600 pounds. The image accurately reflects these size differences.
[Conclusion]: Yes, the objects are depicted in their correct relative sizes."
pair_324.png,Are the objects in their correct relative sizes?,"The sloth is significantly larger than the hedgehog. The sloth is hanging from a branch and appears to be quite substantial, while the hedgehog is small and compact.","The sloth's size is exaggerated relative to the hedgehog. In reality, a sloth is considerably larger than a hedgehog. The artist has likely emphasized the sloth's size for visual impact, making it appear more impressive.",The objects are not depicted in their correct relative sizes. The sloth is much larger than it should be compared to the hedgehog.,"[Observation]: The sloth is significantly larger than the hedgehog. The sloth is hanging from a branch and appears to be quite substantial, while the hedgehog is small and compact.

[Assessment]: The sloth's size is exaggerated relative to the hedgehog. In reality, a sloth is considerably larger than a hedgehog. The artist has likely emphasized the sloth's size for visual impact, making it appear more impressive.

[Conclusion]: The objects are not depicted in their correct relative sizes. The sloth is much larger than it should be compared to the hedgehog."
pair_330.png,Are the objects in their correct relative sizes?,The toucan is significantly larger than the hedgehog. The toucan appears to be about three to four times the height of the hedgehog.,"Based on visual proportions, the toucan is clearly much bigger than the hedgehog. The hedgehog is small and compact, while the toucan has a large beak and a substantial body.",The objects are not in their correct relative sizes. The toucan is much too large compared to the hedgehog.,"[Observation]: The toucan is significantly larger than the hedgehog. The toucan appears to be about three to four times the height of the hedgehog.

[Assessment]:  Based on visual proportions, the toucan is clearly much bigger than the hedgehog. The hedgehog is small and compact, while the toucan has a large beak and a substantial body.

[Conclusion]: The objects are not in their correct relative sizes. The toucan is much too large compared to the hedgehog."
pair_293.png,Are the objects in their correct relative sizes?,The kangaroo is significantly larger than the penguin in the image. The kangaroo appears to be about twice as tall as the penguin.,"Kangaroos are known to be large marsupials, typically standing around 60-90 cm tall and weighing 30-60 kg. Penguins are relatively small birds, usually around 30-90 cm tall and weighing 1-4 kg.  Based on the visual representation, the kangaroo's size is exaggerated compared to the penguin, making the kangaroo appear much larger.","No, the objects are not depicted in their correct relative sizes. The kangaroo is significantly larger than it should be in proportion to the penguin.","[Observation]: The kangaroo is significantly larger than the penguin in the image. The kangaroo appears to be about twice as tall as the penguin.

[Assessment]:  Kangaroos are known to be large marsupials, typically standing around 60-90 cm tall and weighing 30-60 kg. Penguins are relatively small birds, usually around 30-90 cm tall and weighing 1-4 kg.  Based on the visual representation, the kangaroo's size is exaggerated compared to the penguin, making the kangaroo appear much larger.

[Conclusion]: No, the objects are not depicted in their correct relative sizes. The kangaroo is significantly larger than it should be in proportion to the penguin."
pair_281.png,Are the objects in their correct relative sizes?,The whale appears to be quite large relative to the background. Its body length seems significantly longer than the space it occupies.,"The whale's proportions appear exaggerated. The body length is much longer than the height of the image, making it seem disproportionately large. The background is a simple, empty white space, which doesn't provide a scale reference.","The objects are not in their correct relative sizes. The whale is significantly oversized compared to the background, suggesting an intentional artistic exaggeration for visual effect.","[Observation]: The whale appears to be quite large relative to the background. Its body length seems significantly longer than the space it occupies.

[Assessment]: The whale's proportions appear exaggerated. The body length is much longer than the height of the image, making it seem disproportionately large. The background is a simple, empty white space, which doesn't provide a scale reference.

[Conclusion]: The objects are not in their correct relative sizes. The whale is significantly oversized compared to the background, suggesting an intentional artistic exaggeration for visual effect."
pair_133.png,Are the objects in their correct relative sizes?,"The badger is significantly larger than the toucan. The toucan is positioned to the right of the badger, appearing much smaller in comparison.","The relative sizes of the animals in the image are not accurate. The toucan is drawn much smaller than the badger, which is a common issue in illustrations where size is not accurately represented. The toucan's beak and body are disproportionately small relative to the badger's size.",The objects are not in their correct relative sizes. The toucan is drawn much smaller than it should be in proportion to the badger.,"[Observation]: The badger is significantly larger than the toucan. The toucan is positioned to the right of the badger, appearing much smaller in comparison.

[Assessment]: The relative sizes of the animals in the image are not accurate. The toucan is drawn much smaller than the badger, which is a common issue in illustrations where size is not accurately represented. The toucan's beak and body are disproportionately small relative to the badger's size.

[Conclusion]: The objects are not in their correct relative sizes. The toucan is drawn much smaller than it should be in proportion to the badger."
pair_199.png,Are the objects in their correct relative sizes?,The image shows a large Komodo dragon and a small platypus. The dragon is significantly larger than the platypus.,"The relative sizes of the animals in the image appear to be somewhat exaggerated. The platypus is depicted as being much smaller than it likely would be in reality. A full-grown platypus is around 45-60 cm (18-24 inches) in length, while the platypus in the image is only about 15 cm (6 inches). The Komodo dragon is depicted as being around 3 meters (10 feet) long, which is a reasonable size for the species. However, the platypus is clearly smaller than it should be.",The objects are not depicted with their correct relative sizes. The platypus is significantly smaller than it should be in comparison to the Komodo dragon.,"[Observation]: The image shows a large Komodo dragon and a small platypus. The dragon is significantly larger than the platypus.

[Assessment]: The relative sizes of the animals in the image appear to be somewhat exaggerated. The platypus is depicted as being much smaller than it likely would be in reality. A full-grown platypus is around 45-60 cm (18-24 inches) in length, while the platypus in the image is only about 15 cm (6 inches). The Komodo dragon is depicted as being around 3 meters (10 feet) long, which is a reasonable size for the species. However, the platypus is clearly smaller than it should be.

[Conclusion]: The objects are not depicted with their correct relative sizes. The platypus is significantly smaller than it should be in comparison to the Komodo dragon."
pair_023.png,Are the objects in their correct relative sizes?,The image shows a large elephant and a small penguin. The elephant is depicted as significantly larger than the penguin.,"The relative sizes of the animals in the image appear to be somewhat exaggerated. The penguin is noticeably smaller than the elephant, but the difference in size is even more pronounced than it realistically would be. A penguin would appear much smaller in comparison to an elephant in real life.",The objects are not depicted in their correct relative sizes. The penguin is significantly smaller than it should be in relation to the elephant.,"[Observation]: The image shows a large elephant and a small penguin. The elephant is depicted as significantly larger than the penguin.

[Assessment]: The relative sizes of the animals in the image appear to be somewhat exaggerated. The penguin is noticeably smaller than the elephant, but the difference in size is even more pronounced than it realistically would be. A penguin would appear much smaller in comparison to an elephant in real life.

[Conclusion]: The objects are not depicted in their correct relative sizes. The penguin is significantly smaller than it should be in relation to the elephant."
pair_025.png,Are the objects in their correct relative sizes?,"The elephant appears significantly larger than the shark. The elephant is depicted as a massive creature, while the shark is small and compact.","Based on visual proportions, the elephant is demonstrably much taller and wider than the shark. The shark is only a small, streamlined shape in comparison to the elephant's bulk.","Yes, the objects are depicted in their correct relative sizes. The elephant is much larger than the shark.","[Observation]: The elephant appears significantly larger than the shark. The elephant is depicted as a massive creature, while the shark is small and compact.
[Assessment]: Based on visual proportions, the elephant is demonstrably much taller and wider than the shark. The shark is only a small, streamlined shape in comparison to the elephant's bulk.
[Conclusion]: Yes, the objects are depicted in their correct relative sizes. The elephant is much larger than the shark."
pair_295.png,Are the objects in their correct relative sizes?,"The kangaroo is significantly larger than the rooster. The rooster is small and compact, while the kangaroo is tall and imposing.",The relative sizes appear to be inaccurate. The rooster is much smaller than the kangaroo in the image. The artist has clearly exaggerated the size of the kangaroo to make it appear more impressive.,The objects are not in their correct relative sizes. The kangaroo is much larger than the rooster depicted in the image.,"[Observation]: The kangaroo is significantly larger than the rooster. The rooster is small and compact, while the kangaroo is tall and imposing.

[Assessment]: The relative sizes appear to be inaccurate. The rooster is much smaller than the kangaroo in the image. The artist has clearly exaggerated the size of the kangaroo to make it appear more impressive.

[Conclusion]: The objects are not in their correct relative sizes. The kangaroo is much larger than the rooster depicted in the image."
pair_006.png,Are the objects in their correct relative sizes?,The image shows a large elephant and two smaller lemurs. The elephant is significantly larger than both the lemurs.,"The relative sizes of the animals in the image are clearly exaggerated. The elephant is depicted as massively large, while the lemurs are tiny in comparison. This is a common technique used in illustrations to emphasize the size difference and create a visually interesting composition.",The objects are not depicted in their correct relative sizes. The illustration intentionally exaggerates the size difference between the elephant and the lemurs for artistic effect.,"[Observation]: The image shows a large elephant and two smaller lemurs. The elephant is significantly larger than both the lemurs.

[Assessment]: The relative sizes of the animals in the image are clearly exaggerated. The elephant is depicted as massively large, while the lemurs are tiny in comparison. This is a common technique used in illustrations to emphasize the size difference and create a visually interesting composition.

[Conclusion]: The objects are not depicted in their correct relative sizes. The illustration intentionally exaggerates the size difference between the elephant and the lemurs for artistic effect."
pair_242.png,Are the objects in their correct relative sizes?,"The image shows a caribou (reindeer) and a walrus. The caribou is a smaller animal with prominent antlers, while the walrus is a much larger, bulky animal with a long nose and tusks.","Based on visual estimation, the walrus appears significantly larger than the caribou. The caribou is roughly the size of a large dog, while the walrus is comparable in size to a small truck. The relative sizes in the image seem to be accurate.","Yes, the objects are depicted in their correct relative sizes.","[Observation]: The image shows a caribou (reindeer) and a walrus. The caribou is a smaller animal with prominent antlers, while the walrus is a much larger, bulky animal with a long nose and tusks.

[Assessment]: Based on visual estimation, the walrus appears significantly larger than the caribou. The caribou is roughly the size of a large dog, while the walrus is comparable in size to a small truck. The relative sizes in the image seem to be accurate.

[Conclusion]: Yes, the objects are depicted in their correct relative sizes."
pair_004.png,Are the objects in their correct relative sizes?,The image shows a large elephant and a smaller hippopotamus. The elephant is significantly larger than the hippopotamus.,"The elephant is clearly much taller and wider than the hippopotamus. The difference in scale is substantial, with the elephant appearing to be at least three to four times larger in height and width.","Yes, the objects are depicted in their correct relative sizes. The elephant is appropriately portrayed as much larger than the hippopotamus.","[Observation]: The image shows a large elephant and a smaller hippopotamus. The elephant is significantly larger than the hippopotamus.

[Assessment]: The elephant is clearly much taller and wider than the hippopotamus. The difference in scale is substantial, with the elephant appearing to be at least three to four times larger in height and width.

[Conclusion]: Yes, the objects are depicted in their correct relative sizes. The elephant is appropriately portrayed as much larger than the hippopotamus."
pair_128.png,Are the objects in their correct relative sizes?,"The image shows a small, dark-colored animal (a badger-like creature) and a much larger, gray animal (a kangaroo).","The badger-like creature is significantly smaller than the kangaroo. The kangaroo appears to be roughly twice the size of the badger, based on the proportions of their bodies and legs.",The objects are not in their correct relative sizes. The badger-like creature is much smaller than it should be compared to the kangaroo in the image.,"[Observation]: The image shows a small, dark-colored animal (a badger-like creature) and a much larger, gray animal (a kangaroo).

[Assessment]: The badger-like creature is significantly smaller than the kangaroo. The kangaroo appears to be roughly twice the size of the badger, based on the proportions of their bodies and legs.

[Conclusion]: The objects are not in their correct relative sizes. The badger-like creature is much smaller than it should be compared to the kangaroo in the image."
pair_309.png,Are the objects in their correct relative sizes?,The image shows a large brown bear and a small platypus. The platypus is positioned significantly smaller than the bear.,The platypus is clearly much smaller than the bear. A visual comparison shows the platypus is roughly one-tenth the size of the bear. The difference in scale is quite dramatic.,The objects are not depicted in their correct relative sizes. The platypus is significantly undersized compared to the bear in the image.,"[Observation]: The image shows a large brown bear and a small platypus. The platypus is positioned significantly smaller than the bear.

[Assessment]: The platypus is clearly much smaller than the bear. A visual comparison shows the platypus is roughly one-tenth the size of the bear. The difference in scale is quite dramatic.

[Conclusion]: The objects are not depicted in their correct relative sizes. The platypus is significantly undersized compared to the bear in the image."
pair_082.png,Are the objects in their correct relative sizes?,The giraffe is significantly taller than the beluga whale. The giraffe appears to be almost twice the height of the whale.,"A giraffe is a terrestrial animal adapted for grazing on high vegetation, requiring a long neck to reach leaves. A beluga whale is an aquatic mammal adapted for swimming and hunting in the ocean. These animals occupy vastly different environments and have evolved to be suited to those environments, resulting in significant differences in size and body structure.","No, the objects are not in their correct relative sizes. The giraffe is much larger than the beluga whale, as expected given their different habitats and adaptations.","[Observation]: The giraffe is significantly taller than the beluga whale. The giraffe appears to be almost twice the height of the whale.
[Assessment]:  A giraffe is a terrestrial animal adapted for grazing on high vegetation, requiring a long neck to reach leaves. A beluga whale is an aquatic mammal adapted for swimming and hunting in the ocean. These animals occupy vastly different environments and have evolved to be suited to those environments, resulting in significant differences in size and body structure.
[Conclusion]: No, the objects are not in their correct relative sizes. The giraffe is much larger than the beluga whale, as expected given their different habitats and adaptations."
pair_306.png,Are the objects in their correct relative sizes?,The platypus is significantly larger than the axolotl. The platypus appears to be roughly twice the height of the axolotl.,"Based on visual estimation, the platypus is considerably larger than the axolotl. The platypus has a much more substantial body and limbs, while the axolotl is small and slender. The difference in scale is quite apparent.","Yes, the objects are depicted in their correct relative sizes.","[Observation]: The platypus is significantly larger than the axolotl. The platypus appears to be roughly twice the height of the axolotl.

[Assessment]: Based on visual estimation, the platypus is considerably larger than the axolotl. The platypus has a much more substantial body and limbs, while the axolotl is small and slender. The difference in scale is quite apparent.

[Conclusion]: Yes, the objects are depicted in their correct relative sizes."
pair_254.png,Are the objects in their correct relative sizes?,The image shows a small deer and a large squid. The squid is significantly larger than the deer.,"The squid is depicted as being much larger than the deer. A typical squid can be several meters long, while a deer is only about 1.5 meters tall. The relative size difference is quite dramatic, and the squid appears to be dwarfing the deer.","No, the objects are not in their correct relative sizes. The squid is significantly larger than the deer.","[Observation]: The image shows a small deer and a large squid. The squid is significantly larger than the deer.

[Assessment]: The squid is depicted as being much larger than the deer. A typical squid can be several meters long, while a deer is only about 1.5 meters tall. The relative size difference is quite dramatic, and the squid appears to be dwarfing the deer.

[Conclusion]: No, the objects are not in their correct relative sizes. The squid is significantly larger than the deer."
pair_100.png,Are the objects in their correct relative sizes?,The image shows a large hippopotamus and a smaller leopard. The hippopotamus is significantly larger than the leopard.,"Based on visual comparison, the hippopotamus appears to be approximately 5-7 times larger than the leopard in terms of height and overall body mass. The leopard is noticeably small in comparison, appearing almost like a kitten next to the massive hippo.","Yes, the objects are depicted with their correct relative sizes in the image.","[Observation]: The image shows a large hippopotamus and a smaller leopard. The hippopotamus is significantly larger than the leopard.

[Assessment]:  Based on visual comparison, the hippopotamus appears to be approximately 5-7 times larger than the leopard in terms of height and overall body mass. The leopard is noticeably small in comparison, appearing almost like a kitten next to the massive hippo.

[Conclusion]: Yes, the objects are depicted with their correct relative sizes in the image."
pair_215.png,Are the objects in their correct relative sizes?,The image shows a large snow leopard and a small platypus. The snow leopard appears to be significantly larger than the platypus.,"Based on visual proportions, the snow leopard is clearly much taller and longer than the platypus. The platypus is depicted as being quite small relative to the snow leopard's size.",The objects are not depicted in their correct relative sizes. The platypus is significantly smaller than the snow leopard in the image.,"[Observation]: The image shows a large snow leopard and a small platypus. The snow leopard appears to be significantly larger than the platypus.

[Assessment]:  Based on visual proportions, the snow leopard is clearly much taller and longer than the platypus. The platypus is depicted as being quite small relative to the snow leopard's size.

[Conclusion]: The objects are not depicted in their correct relative sizes. The platypus is significantly smaller than the snow leopard in the image."
pair_044.png,Are the objects in their correct relative sizes?,"The cheetah is significantly larger than the platypus. The cheetah appears to be standing tall, while the platypus is small and close to the ground.","Based on visual proportions, the cheetah is clearly much taller and longer than the platypus. The platypus is depicted as being quite small in comparison, suggesting a significant size difference.",The objects are not depicted in their correct relative sizes. The cheetah is vastly larger than the platypus.,"[Observation]: The cheetah is significantly larger than the platypus. The cheetah appears to be standing tall, while the platypus is small and close to the ground.

[Assessment]: Based on visual proportions, the cheetah is clearly much taller and longer than the platypus. The platypus is depicted as being quite small in comparison, suggesting a significant size difference.

[Conclusion]: The objects are not depicted in their correct relative sizes. The cheetah is vastly larger than the platypus."
pair_175.png,Are the objects in their correct relative sizes?,"The image shows a red panda and a brown bear side-by-side. The red panda is small and compact, while the bear is large and imposing.","The red panda is significantly smaller than the brown bear.  Based on visual estimation, the bear appears to be roughly 3-4 times larger than the red panda in terms of height and overall body size. The difference in scale is quite dramatic.",The objects are not depicted in their correct relative sizes. The red panda is significantly smaller than the brown bear as shown in the image.,"[Observation]: The image shows a red panda and a brown bear side-by-side. The red panda is small and compact, while the bear is large and imposing.

[Assessment]: The red panda is significantly smaller than the brown bear.  Based on visual estimation, the bear appears to be roughly 3-4 times larger than the red panda in terms of height and overall body size. The difference in scale is quite dramatic.

[Conclusion]: The objects are not depicted in their correct relative sizes. The red panda is significantly smaller than the brown bear as shown in the image."
pair_223.png,Are the objects in their correct relative sizes?,The image shows a large squid and a small leopard.,"The leopard appears significantly smaller than the squid. A leopard typically ranges in size from 4 to 7 feet in length, while the squid in the image appears to be much larger, potentially several feet long. The relative sizes are not accurate.","No, the objects are not in their correct relative sizes. The squid is significantly larger than the leopard.","[Observation]: The image shows a large squid and a small leopard.

[Assessment]: The leopard appears significantly smaller than the squid. A leopard typically ranges in size from 4 to 7 feet in length, while the squid in the image appears to be much larger, potentially several feet long. The relative sizes are not accurate.

[Conclusion]: No, the objects are not in their correct relative sizes. The squid is significantly larger than the leopard."
pair_189.png,Are the objects in their correct relative sizes?,"The panda is significantly larger than the penguin. The panda is sitting and appears to be about the size of a small armchair, while the penguin is much smaller, appearing to be about the size of a large dog.","The relative sizes are not accurate. Pandas are considerably larger than penguins. The illustration exaggerates the penguin's size to make the panda appear larger, which is a common technique in illustrations to create visual interest and emphasize the difference.","The objects are not depicted in their correct relative sizes. The panda is much larger than the penguin, but the illustration intentionally distorts the proportions for artistic effect.","[Observation]: The panda is significantly larger than the penguin. The panda is sitting and appears to be about the size of a small armchair, while the penguin is much smaller, appearing to be about the size of a large dog.

[Assessment]:  The relative sizes are not accurate. Pandas are considerably larger than penguins. The illustration exaggerates the penguin's size to make the panda appear larger, which is a common technique in illustrations to create visual interest and emphasize the difference.

[Conclusion]: The objects are not depicted in their correct relative sizes. The panda is much larger than the penguin, but the illustration intentionally distorts the proportions for artistic effect."
pair_116.png,Are the objects in their correct relative sizes?,"The image shows a hippopotamus and a squid. The hippopotamus is a large, stout mammal with short legs and a wide body. The squid is a long, slender creature with numerous tentacles.","The squid is significantly larger than the hippopotamus in the image. A typical squid can be several meters long, while a hippopotamus is considerably smaller. The relative sizes in the image are not accurate.",The objects are not depicted in their correct relative sizes. The squid is much larger than the hippopotamus.,"[Observation]: The image shows a hippopotamus and a squid. The hippopotamus is a large, stout mammal with short legs and a wide body. The squid is a long, slender creature with numerous tentacles.

[Assessment]: The squid is significantly larger than the hippopotamus in the image. A typical squid can be several meters long, while a hippopotamus is considerably smaller. The relative sizes in the image are not accurate.

[Conclusion]: The objects are not depicted in their correct relative sizes. The squid is much larger than the hippopotamus."
pair_020.png,Are the objects in their correct relative sizes?,The image shows a large elephant and a small snail. The snail is positioned very close to the elephant's feet.,"The snail is significantly smaller than the elephant. Its size is proportionally much smaller, and it appears to be almost at the elephant's feet.","The objects are depicted with a reasonable, albeit exaggerated, relative size difference, suggesting the snail is indeed small compared to the elephant.","[Observation]: The image shows a large elephant and a small snail. The snail is positioned very close to the elephant's feet.

[Assessment]: The snail is significantly smaller than the elephant. Its size is proportionally much smaller, and it appears to be almost at the elephant's feet.

[Conclusion]: The objects are depicted with a reasonable, albeit exaggerated, relative size difference, suggesting the snail is indeed small compared to the elephant."
pair_059.png,Are the objects in their correct relative sizes?,"The image shows a large panda sitting and eating bamboo, with a meerkat standing next to it.","The meerkat is significantly smaller than the panda. The panda's size is exaggerated to be very large, and the meerkat is drawn to be proportionally small, reflecting its actual size relative to the panda.","Yes, the objects are depicted with their correct relative sizes.","[Observation]: The image shows a large panda sitting and eating bamboo, with a meerkat standing next to it.

[Assessment]: The meerkat is significantly smaller than the panda. The panda's size is exaggerated to be very large, and the meerkat is drawn to be proportionally small, reflecting its actual size relative to the panda.

[Conclusion]: Yes, the objects are depicted with their correct relative sizes."
pair_203.png,Are the objects in their correct relative sizes?,The dragon is significantly smaller than the bear. The dragon appears to be roughly half the size of the bear.,"Based on visual comparison, the dragon is clearly much smaller than the bear. The difference in scale is substantial, with the bear appearing to be several times larger in height and length.",The objects are not depicted in their correct relative sizes. The dragon is significantly undersized compared to the bear in the image.,"[Observation]: The dragon is significantly smaller than the bear. The dragon appears to be roughly half the size of the bear.
[Assessment]: Based on visual comparison, the dragon is clearly much smaller than the bear. The difference in scale is substantial, with the bear appearing to be several times larger in height and length.
[Conclusion]: The objects are not depicted in their correct relative sizes. The dragon is significantly undersized compared to the bear in the image."
pair_122.png,Are the objects in their correct relative sizes?,The image shows a honey badger on the left and a snow leopard on the right. The honey badger is significantly smaller than the snow leopard.,A visual comparison of the two animals indicates a substantial size difference. The honey badger appears to be roughly half the size of the snow leopard.  The snow leopard is clearly much larger and more imposing.,"Yes, the objects are depicted in their correct relative sizes. The honey badger is noticeably smaller than the snow leopard.","[Observation]: The image shows a honey badger on the left and a snow leopard on the right. The honey badger is significantly smaller than the snow leopard.

[Assessment]:  A visual comparison of the two animals indicates a substantial size difference. The honey badger appears to be roughly half the size of the snow leopard.  The snow leopard is clearly much larger and more imposing.

[Conclusion]: Yes, the objects are depicted in their correct relative sizes. The honey badger is noticeably smaller than the snow leopard."
pair_103.png,Are the objects in their correct relative sizes?,"The hippopotamus is significantly larger than the narwhal. The narwhal is positioned to the right of the hippopotamus, appearing smaller in comparison.","Based on visual perception, the narwhal is noticeably smaller than the hippopotamus.  The difference in scale is quite apparent, with the narwhal appearing almost miniature next to the massive hippopotamus.",The objects are not depicted in their correct relative sizes. The narwhal is significantly undersized compared to the hippopotamus in the image.,"[Observation]: The hippopotamus is significantly larger than the narwhal. The narwhal is positioned to the right of the hippopotamus, appearing smaller in comparison.

[Assessment]:  Based on visual perception, the narwhal is noticeably smaller than the hippopotamus.  The difference in scale is quite apparent, with the narwhal appearing almost miniature next to the massive hippopotamus.

[Conclusion]: The objects are not depicted in their correct relative sizes. The narwhal is significantly undersized compared to the hippopotamus in the image."
pair_213.png,Are the objects in their correct relative sizes?,The image shows a snow leopard and a kangaroo side-by-side. The snow leopard is significantly smaller than the kangaroo.,"Based on visual comparison, the snow leopard appears to be roughly half the size of the kangaroo. The kangaroo's legs and overall body length are considerably longer than the leopard's.","Yes, the objects are depicted in their correct relative sizes. The snow leopard is noticeably smaller than the kangaroo as it should be.","[Observation]: The image shows a snow leopard and a kangaroo side-by-side. The snow leopard is significantly smaller than the kangaroo.

[Assessment]:  Based on visual comparison, the snow leopard appears to be roughly half the size of the kangaroo. The kangaroo's legs and overall body length are considerably longer than the leopard's.

[Conclusion]: Yes, the objects are depicted in their correct relative sizes. The snow leopard is noticeably smaller than the kangaroo as it should be."
pair_227.png,Are the objects in their correct relative sizes?,"The camel is significantly larger than the walrus. The camel appears to be standing tall, while the walrus is low to the ground.","Based on visual estimation, the camel's height and overall size appear to be considerably greater than the walrus. The walrus is compact and stout, while the camel is tall and slender.","No, the objects are not in their correct relative sizes. The camel is much larger than the walrus.","[Observation]: The camel is significantly larger than the walrus. The camel appears to be standing tall, while the walrus is low to the ground.

[Assessment]: Based on visual estimation, the camel's height and overall size appear to be considerably greater than the walrus. The walrus is compact and stout, while the camel is tall and slender.

[Conclusion]: No, the objects are not in their correct relative sizes. The camel is much larger than the walrus."
pair_067.png,Are the objects in their correct relative sizes?,"The image shows a large brown bear and a small meerkat. The meerkat is positioned to the left of the bear, appearing significantly smaller.","Based on visual estimation, the meerkat appears to be approximately one-tenth the size of the bear. The difference in scale is quite dramatic, with the bear towering over the meerkat.",The objects are not depicted in their correct relative sizes. The meerkat is significantly smaller than it should be in comparison to the bear.,"[Observation]: The image shows a large brown bear and a small meerkat. The meerkat is positioned to the left of the bear, appearing significantly smaller.

[Assessment]: Based on visual estimation, the meerkat appears to be approximately one-tenth the size of the bear. The difference in scale is quite dramatic, with the bear towering over the meerkat.

[Conclusion]: The objects are not depicted in their correct relative sizes. The meerkat is significantly smaller than it should be in comparison to the bear."
pair_222.png,Are the objects in their correct relative sizes?,"The image shows a leopard and a great white shark. The leopard is a small, crouching animal, while the shark is a large, elongated fish.",The leopard appears significantly smaller than the shark. A visual estimation suggests the shark is at least 5-6 times larger than the leopard in terms of length and overall size. The relative proportions in the image seem accurate.,"Yes, the objects are depicted with their correct relative sizes.","[Observation]: The image shows a leopard and a great white shark. The leopard is a small, crouching animal, while the shark is a large, elongated fish.

[Assessment]: The leopard appears significantly smaller than the shark. A visual estimation suggests the shark is at least 5-6 times larger than the leopard in terms of length and overall size. The relative proportions in the image seem accurate.

[Conclusion]: Yes, the objects are depicted with their correct relative sizes."
pair_188.png,Are the objects in their correct relative sizes?,"The image shows a panda and a bear. The panda is sitting and appears smaller than the bear, which is standing.","The panda is significantly smaller than the bear. A visual comparison shows a clear difference in size, with the bear being much larger and taller. The panda is depicted with a single bamboo stalk, further emphasizing its diminutive size relative to the bear.","Yes, the objects are depicted in their correct relative sizes. The bear is substantially larger than the panda.","[Observation]: The image shows a panda and a bear. The panda is sitting and appears smaller than the bear, which is standing.

[Assessment]: The panda is significantly smaller than the bear. A visual comparison shows a clear difference in size, with the bear being much larger and taller. The panda is depicted with a single bamboo stalk, further emphasizing its diminutive size relative to the bear.

[Conclusion]: Yes, the objects are depicted in their correct relative sizes. The bear is substantially larger than the panda."
pair_165.png,Are the objects in their correct relative sizes?,"The image shows a red panda and a caribou (reindeer). The red panda is small and positioned close to the caribou, appearing much smaller.","The relative sizes of the animals in the image are significantly skewed. The red panda is dramatically smaller than the caribou. A realistic depiction would show a much larger difference in size between the two animals. The artist has clearly exaggerated the size difference for visual effect, likely to emphasize the contrast.","No, the objects are not in their correct relative sizes. The red panda is significantly smaller than it should be in proportion to the caribou.","[Observation]: The image shows a red panda and a caribou (reindeer). The red panda is small and positioned close to the caribou, appearing much smaller.

[Assessment]: The relative sizes of the animals in the image are significantly skewed. The red panda is dramatically smaller than the caribou. A realistic depiction would show a much larger difference in size between the two animals. The artist has clearly exaggerated the size difference for visual effect, likely to emphasize the contrast.

[Conclusion]: No, the objects are not in their correct relative sizes. The red panda is significantly smaller than it should be in proportion to the caribou."
pair_220.png,Are the objects in their correct relative sizes?,"The image shows a snow leopard and a penguin side-by-side. The snow leopard is depicted as a large animal, while the penguin is a small bird.",The penguin is significantly smaller than the snow leopard. A visual comparison shows the penguin is roughly one-tenth the size of the leopard.,"No, the objects are not depicted in their correct relative sizes. The penguin is far too large in comparison to the snow leopard.","[Observation]: The image shows a snow leopard and a penguin side-by-side. The snow leopard is depicted as a large animal, while the penguin is a small bird.

[Assessment]: The penguin is significantly smaller than the snow leopard. A visual comparison shows the penguin is roughly one-tenth the size of the leopard.

[Conclusion]: No, the objects are not depicted in their correct relative sizes. The penguin is far too large in comparison to the snow leopard."
pair_336.png,Are the objects in their correct relative sizes?,The image shows a brown bear and a great white shark side-by-side. The bear is depicted as smaller than the shark.,"The relative sizes of the bear and shark appear to be significantly different. The shark is considerably larger and longer than the bear. A typical adult great white shark can be 15-20 feet long and weigh several tons, while a brown bear is typically 4-7 feet long and weighs 300-600 pounds.",The objects are not depicted in their correct relative sizes. The shark is much larger than the bear.,"[Observation]: The image shows a brown bear and a great white shark side-by-side. The bear is depicted as smaller than the shark.

[Assessment]: The relative sizes of the bear and shark appear to be significantly different. The shark is considerably larger and longer than the bear. A typical adult great white shark can be 15-20 feet long and weigh several tons, while a brown bear is typically 4-7 feet long and weighs 300-600 pounds.

[Conclusion]: The objects are not depicted in their correct relative sizes. The shark is much larger than the bear."
pair_290.png,Are the objects in their correct relative sizes?,"The kangaroo is significantly larger than the platypus. The kangaroo appears to be standing upright, while the platypus is lying on the ground.","The kangaroo's height and overall size are clearly much greater than the platypus. The platypus is depicted as a small, low-lying animal, which is a reasonable representation of its actual size relative to a kangaroo.","Yes, the objects are depicted in their correct relative sizes.","[Observation]: The kangaroo is significantly larger than the platypus. The kangaroo appears to be standing upright, while the platypus is lying on the ground.

[Assessment]: The kangaroo's height and overall size are clearly much greater than the platypus. The platypus is depicted as a small, low-lying animal, which is a reasonable representation of its actual size relative to a kangaroo.

[Conclusion]: Yes, the objects are depicted in their correct relative sizes."
pair_320.png,Are the objects in their correct relative sizes?,The image shows a large squid with long tentacles and a relatively large head. The tentacles are significantly longer than the body.,The relative sizes appear to be somewhat distorted. The tentacles are disproportionately long compared to the body and head. A real squid's tentacles are typically not this dramatically extended relative to the rest of the body. The head also appears larger than it realistically would be.,"The objects are not in their correct relative sizes. The tentacles are exaggeratedly long, and the head is comparatively large, suggesting a potential artistic license taken in the illustration.","[Observation]: The image shows a large squid with long tentacles and a relatively large head. The tentacles are significantly longer than the body.

[Assessment]: The relative sizes appear to be somewhat distorted. The tentacles are disproportionately long compared to the body and head. A real squid's tentacles are typically not this dramatically extended relative to the rest of the body. The head also appears larger than it realistically would be.

[Conclusion]: The objects are not in their correct relative sizes. The tentacles are exaggeratedly long, and the head is comparatively large, suggesting a potential artistic license taken in the illustration."
pair_238.png,Are the objects in their correct relative sizes?,"The image shows a camel and a shark. The camel is a large, brown animal with humps, and the shark is a grey, streamlined fish with a prominent dorsal fin.",The shark appears significantly larger than the camel. A visual estimation suggests the shark is at least three to four times the height of the camel. The shark's length also appears to be considerably greater.,"No, the objects are not depicted in their correct relative sizes. The shark is much larger than the camel in the image.","[Observation]: The image shows a camel and a shark. The camel is a large, brown animal with humps, and the shark is a grey, streamlined fish with a prominent dorsal fin.

[Assessment]: The shark appears significantly larger than the camel. A visual estimation suggests the shark is at least three to four times the height of the camel. The shark's length also appears to be considerably greater.

[Conclusion]: No, the objects are not depicted in their correct relative sizes. The shark is much larger than the camel in the image."
pair_031.png,Are the objects in their correct relative sizes?,The image shows a cheetah and a honey badger. The cheetah is significantly larger than the honey badger.,"The cheetah is depicted as a large, muscular animal with a long body and legs, while the honey badger is small, stout, and compact. A visual comparison clearly shows a substantial difference in size between the two animals.","Yes, the objects are depicted with their correct relative sizes. The cheetah is much larger than the honey badger.","[Observation]: The image shows a cheetah and a honey badger. The cheetah is significantly larger than the honey badger.

[Assessment]: The cheetah is depicted as a large, muscular animal with a long body and legs, while the honey badger is small, stout, and compact. A visual comparison clearly shows a substantial difference in size between the two animals.

[Conclusion]: Yes, the objects are depicted with their correct relative sizes. The cheetah is much larger than the honey badger."
pair_051.png,Are the objects in their correct relative sizes?,"The image shows a cheetah and a great white shark. The cheetah is a small, spotted animal standing on its hind legs, while the shark is a large, elongated fish with a prominent dorsal fin.","The cheetah appears significantly smaller than the shark. The relative sizes of the animals in the image are not accurate. The cheetah is much smaller than the shark, and the shark appears to be considerably larger.",The objects are not depicted in their correct relative sizes. The shark is much larger than the cheetah.,"[Observation]: The image shows a cheetah and a great white shark. The cheetah is a small, spotted animal standing on its hind legs, while the shark is a large, elongated fish with a prominent dorsal fin.

[Assessment]: The cheetah appears significantly smaller than the shark. The relative sizes of the animals in the image are not accurate. The cheetah is much smaller than the shark, and the shark appears to be considerably larger.

[Conclusion]: The objects are not depicted in their correct relative sizes. The shark is much larger than the cheetah."
pair_069.png,Are the objects in their correct relative sizes?,The meerkat is significantly taller than the hedgehog. The hedgehog is much smaller and closer to the ground.,"Based on visual proportions, the meerkat appears to be roughly twice the height of the hedgehog. The hedgehog's size seems appropriately scaled to the meerkat's.","Yes, the objects are depicted in their correct relative sizes.","[Observation]: The meerkat is significantly taller than the hedgehog. The hedgehog is much smaller and closer to the ground.
[Assessment]: Based on visual proportions, the meerkat appears to be roughly twice the height of the hedgehog. The hedgehog's size seems appropriately scaled to the meerkat's.
[Conclusion]: Yes, the objects are depicted in their correct relative sizes."
pair_228.png,Are the objects in their correct relative sizes?,"The image shows a camel and a beluga whale. The camel is depicted as a medium-sized animal with a hump, while the beluga whale is shown as a very large, elongated animal.","The beluga whale is significantly larger than the camel. A quick visual estimation suggests the whale is at least 5-6 times larger than the camel in terms of length and overall size. The relative proportions in the image appear to be exaggerated, but the fundamental size difference is accurate.",The objects are not depicted in their correct relative sizes. The beluga whale is vastly larger than the camel.,"[Observation]: The image shows a camel and a beluga whale. The camel is depicted as a medium-sized animal with a hump, while the beluga whale is shown as a very large, elongated animal.

[Assessment]: The beluga whale is significantly larger than the camel. A quick visual estimation suggests the whale is at least 5-6 times larger than the camel in terms of length and overall size. The relative proportions in the image appear to be exaggerated, but the fundamental size difference is accurate.

[Conclusion]: The objects are not depicted in their correct relative sizes. The beluga whale is vastly larger than the camel."
pair_312.png,Are the objects in their correct relative sizes?,The image shows a large shark and a small dog.,"The dog is significantly smaller than the shark. The shark appears to be much larger in length and width, and its body is proportionally larger compared to the dog.",The objects are not depicted in their correct relative sizes. The shark is significantly larger than the dog in the image.,"[Observation]: The image shows a large shark and a small dog.

[Assessment]: The dog is significantly smaller than the shark. The shark appears to be much larger in length and width, and its body is proportionally larger compared to the dog.

[Conclusion]: The objects are not depicted in their correct relative sizes. The shark is significantly larger than the dog in the image."
pair_045.png,Are the objects in their correct relative sizes?,"The image shows a cheetah and an axolotl. The cheetah is a large, muscular animal, while the axolotl is a small, salamander-like creature.",The axolotl is significantly smaller than the cheetah. It appears to be roughly the size of a small toy or a large insect compared to the cheetah.,The objects are not depicted in their correct relative sizes. The axolotl is vastly too large in comparison to the cheetah.,"[Observation]: The image shows a cheetah and an axolotl. The cheetah is a large, muscular animal, while the axolotl is a small, salamander-like creature.

[Assessment]: The axolotl is significantly smaller than the cheetah. It appears to be roughly the size of a small toy or a large insect compared to the cheetah.

[Conclusion]: The objects are not depicted in their correct relative sizes. The axolotl is vastly too large in comparison to the cheetah."
pair_323.png,Are the objects in their correct relative sizes?,"The sloth is significantly smaller than the bear. The sloth is holding a small stick, which is also smaller than the bear.","Based on visual estimation, the sloth appears to be roughly one-tenth the size of the bear. The stick is proportionally smaller as well, reinforcing the size difference.","The objects are not depicted in their correct relative sizes. The sloth is significantly smaller than the bear, and the stick is also much smaller than both.","[Observation]: The sloth is significantly smaller than the bear. The sloth is holding a small stick, which is also smaller than the bear.
[Assessment]: Based on visual estimation, the sloth appears to be roughly one-tenth the size of the bear. The stick is proportionally smaller as well, reinforcing the size difference.
[Conclusion]: The objects are not depicted in their correct relative sizes. The sloth is significantly smaller than the bear, and the stick is also much smaller than both."
pair_114.png,Are the objects in their correct relative sizes?,The image shows a large hippopotamus and a small hedgehog. The hedgehog is positioned to the right of the hippopotamus.,The hedgehog appears significantly smaller than the hippopotamus. A visual comparison suggests the hedgehog is roughly the size of a small toy or a large pebble in relation to the massive hippopotamus.,The objects are not in their correct relative sizes. The hedgehog is drastically undersized compared to the hippopotamus.,"[Observation]: The image shows a large hippopotamus and a small hedgehog. The hedgehog is positioned to the right of the hippopotamus.

[Assessment]: The hedgehog appears significantly smaller than the hippopotamus. A visual comparison suggests the hedgehog is roughly the size of a small toy or a large pebble in relation to the massive hippopotamus.

[Conclusion]: The objects are not in their correct relative sizes. The hedgehog is drastically undersized compared to the hippopotamus."
pair_005.png,Are the objects in their correct relative sizes?,The elephant is significantly larger than the honey badger. The elephant appears to be towering over the badger.,"Based on visual proportions, the elephant is demonstrably much bigger than the honey badger. The badger is tiny in comparison, appearing almost miniature next to the elephant.","Yes, the objects are depicted in their correct relative sizes.","[Observation]: The elephant is significantly larger than the honey badger. The elephant appears to be towering over the badger.
[Assessment]: Based on visual proportions, the elephant is demonstrably much bigger than the honey badger. The badger is tiny in comparison, appearing almost miniature next to the elephant.
[Conclusion]: Yes, the objects are depicted in their correct relative sizes."
pair_273.png,Are the objects in their correct relative sizes?,The image shows a large walrus and a small toucan. The walrus is significantly larger than the toucan.,"The relative sizes of the animals in the image appear to be inaccurate. The toucan is much smaller than the walrus, which is a common depiction of the animals. The toucan is positioned close to the walrus, but it is clearly dwarfed by the massive size of the walrus.",The objects are not in their correct relative sizes. The toucan is significantly smaller than the walrus.,"[Observation]: The image shows a large walrus and a small toucan. The walrus is significantly larger than the toucan.

[Assessment]: The relative sizes of the animals in the image appear to be inaccurate. The toucan is much smaller than the walrus, which is a common depiction of the animals. The toucan is positioned close to the walrus, but it is clearly dwarfed by the massive size of the walrus.

[Conclusion]: The objects are not in their correct relative sizes. The toucan is significantly smaller than the walrus."
pair_229.png,Are the objects in their correct relative sizes?,The image shows a camel and a kangaroo. The camel is significantly larger than the kangaroo.,"A camel is considerably larger than a kangaroo.  Based on visual proportions, the camel appears to be roughly three to four times the height of the kangaroo.  The camel's legs are also much more substantial.",The objects are not depicted in their correct relative sizes. The camel is significantly larger than the kangaroo in the image.,"[Observation]: The image shows a camel and a kangaroo. The camel is significantly larger than the kangaroo.

[Assessment]:  A camel is considerably larger than a kangaroo.  Based on visual proportions, the camel appears to be roughly three to four times the height of the kangaroo.  The camel's legs are also much more substantial.

[Conclusion]: The objects are not depicted in their correct relative sizes. The camel is significantly larger than the kangaroo in the image."
pair_248.png,Are the objects in their correct relative sizes?,The reindeer is significantly larger than the sloth. The sloth is hanging from a stick that is also much larger than the sloth itself.,"The relative sizes appear to be somewhat distorted. The sloth is noticeably smaller than the reindeer, and the stick is also exaggerated in size. This suggests an artistic license has been taken to emphasize the contrast in size.",The objects are not depicted with their correct relative sizes. The artist has likely exaggerated the size of the reindeer and the stick to create a more visually striking image.,"[Observation]: The reindeer is significantly larger than the sloth. The sloth is hanging from a stick that is also much larger than the sloth itself.

[Assessment]: The relative sizes appear to be somewhat distorted. The sloth is noticeably smaller than the reindeer, and the stick is also exaggerated in size. This suggests an artistic license has been taken to emphasize the contrast in size.

[Conclusion]: The objects are not depicted with their correct relative sizes. The artist has likely exaggerated the size of the reindeer and the stick to create a more visually striking image."
pair_084.png,Are the objects in their correct relative sizes?,The image shows a giraffe and a koala. The giraffe is significantly taller than the koala.,"The koala is depicted as very small relative to the giraffe. A visual comparison shows a clear difference in height, with the giraffe towering over the koala.",The objects are not depicted in their correct relative sizes. The koala is significantly smaller than it should be compared to the giraffe.,"[Observation]: The image shows a giraffe and a koala. The giraffe is significantly taller than the koala.

[Assessment]: The koala is depicted as very small relative to the giraffe. A visual comparison shows a clear difference in height, with the giraffe towering over the koala.

[Conclusion]: The objects are not depicted in their correct relative sizes. The koala is significantly smaller than it should be compared to the giraffe."
pair_106.png,Are the objects in their correct relative sizes?,The image shows a large hippopotamus and a smaller kangaroo. The hippopotamus is significantly larger than the kangaroo.,"The kangaroo is noticeably smaller than the hippopotamus. A visual comparison indicates a substantial difference in size, with the hippopotamus appearing to be at least five to six times larger than the kangaroo.",The objects are not depicted in their correct relative sizes. The kangaroo is significantly smaller than the hippopotamus in the image.,"[Observation]: The image shows a large hippopotamus and a smaller kangaroo. The hippopotamus is significantly larger than the kangaroo.

[Assessment]: The kangaroo is noticeably smaller than the hippopotamus. A visual comparison indicates a substantial difference in size, with the hippopotamus appearing to be at least five to six times larger than the kangaroo.

[Conclusion]: The objects are not depicted in their correct relative sizes. The kangaroo is significantly smaller than the hippopotamus in the image."
pair_233.png,Are the objects in their correct relative sizes?,"The image shows a camel and a sloth. The sloth is positioned directly below the camel, appearing to be resting on its back.","The sloth appears significantly larger than the camel. A typical sloth is considerably bigger than a camel, especially when considering its length and overall mass. The sloth's arm is also proportionally much longer than the camel's leg.","No, the objects are not in their correct relative sizes. The sloth is depicted as being much larger than the camel.","[Observation]: The image shows a camel and a sloth. The sloth is positioned directly below the camel, appearing to be resting on its back.

[Assessment]: The sloth appears significantly larger than the camel. A typical sloth is considerably bigger than a camel, especially when considering its length and overall mass. The sloth's arm is also proportionally much longer than the camel's leg.

[Conclusion]: No, the objects are not in their correct relative sizes. The sloth is depicted as being much larger than the camel."
pair_322.png,Are the objects in their correct relative sizes?,"The sloth is significantly larger than the toucan. The sloth appears to be hanging from a branch, and its body is much more substantial and takes up a larger portion of the image compared to the toucan. The toucan is small and compact, perched on a small branch.","The relative sizes of the animals in the image are not accurate. The sloth is depicted as much larger than the toucan, which is a common misconception due to the sloth's bulkier build. The toucan is a relatively small bird, and the sloth is a large mammal.","No, the objects are not in their correct relative sizes. The sloth is much larger than the toucan.","[Observation]: The sloth is significantly larger than the toucan. The sloth appears to be hanging from a branch, and its body is much more substantial and takes up a larger portion of the image compared to the toucan. The toucan is small and compact, perched on a small branch.

[Assessment]: The relative sizes of the animals in the image are not accurate. The sloth is depicted as much larger than the toucan, which is a common misconception due to the sloth's bulkier build. The toucan is a relatively small bird, and the sloth is a large mammal.

[Conclusion]: No, the objects are not in their correct relative sizes. The sloth is much larger than the toucan."
pair_340.png,Are the objects in their correct relative sizes?,"The penguin is significantly taller than the rooster. The rooster is standing on its legs, while the penguin is standing with its body extended.","The penguin appears to be much larger in height and overall size compared to the rooster. The rooster's legs are relatively short, making it appear smaller in proportion to the penguin.","No, the objects are not in their correct relative sizes. The penguin is considerably larger than the rooster.","[Observation]: The penguin is significantly taller than the rooster. The rooster is standing on its legs, while the penguin is standing with its body extended.

[Assessment]:  The penguin appears to be much larger in height and overall size compared to the rooster. The rooster's legs are relatively short, making it appear smaller in proportion to the penguin.

[Conclusion]: No, the objects are not in their correct relative sizes. The penguin is considerably larger than the rooster."
pair_071.png,Are the objects in their correct relative sizes?,The image shows a giraffe and a hippopotamus side-by-side. The giraffe is significantly taller than the hippopotamus.,"A giraffe is known for its exceptionally long neck and legs, which result in a much greater overall height compared to most other animals, including hippos. The relative sizes in the image accurately reflect this difference. The giraffe appears much larger and taller than the hippopotamus.","Yes, the objects are depicted in their correct relative sizes.","[Observation]: The image shows a giraffe and a hippopotamus side-by-side. The giraffe is significantly taller than the hippopotamus.

[Assessment]:  A giraffe is known for its exceptionally long neck and legs, which result in a much greater overall height compared to most other animals, including hippos. The relative sizes in the image accurately reflect this difference. The giraffe appears much larger and taller than the hippopotamus.

[Conclusion]: Yes, the objects are depicted in their correct relative sizes."
pair_206.png,Are the objects in their correct relative sizes?,"The image shows a small lizard and a large squid. The lizard is positioned to the left of the squid, appearing significantly smaller.",The lizard is depicted as being much smaller than the squid. A reasonable estimate would be that the lizard is approximately 1/8th the size of the squid. The squid's length is significantly greater than the lizard's length.,"The objects are not depicted in their correct relative sizes. The squid is significantly larger than the lizard, and the lizard appears to be much smaller than it should be in relation to the squid.","[Observation]: The image shows a small lizard and a large squid. The lizard is positioned to the left of the squid, appearing significantly smaller.

[Assessment]: The lizard is depicted as being much smaller than the squid. A reasonable estimate would be that the lizard is approximately 1/8th the size of the squid. The squid's length is significantly greater than the lizard's length.

[Conclusion]: The objects are not depicted in their correct relative sizes. The squid is significantly larger than the lizard, and the lizard appears to be much smaller than it should be in relation to the squid."
pair_038.png,Are the objects in their correct relative sizes?,"The cheetah is significantly smaller than the reindeer. The cheetah appears to be roughly the size of a large dog, while the reindeer is much taller and larger overall.","The cheetah is a relatively small predator, while reindeer are large ungulates.  Based on visual proportions, the cheetah is clearly much smaller than the reindeer.  The reindeer's height and overall bulk are considerably greater.","No, the objects are not in their correct relative sizes. The cheetah is significantly smaller than the reindeer.","[Observation]: The cheetah is significantly smaller than the reindeer. The cheetah appears to be roughly the size of a large dog, while the reindeer is much taller and larger overall.

[Assessment]:  The cheetah is a relatively small predator, while reindeer are large ungulates.  Based on visual proportions, the cheetah is clearly much smaller than the reindeer.  The reindeer's height and overall bulk are considerably greater.

[Conclusion]: No, the objects are not in their correct relative sizes. The cheetah is significantly smaller than the reindeer."
pair_125.png,Are the objects in their correct relative sizes?,"The image shows a narwhal, a polar bear, and a dog. The dog is small, the narwhal is large, and the polar bear is medium-sized.","The relative sizes appear to be somewhat inaccurate. The polar bear is significantly smaller than it should be compared to the narwhal. The dog is also noticeably smaller than it should be relative to the narwhal. The scale seems off, particularly with the polar bear.","No, the objects are not depicted in their correct relative sizes. The polar bear is disproportionately small.","[Observation]: The image shows a narwhal, a polar bear, and a dog. The dog is small, the narwhal is large, and the polar bear is medium-sized.

[Assessment]: The relative sizes appear to be somewhat inaccurate. The polar bear is significantly smaller than it should be compared to the narwhal. The dog is also noticeably smaller than it should be relative to the narwhal. The scale seems off, particularly with the polar bear.

[Conclusion]: No, the objects are not depicted in their correct relative sizes. The polar bear is disproportionately small."
pair_137.png,Are the objects in their correct relative sizes?,"The image shows a large shark and two smaller animals, one appearing to be a seal and the other a small dog.","The shark is significantly larger than both the seal and the dog. The dog is noticeably smaller than the seal, which is itself smaller than the shark. The relative sizes appear to be somewhat distorted, with the shark being disproportionately large.",The objects are not depicted in their correct relative sizes. The shark is much too large compared to the other two animals.,"[Observation]: The image shows a large shark and two smaller animals, one appearing to be a seal and the other a small dog.

[Assessment]: The shark is significantly larger than both the seal and the dog. The dog is noticeably smaller than the seal, which is itself smaller than the shark. The relative sizes appear to be somewhat distorted, with the shark being disproportionately large.

[Conclusion]: The objects are not depicted in their correct relative sizes. The shark is much too large compared to the other two animals."
pair_148.png,Are the objects in their correct relative sizes?,"The image shows a large beluga whale and a small lemur. The lemur is positioned close to the whale, appearing significantly smaller.","The lemur is clearly much smaller than the beluga whale. A typical lemur is around 15-20 inches in length, while the beluga whale in the image appears to be several meters long. The relative size difference is quite pronounced.",The objects are not depicted in their correct relative sizes. The lemur is significantly oversized compared to the beluga whale.,"[Observation]: The image shows a large beluga whale and a small lemur. The lemur is positioned close to the whale, appearing significantly smaller.

[Assessment]: The lemur is clearly much smaller than the beluga whale. A typical lemur is around 15-20 inches in length, while the beluga whale in the image appears to be several meters long. The relative size difference is quite pronounced.

[Conclusion]: The objects are not depicted in their correct relative sizes. The lemur is significantly oversized compared to the beluga whale."
pair_155.png,Are the objects in their correct relative sizes?,"The image depicts a large brown bear and a small lemur. The lemur is positioned to the left of the bear, appearing significantly smaller.","Based on visual estimation, the lemur appears to be approximately one-tenth the size of the bear. The difference in scale is quite dramatic, with the bear towering over the lemur.",The objects are not depicted in their correct relative sizes. The lemur is significantly smaller than the bear in the image.,"[Observation]: The image depicts a large brown bear and a small lemur. The lemur is positioned to the left of the bear, appearing significantly smaller.

[Assessment]: Based on visual estimation, the lemur appears to be approximately one-tenth the size of the bear. The difference in scale is quite dramatic, with the bear towering over the lemur.

[Conclusion]: The objects are not depicted in their correct relative sizes. The lemur is significantly smaller than the bear in the image."
pair_013.png,Are the objects in their correct relative sizes?,The elephant is significantly larger than the narwhal. The elephant appears to be roughly twice the size of the narwhal.,"The image clearly depicts a large elephant and a small narwhal. The relative sizes are visually accurate, with the elephant being substantially bigger than the narwhal.  The scale is consistent with the known sizes of these animals.","Yes, the objects are depicted in their correct relative sizes.","[Observation]: The elephant is significantly larger than the narwhal. The elephant appears to be roughly twice the size of the narwhal.
[Assessment]:  The image clearly depicts a large elephant and a small narwhal. The relative sizes are visually accurate, with the elephant being substantially bigger than the narwhal.  The scale is consistent with the known sizes of these animals.
[Conclusion]: Yes, the objects are depicted in their correct relative sizes."
pair_029.png,Are the objects in their correct relative sizes?,The image shows a giraffe and a cheetah. The giraffe is significantly taller than the cheetah.,"The relative sizes of the animals in the image appear to be somewhat distorted. The cheetah is drawn much smaller than it realistically should be compared to the giraffe. A cheetah is typically around 4-6 feet tall, while the cheetah in the image appears to be about half that size. The giraffe is drawn to a more accurate scale.",The objects are not in their correct relative sizes. The cheetah is drawn significantly smaller than it should be in proportion to the giraffe.,"[Observation]: The image shows a giraffe and a cheetah. The giraffe is significantly taller than the cheetah.

[Assessment]: The relative sizes of the animals in the image appear to be somewhat distorted. The cheetah is drawn much smaller than it realistically should be compared to the giraffe. A cheetah is typically around 4-6 feet tall, while the cheetah in the image appears to be about half that size. The giraffe is drawn to a more accurate scale.

[Conclusion]: The objects are not in their correct relative sizes. The cheetah is drawn significantly smaller than it should be in proportion to the giraffe."
pair_169.png,Are the objects in their correct relative sizes?,"The image shows a red panda and a kangaroo. The red panda is small and crouching, while the kangaroo is tall and standing upright.",The kangaroo is significantly larger than the red panda. A quick visual estimation suggests the kangaroo is approximately 5-6 times larger than the red panda in terms of height and overall size. The relative proportions of their limbs and bodies also appear to be vastly different.,"Yes, the objects are depicted in their correct relative sizes. The kangaroo is demonstrably much larger than the red panda.","[Observation]: The image shows a red panda and a kangaroo. The red panda is small and crouching, while the kangaroo is tall and standing upright.

[Assessment]: The kangaroo is significantly larger than the red panda. A quick visual estimation suggests the kangaroo is approximately 5-6 times larger than the red panda in terms of height and overall size. The relative proportions of their limbs and bodies also appear to be vastly different.

[Conclusion]: Yes, the objects are depicted in their correct relative sizes. The kangaroo is demonstrably much larger than the red panda."
pair_019.png,Are the objects in their correct relative sizes?,"The image shows a drawing of an elephant against a plain white background. The elephant is depicted in profile, with its trunk, ears, tusks, and legs clearly visible.","The relative sizes of the elephant's various body parts appear somewhat exaggerated. The ears are notably large compared to the rest of the body, and the trunk seems disproportionately long. The legs are also relatively thick and appear larger than they should be in proportion to the elephant's overall size.","The objects are not depicted in their correct relative sizes. The artist has prioritized emphasizing certain features (ears, trunk) and has likely not accurately scaled the other body parts.","[Observation]: The image shows a drawing of an elephant against a plain white background. The elephant is depicted in profile, with its trunk, ears, tusks, and legs clearly visible.

[Assessment]: The relative sizes of the elephant's various body parts appear somewhat exaggerated. The ears are notably large compared to the rest of the body, and the trunk seems disproportionately long. The legs are also relatively thick and appear larger than they should be in proportion to the elephant's overall size.

[Conclusion]: The objects are not depicted in their correct relative sizes. The artist has prioritized emphasizing certain features (ears, trunk) and has likely not accurately scaled the other body parts."
pair_147.png,Are the objects in their correct relative sizes?,"The image shows a large walrus and a small lemur. The lemur is positioned close to the walrus, appearing significantly smaller.","The lemur is demonstrably much smaller than the walrus. The size difference is quite pronounced, with the lemur being roughly the size of a small toy compared to the massive walrus. The perspective and distance in the image contribute to the illusion of scale, but the actual size difference is clear.",The objects are not depicted in their correct relative sizes. The lemur is significantly undersized compared to the walrus.,"[Observation]: The image shows a large walrus and a small lemur. The lemur is positioned close to the walrus, appearing significantly smaller.

[Assessment]: The lemur is demonstrably much smaller than the walrus. The size difference is quite pronounced, with the lemur being roughly the size of a small toy compared to the massive walrus. The perspective and distance in the image contribute to the illusion of scale, but the actual size difference is clear.

[Conclusion]: The objects are not depicted in their correct relative sizes. The lemur is significantly undersized compared to the walrus."
pair_275.png,Are the objects in their correct relative sizes?,The image shows a large walrus and a small hedgehog. The walrus is significantly larger than the hedgehog.,"The relative sizes of the animals in the image are clearly not accurate. The walrus is depicted as much larger than the hedgehog, which is a common representation of the animals' actual size difference. The hedgehog is tiny in comparison to the walrus.",The objects are not in their correct relative sizes. The walrus is significantly oversized compared to the hedgehog.,"[Observation]: The image shows a large walrus and a small hedgehog. The walrus is significantly larger than the hedgehog.

[Assessment]: The relative sizes of the animals in the image are clearly not accurate. The walrus is depicted as much larger than the hedgehog, which is a common representation of the animals' actual size difference. The hedgehog is tiny in comparison to the walrus.

[Conclusion]: The objects are not in their correct relative sizes. The walrus is significantly oversized compared to the hedgehog."
pair_118.png,Are the objects in their correct relative sizes?,"The image shows a large, grey animal and a much smaller, striped animal. The large animal is standing and appears to be about 1.5 to 2 times larger than the smaller animal. The smaller animal is standing and appears to be about 1/8th the size of the larger animal.","The relative sizes of the animals in the image are clearly not accurate. The larger animal is significantly larger than the smaller animal, and the smaller animal is much smaller than it should be relative to the larger one. The size difference is exaggerated in the image.",The objects in the image are not in their correct relative sizes.,"[Observation]: The image shows a large, grey animal and a much smaller, striped animal. The large animal is standing and appears to be about 1.5 to 2 times larger than the smaller animal. The smaller animal is standing and appears to be about 1/8th the size of the larger animal.

[Assessment]: The relative sizes of the animals in the image are clearly not accurate. The larger animal is significantly larger than the smaller animal, and the smaller animal is much smaller than it should be relative to the larger one. The size difference is exaggerated in the image.

[Conclusion]: The objects in the image are not in their correct relative sizes."
pair_041.png,Are the objects in their correct relative sizes?,"The image shows a cheetah and a beluga whale. The cheetah is depicted as a small, compact animal standing on its hind legs, while the beluga whale is a very large, elongated creature.",The cheetah appears significantly smaller than the beluga whale. A visual comparison suggests the cheetah is roughly one-tenth the size of the whale. The whale's length is dramatically greater than the cheetah's.,The objects are not depicted in their correct relative sizes. The beluga whale is vastly larger than the cheetah in the image.,"[Observation]: The image shows a cheetah and a beluga whale. The cheetah is depicted as a small, compact animal standing on its hind legs, while the beluga whale is a very large, elongated creature.

[Assessment]: The cheetah appears significantly smaller than the beluga whale. A visual comparison suggests the cheetah is roughly one-tenth the size of the whale. The whale's length is dramatically greater than the cheetah's.

[Conclusion]: The objects are not depicted in their correct relative sizes. The beluga whale is vastly larger than the cheetah in the image."
pair_250.png,Are the objects in their correct relative sizes?,The image shows a caribou (reindeer) and a brown bear. The caribou is smaller than the bear.,The caribou appears significantly smaller than the bear. A visual comparison suggests the bear is roughly twice the size of the caribou in terms of height and overall body mass. The caribou's antlers are also proportionally smaller compared to its body size.,The objects are not depicted in their correct relative sizes. The bear is significantly larger than the caribou.,"[Observation]: The image shows a caribou (reindeer) and a brown bear. The caribou is smaller than the bear.

[Assessment]: The caribou appears significantly smaller than the bear. A visual comparison suggests the bear is roughly twice the size of the caribou in terms of height and overall body mass. The caribou's antlers are also proportionally smaller compared to its body size.

[Conclusion]: The objects are not depicted in their correct relative sizes. The bear is significantly larger than the caribou."
pair_252.png,Are the objects in their correct relative sizes?,The image shows a large caribou (reindeer) and a small hedgehog.,The caribou is significantly larger than the hedgehog. The caribou's body length and leg length are vastly greater than the hedgehog's. The hedgehog appears to be almost at the caribou's feet.,The objects are not depicted in their correct relative sizes. The caribou is much too large compared to the hedgehog.,"[Observation]: The image shows a large caribou (reindeer) and a small hedgehog.

[Assessment]: The caribou is significantly larger than the hedgehog. The caribou's body length and leg length are vastly greater than the hedgehog's. The hedgehog appears to be almost at the caribou's feet.

[Conclusion]: The objects are not depicted in their correct relative sizes. The caribou is much too large compared to the hedgehog."
pair_171.png,Are the objects in their correct relative sizes?,The red panda is significantly larger than the platypus. The red panda is standing upright and appears to be about twice the height of the platypus.,"Platypuses are relatively small animals, known for their duck-like bill and beaver-like tail. Red pandas are considerably larger, being a medium-sized mammal. The visual representation accurately reflects the typical size difference between these two animals.","Yes, the objects are in their correct relative sizes.","[Observation]: The red panda is significantly larger than the platypus. The red panda is standing upright and appears to be about twice the height of the platypus.

[Assessment]:  Platypuses are relatively small animals, known for their duck-like bill and beaver-like tail. Red pandas are considerably larger, being a medium-sized mammal. The visual representation accurately reflects the typical size difference between these two animals.

[Conclusion]: Yes, the objects are in their correct relative sizes."
pair_166.png,Are the objects in their correct relative sizes?,"The image shows a red panda and a narwhal. The red panda is small and appears to be standing on the ground, while the narwhal is significantly larger and appears to be floating in the air.","The red panda is noticeably smaller than the narwhal. The relative sizes in the image are not accurate. A red panda is typically around 2 feet tall and weighs around 10-15 pounds, while a narwhal can be 15-18 feet long and weigh up to 3 tons. The narwhal is depicted as being much smaller than it actually is.",The objects are not in their correct relative sizes. The narwhal is significantly larger than the red panda.,"[Observation]: The image shows a red panda and a narwhal. The red panda is small and appears to be standing on the ground, while the narwhal is significantly larger and appears to be floating in the air.

[Assessment]: The red panda is noticeably smaller than the narwhal. The relative sizes in the image are not accurate. A red panda is typically around 2 feet tall and weighs around 10-15 pounds, while a narwhal can be 15-18 feet long and weigh up to 3 tons. The narwhal is depicted as being much smaller than it actually is.

[Conclusion]: The objects are not in their correct relative sizes. The narwhal is significantly larger than the red panda."
pair_259.png,Are the objects in their correct relative sizes?,The image shows a narwhal and a small fox. The narwhal is significantly larger than the fox.,"The narwhal is depicted as a large whale-like creature, while the fox is a tiny, almost miniature animal. The size difference is very apparent and obvious.",The objects are not in their correct relative sizes. The narwhal is vastly larger than the fox.,"[Observation]: The image shows a narwhal and a small fox. The narwhal is significantly larger than the fox.

[Assessment]: The narwhal is depicted as a large whale-like creature, while the fox is a tiny, almost miniature animal. The size difference is very apparent and obvious.

[Conclusion]: The objects are not in their correct relative sizes. The narwhal is vastly larger than the fox."
pair_294.png,Are the objects in their correct relative sizes?,"The kangaroo is significantly larger than the hedgehog. The kangaroo appears to be standing tall, while the hedgehog is small and close to the ground.",The relative sizes of the animals in the image are not accurate. The kangaroo is depicted as much larger than it realistically should be compared to the hedgehog. A kangaroo is typically much larger than a hedgehog.,The objects are not in their correct relative sizes. The kangaroo is disproportionately large.,"[Observation]: The kangaroo is significantly larger than the hedgehog. The kangaroo appears to be standing tall, while the hedgehog is small and close to the ground.

[Assessment]: The relative sizes of the animals in the image are not accurate. The kangaroo is depicted as much larger than it realistically should be compared to the hedgehog. A kangaroo is typically much larger than a hedgehog.

[Conclusion]: The objects are not in their correct relative sizes. The kangaroo is disproportionately large."
pair_012.png,Are the objects in their correct relative sizes?,The image shows a large elephant and a smaller deer. The elephant is depicted as significantly larger than the deer.,"Based on visual proportions, the elephant appears to be approximately 5-7 times larger than the deer. The elephant's massive size and leg length are clearly much greater than the deer's. The deer is small enough to appear almost like a toy next to the elephant.","Yes, the objects are depicted in their correct relative sizes. The elephant is substantially larger than the deer as they are realistically represented in the image.","[Observation]: The image shows a large elephant and a smaller deer. The elephant is depicted as significantly larger than the deer.

[Assessment]: Based on visual proportions, the elephant appears to be approximately 5-7 times larger than the deer. The elephant's massive size and leg length are clearly much greater than the deer's. The deer is small enough to appear almost like a toy next to the elephant.

[Conclusion]: Yes, the objects are depicted in their correct relative sizes. The elephant is substantially larger than the deer as they are realistically represented in the image."
pair_225.png,Are the objects in their correct relative sizes?,The camel is significantly larger than the reindeer. The camel appears to be about three times the height of the reindeer.,"Based on visual comparison, the relative sizes appear to be inaccurate. The camel is depicted as much larger than the reindeer, which is not typical. A camel is generally much larger than a young reindeer.",The objects are not depicted in their correct relative sizes. The camel is significantly oversized compared to the reindeer.,"[Observation]: The camel is significantly larger than the reindeer. The camel appears to be about three times the height of the reindeer.

[Assessment]:  Based on visual comparison, the relative sizes appear to be inaccurate. The camel is depicted as much larger than the reindeer, which is not typical. A camel is generally much larger than a young reindeer.

[Conclusion]: The objects are not depicted in their correct relative sizes. The camel is significantly oversized compared to the reindeer."
pair_136.png,Are the objects in their correct relative sizes?,The image shows a badger and a hedgehog side-by-side. The badger is significantly larger than the hedgehog.,"The badger is depicted as a large, muscular animal with a long body and relatively large paws. The hedgehog is a small, round creature with short legs and a spiky coat.  A visual comparison clearly shows the badger is much bigger in length, height, and overall mass.",The objects are not in their correct relative sizes. The badger is significantly larger than the hedgehog.,"[Observation]: The image shows a badger and a hedgehog side-by-side. The badger is significantly larger than the hedgehog.

[Assessment]: The badger is depicted as a large, muscular animal with a long body and relatively large paws. The hedgehog is a small, round creature with short legs and a spiky coat.  A visual comparison clearly shows the badger is much bigger in length, height, and overall mass.

[Conclusion]: The objects are not in their correct relative sizes. The badger is significantly larger than the hedgehog."
pair_237.png,Are the objects in their correct relative sizes?,The image shows a large camel and a small hedgehog. The hedgehog is positioned very close to the camel's leg.,The hedgehog appears significantly smaller than the camel. Its size relative to the camel's leg is disproportionate. A realistic depiction would show a much larger hedgehog.,"No, the objects are not in their correct relative sizes. The hedgehog is far too large in comparison to the camel.","[Observation]: The image shows a large camel and a small hedgehog. The hedgehog is positioned very close to the camel's leg.

[Assessment]: The hedgehog appears significantly smaller than the camel. Its size relative to the camel's leg is disproportionate. A realistic depiction would show a much larger hedgehog.

[Conclusion]: No, the objects are not in their correct relative sizes. The hedgehog is far too large in comparison to the camel."
pair_212.png,Are the objects in their correct relative sizes?,"The image shows a large beluga whale and a smaller leopard. The leopard is positioned close to the whale, appearing to be looking up at it.","The leopard is significantly smaller than the beluga whale. The relative size difference is quite pronounced, with the leopard appearing to be roughly the size of a large house cat compared to the whale, which is a massive marine mammal.","No, the objects are not depicted in their correct relative sizes. The leopard is significantly too large in proportion to the beluga whale.","[Observation]: The image shows a large beluga whale and a smaller leopard. The leopard is positioned close to the whale, appearing to be looking up at it.

[Assessment]: The leopard is significantly smaller than the beluga whale. The relative size difference is quite pronounced, with the leopard appearing to be roughly the size of a large house cat compared to the whale, which is a massive marine mammal.

[Conclusion]: No, the objects are not depicted in their correct relative sizes. The leopard is significantly too large in proportion to the beluga whale."
pair_339.png,Are the objects in their correct relative sizes?,The penguin is significantly larger than the hedgehog. The penguin appears to be about 3-4 times the height of the hedgehog.,"The hedgehog is a small, rounded animal, while penguins are large, flightless birds.  The visual representation exaggerates the penguin's size relative to the hedgehog, likely for comedic effect or to emphasize the contrast between the two animals.","No, the objects are not depicted in their correct relative sizes. The penguin is much larger than it should be compared to the hedgehog.","[Observation]: The penguin is significantly larger than the hedgehog. The penguin appears to be about 3-4 times the height of the hedgehog.

[Assessment]: The hedgehog is a small, rounded animal, while penguins are large, flightless birds.  The visual representation exaggerates the penguin's size relative to the hedgehog, likely for comedic effect or to emphasize the contrast between the two animals.

[Conclusion]: No, the objects are not depicted in their correct relative sizes. The penguin is much larger than it should be compared to the hedgehog."
pair_256.png,Are the objects in their correct relative sizes?,The narwhal is significantly smaller than the walrus. The narwhal appears to be roughly half the size of the walrus.,"Based on visual comparison, the narwhal is clearly much smaller than the walrus.  Walruses are known to be very large marine mammals.","No, the objects are not in their correct relative sizes. The narwhal is significantly smaller than it should be in proportion to the walrus.","[Observation]: The narwhal is significantly smaller than the walrus. The narwhal appears to be roughly half the size of the walrus.
[Assessment]:  Based on visual comparison, the narwhal is clearly much smaller than the walrus.  Walruses are known to be very large marine mammals.
[Conclusion]: No, the objects are not in their correct relative sizes. The narwhal is significantly smaller than it should be in proportion to the walrus."
pair_181.png,Are the objects in their correct relative sizes?,"The panda is sitting and holding a large piece of bamboo, while the leopard is standing and appears to be of a similar size to the panda.","The panda is significantly larger than the leopard in the image. The panda is depicted as a large, bulky animal, while the leopard is a medium-sized cat. The relative sizes in the image appear to be somewhat distorted, with the panda appearing much larger than it actually is.","No, the objects are not in their correct relative sizes. The panda is significantly larger than the leopard in the image.","[Observation]: The panda is sitting and holding a large piece of bamboo, while the leopard is standing and appears to be of a similar size to the panda.

[Assessment]: The panda is significantly larger than the leopard in the image. The panda is depicted as a large, bulky animal, while the leopard is a medium-sized cat. The relative sizes in the image appear to be somewhat distorted, with the panda appearing much larger than it actually is.

[Conclusion]: No, the objects are not in their correct relative sizes. The panda is significantly larger than the leopard in the image."
pair_161.png,Are the objects in their correct relative sizes?,"The red panda is significantly smaller than the giant panda. The red panda is positioned to the left of the panda, appearing much smaller in comparison.",The relative sizes of the animals in the image are not accurate. The red panda is depicted as being much smaller than it realistically should be compared to a giant panda. A giant panda is considerably larger than a red panda.,"No, the objects are not in their correct relative sizes. The red panda is significantly undersized in the image.","[Observation]: The red panda is significantly smaller than the giant panda. The red panda is positioned to the left of the panda, appearing much smaller in comparison.

[Assessment]: The relative sizes of the animals in the image are not accurate. The red panda is depicted as being much smaller than it realistically should be compared to a giant panda. A giant panda is considerably larger than a red panda.

[Conclusion]: No, the objects are not in their correct relative sizes. The red panda is significantly undersized in the image."
pair_053.png,Are the objects in their correct relative sizes?,The cheetah is significantly larger than the rooster. The cheetah appears to be towering over the rooster.,"The cheetah is depicted as a large, muscular animal, while the rooster is small and compact.  A cheetah is known to be one of the fastest land animals, and its size reflects its predatory role. A rooster is a relatively small bird. The visual representation clearly shows a disparity in size between the two animals.",The objects are not depicted in their correct relative sizes. The cheetah is much too large compared to the rooster.,"[Observation]: The cheetah is significantly larger than the rooster. The cheetah appears to be towering over the rooster.

[Assessment]: The cheetah is depicted as a large, muscular animal, while the rooster is small and compact.  A cheetah is known to be one of the fastest land animals, and its size reflects its predatory role. A rooster is a relatively small bird. The visual representation clearly shows a disparity in size between the two animals.

[Conclusion]: The objects are not depicted in their correct relative sizes. The cheetah is much too large compared to the rooster."
pair_159.png,Are the objects in their correct relative sizes?,"The image shows a large squid and a small, stylized bear. The squid is positioned prominently in the foreground, and the bear is positioned in the background, slightly smaller.","The bear appears significantly smaller than the squid. A reasonable estimate would be that the bear is roughly one-third to one-half the size of the squid. The relative sizes are not entirely accurate, but the bear is depicted as smaller than the squid, which is a common artistic convention to emphasize the subject.","The objects are not in their correct relative sizes, but the bear is intentionally depicted as smaller than the squid, creating a visual effect of scale.","[Observation]: The image shows a large squid and a small, stylized bear. The squid is positioned prominently in the foreground, and the bear is positioned in the background, slightly smaller.

[Assessment]: The bear appears significantly smaller than the squid. A reasonable estimate would be that the bear is roughly one-third to one-half the size of the squid. The relative sizes are not entirely accurate, but the bear is depicted as smaller than the squid, which is a common artistic convention to emphasize the subject.

[Conclusion]: The objects are not in their correct relative sizes, but the bear is intentionally depicted as smaller than the squid, creating a visual effect of scale."
pair_217.png,Are the objects in their correct relative sizes?,"The snow leopard is significantly larger than the sloth. The sloth is hanging from a branch, appearing small relative to the large feline.",The relative sizes appear to be inaccurate. The sloth is depicted as much smaller than it realistically would be compared to a snow leopard. The artist has likely exaggerated the sloth's size for visual interest or to emphasize the contrast between the two animals.,The objects are not depicted in their correct relative sizes. The sloth is significantly undersized compared to the snow leopard.,"[Observation]: The snow leopard is significantly larger than the sloth. The sloth is hanging from a branch, appearing small relative to the large feline.

[Assessment]: The relative sizes appear to be inaccurate. The sloth is depicted as much smaller than it realistically would be compared to a snow leopard. The artist has likely exaggerated the sloth's size for visual interest or to emphasize the contrast between the two animals.

[Conclusion]: The objects are not depicted in their correct relative sizes. The sloth is significantly undersized compared to the snow leopard."
pair_134.png,Are the objects in their correct relative sizes?,The image shows a small badger-like animal on the left and a large brown bear on the right.,"The badger-like animal is significantly smaller than the bear. The bear appears to be roughly three to four times larger in height and length compared to the badger. The relative proportions of their bodies, including their leg length and overall size, are clearly different.",The objects are not depicted in their correct relative sizes. The bear is significantly larger than the badger.,"[Observation]: The image shows a small badger-like animal on the left and a large brown bear on the right.

[Assessment]: The badger-like animal is significantly smaller than the bear. The bear appears to be roughly three to four times larger in height and length compared to the badger. The relative proportions of their bodies, including their leg length and overall size, are clearly different.

[Conclusion]: The objects are not depicted in their correct relative sizes. The bear is significantly larger than the badger."
pair_258.png,Are the objects in their correct relative sizes?,"The image shows a narwhal and a koala. The narwhal is a large, elongated whale-like creature, while the koala is a small, furry marsupial.",The koala appears significantly smaller than the narwhal. A visual comparison suggests the koala is roughly one-tenth the size of the narwhal.,"No, the objects are not in their correct relative sizes. The koala is much smaller than the narwhal.","[Observation]: The image shows a narwhal and a koala. The narwhal is a large, elongated whale-like creature, while the koala is a small, furry marsupial.

[Assessment]: The koala appears significantly smaller than the narwhal. A visual comparison suggests the koala is roughly one-tenth the size of the narwhal.

[Conclusion]: No, the objects are not in their correct relative sizes. The koala is much smaller than the narwhal."
pair_039.png,Are the objects in their correct relative sizes?,"The cheetah is a small, tan-colored animal with spots, and the narwhal is a large, gray animal with a long, spiraled tusk.","The cheetah appears significantly smaller than the narwhal in the image. The cheetah is roughly the size of a small dog, while the narwhal is depicted as a large marine mammal. The relative sizes in the image seem exaggerated, with the cheetah appearing much smaller than it actually is.","No, the objects are not depicted in their correct relative sizes. The cheetah is significantly smaller than the narwhal, and the image exaggerates the size difference.","[Observation]: The cheetah is a small, tan-colored animal with spots, and the narwhal is a large, gray animal with a long, spiraled tusk.

[Assessment]: The cheetah appears significantly smaller than the narwhal in the image. The cheetah is roughly the size of a small dog, while the narwhal is depicted as a large marine mammal. The relative sizes in the image seem exaggerated, with the cheetah appearing much smaller than it actually is.

[Conclusion]: No, the objects are not depicted in their correct relative sizes. The cheetah is significantly smaller than the narwhal, and the image exaggerates the size difference."
pair_157.png,Are the objects in their correct relative sizes?,"The lemur is depicted as a large animal with a long, striped tail, while the hedgehog is a small, round creature.",The hedgehog is significantly smaller than the lemur. The lemur appears to be roughly twice the size of the hedgehog in the image.,"No, the objects are not depicted in their correct relative sizes. The hedgehog is much smaller than the lemur.","[Observation]: The lemur is depicted as a large animal with a long, striped tail, while the hedgehog is a small, round creature.

[Assessment]: The hedgehog is significantly smaller than the lemur. The lemur appears to be roughly twice the size of the hedgehog in the image.

[Conclusion]: No, the objects are not depicted in their correct relative sizes. The hedgehog is much smaller than the lemur."
pair_030.png,Are the objects in their correct relative sizes?,The image shows a cheetah and a hippopotamus side-by-side. The cheetah is smaller than the hippopotamus.,The cheetah appears significantly smaller than the hippopotamus. A visual comparison suggests the cheetah is roughly half the size of the hippopotamus. The hippopotamus is much more massive and has a larger body overall.,The objects are not depicted in their correct relative sizes. The cheetah is significantly smaller than it should be compared to the hippopotamus.,"[Observation]: The image shows a cheetah and a hippopotamus side-by-side. The cheetah is smaller than the hippopotamus.

[Assessment]: The cheetah appears significantly smaller than the hippopotamus. A visual comparison suggests the cheetah is roughly half the size of the hippopotamus. The hippopotamus is much more massive and has a larger body overall.

[Conclusion]: The objects are not depicted in their correct relative sizes. The cheetah is significantly smaller than it should be compared to the hippopotamus."
pair_060.png,Are the objects in their correct relative sizes?,"The image shows a meerkat and a snow leopard. The meerkat is a small, brown creature with a long tail, while the snow leopard is a large, grey and white feline with a long tail.",The meerkat is significantly smaller than the snow leopard. The relative sizes appear to be accurately depicted in the image. The meerkat is noticeably tiny compared to the massive snow leopard.,"Yes, the objects are depicted in their correct relative sizes.","[Observation]: The image shows a meerkat and a snow leopard. The meerkat is a small, brown creature with a long tail, while the snow leopard is a large, grey and white feline with a long tail.

[Assessment]: The meerkat is significantly smaller than the snow leopard. The relative sizes appear to be accurately depicted in the image. The meerkat is noticeably tiny compared to the massive snow leopard.

[Conclusion]: Yes, the objects are depicted in their correct relative sizes."
pair_153.png,Are the objects in their correct relative sizes?,"The lemur is significantly larger than the sloth. The lemur is standing upright and appears to be about twice the height of the sloth, which is hanging from a branch.","Lemurs are generally larger than sloths. The lemur in the image is depicted with a more substantial body and legs, suggesting a larger size compared to the sloth, which is known for its small size and slow movement. The branch the sloth is hanging from also appears to be a reasonable size for the sloth.",The relative sizes of the lemur and sloth in the image are approximately correct.,"[Observation]: The lemur is significantly larger than the sloth. The lemur is standing upright and appears to be about twice the height of the sloth, which is hanging from a branch.

[Assessment]:  Lemurs are generally larger than sloths. The lemur in the image is depicted with a more substantial body and legs, suggesting a larger size compared to the sloth, which is known for its small size and slow movement. The branch the sloth is hanging from also appears to be a reasonable size for the sloth.

[Conclusion]: The relative sizes of the lemur and sloth in the image are approximately correct."
pair_341.png,Are the objects in their correct relative sizes?,The image shows a large shark and a small hedgehog.,"The hedgehog is significantly smaller than the shark. The shark appears to be much larger, taking up a large portion of the image, while the hedgehog is tiny and positioned close to the shark's body.",The objects are not in their correct relative sizes. The hedgehog is drastically undersized compared to the shark.,"[Observation]: The image shows a large shark and a small hedgehog.

[Assessment]: The hedgehog is significantly smaller than the shark. The shark appears to be much larger, taking up a large portion of the image, while the hedgehog is tiny and positioned close to the shark's body.

[Conclusion]: The objects are not in their correct relative sizes. The hedgehog is drastically undersized compared to the shark."
pair_154.png,Are the objects in their correct relative sizes?,"The lemur appears larger than the toucan. The toucan is positioned closer to the edge of the image, making it appear smaller.","The lemur is significantly larger in terms of body mass and overall size compared to the toucan. The toucan is a relatively small bird, while the lemur is a primate known for its size. The perspective in the image, with the toucan closer to the edge, contributes to the illusion of the lemur being larger.","No, the objects are not depicted in their correct relative sizes. The lemur is noticeably larger than the toucan.","[Observation]: The lemur appears larger than the toucan. The toucan is positioned closer to the edge of the image, making it appear smaller.

[Assessment]: The lemur is significantly larger in terms of body mass and overall size compared to the toucan. The toucan is a relatively small bird, while the lemur is a primate known for its size. The perspective in the image, with the toucan closer to the edge, contributes to the illusion of the lemur being larger.

[Conclusion]: No, the objects are not depicted in their correct relative sizes. The lemur is noticeably larger than the toucan."
pair_313.png,Are the objects in their correct relative sizes?,The image shows a large squid and a small frog. The squid is significantly larger than the frog.,"The squid appears to be roughly 10-15 times larger than the frog in terms of length and overall size. The frog is positioned very close to the squid, making the size difference quite apparent.",The objects are not in their correct relative sizes. The squid is vastly oversized compared to the frog.,"[Observation]: The image shows a large squid and a small frog. The squid is significantly larger than the frog.

[Assessment]: The squid appears to be roughly 10-15 times larger than the frog in terms of length and overall size. The frog is positioned very close to the squid, making the size difference quite apparent.

[Conclusion]: The objects are not in their correct relative sizes. The squid is vastly oversized compared to the frog."
pair_180.png,Are the objects in their correct relative sizes?,The red panda is smaller than the rooster. The rooster is significantly larger and taller than the red panda.,"The rooster's size is exaggerated compared to the red panda. It appears much larger and more imposing in the image, likely due to artistic exaggeration for visual impact. The relative sizes are not entirely accurate, but the rooster is demonstrably larger.","The objects are not depicted with their correct relative sizes, with the rooster being significantly larger than the red panda.","[Observation]: The red panda is smaller than the rooster. The rooster is significantly larger and taller than the red panda.

[Assessment]: The rooster's size is exaggerated compared to the red panda. It appears much larger and more imposing in the image, likely due to artistic exaggeration for visual impact. The relative sizes are not entirely accurate, but the rooster is demonstrably larger.

[Conclusion]: The objects are not depicted with their correct relative sizes, with the rooster being significantly larger than the red panda."
pair_184.png,Are the objects in their correct relative sizes?,"The panda is significantly smaller than the kangaroo. The panda is sitting and holding a bamboo stalk, while the kangaroo is standing tall.",The panda is depicted as a much smaller animal compared to the kangaroo. A typical adult panda is around 2-3 feet tall and weighs around 200-300 pounds. A typical adult kangaroo can be 6-8 feet tall and weigh 150-200 pounds. The illustration accurately reflects this size difference.,"Yes, the objects in the image are depicted in their correct relative sizes.","[Observation]: The panda is significantly smaller than the kangaroo. The panda is sitting and holding a bamboo stalk, while the kangaroo is standing tall.

[Assessment]: The panda is depicted as a much smaller animal compared to the kangaroo. A typical adult panda is around 2-3 feet tall and weighs around 200-300 pounds. A typical adult kangaroo can be 6-8 feet tall and weigh 150-200 pounds. The illustration accurately reflects this size difference.

[Conclusion]: Yes, the objects in the image are depicted in their correct relative sizes."
pair_332.png,Are the objects in their correct relative sizes?,"The image shows a large squid and two small figures, one appearing to be a person and the other a small animal (possibly a mouse or rodent).","The squid is significantly larger than both figures. The person appears to be roughly the same size as the squid's head, while the small animal is much smaller, appearing to be a tiny fraction of the squid's size.",The objects are not in their correct relative sizes. The squid is vastly oversized compared to the figures.,"[Observation]: The image shows a large squid and two small figures, one appearing to be a person and the other a small animal (possibly a mouse or rodent).

[Assessment]: The squid is significantly larger than both figures. The person appears to be roughly the same size as the squid's head, while the small animal is much smaller, appearing to be a tiny fraction of the squid's size.

[Conclusion]: The objects are not in their correct relative sizes. The squid is vastly oversized compared to the figures."
pair_047.png,Are the objects in their correct relative sizes?,"The cheetah is significantly larger than the toucan. The cheetah appears to be a large, muscular animal, while the toucan is small and compact.","The relative sizes in the image are not accurate. The cheetah is depicted as much larger than it realistically should be compared to the toucan. The toucan is drawn to be proportionally small, but even then, it's still smaller than it would be in reality.","The objects are not depicted in their correct relative sizes. The cheetah is exaggeratedly large, and the toucan is drawn too small.","[Observation]: The cheetah is significantly larger than the toucan. The cheetah appears to be a large, muscular animal, while the toucan is small and compact.

[Assessment]: The relative sizes in the image are not accurate. The cheetah is depicted as much larger than it realistically should be compared to the toucan. The toucan is drawn to be proportionally small, but even then, it's still smaller than it would be in reality.

[Conclusion]: The objects are not depicted in their correct relative sizes. The cheetah is exaggeratedly large, and the toucan is drawn too small."
pair_221.png,Are the objects in their correct relative sizes?,The image shows a large snow leopard and a small hedgehog. The hedgehog is positioned very close to the snow leopard's leg.,"The hedgehog appears significantly smaller than the snow leopard. The relative size difference is quite pronounced, with the hedgehog being a tiny speck compared to the massive feline.",The objects are not depicted in their correct relative sizes. The hedgehog is drastically undersized compared to the snow leopard.,"[Observation]: The image shows a large snow leopard and a small hedgehog. The hedgehog is positioned very close to the snow leopard's leg.

[Assessment]: The hedgehog appears significantly smaller than the snow leopard. The relative size difference is quite pronounced, with the hedgehog being a tiny speck compared to the massive feline.

[Conclusion]: The objects are not depicted in their correct relative sizes. The hedgehog is drastically undersized compared to the snow leopard."
pair_037.png,Are the objects in their correct relative sizes?,"The cheetah is significantly smaller than the camel. The cheetah is depicted as a small, slender animal, while the camel is a large, imposing creature.","Based on visual proportions, the cheetah appears to be roughly half the size of the camel. The difference in scale is quite noticeable, with the cheetah appearing almost miniature compared to the camel.",The objects are not in their correct relative sizes. The cheetah is significantly smaller than the camel as depicted in the image.,"[Observation]: The cheetah is significantly smaller than the camel. The cheetah is depicted as a small, slender animal, while the camel is a large, imposing creature.

[Assessment]: Based on visual proportions, the cheetah appears to be roughly half the size of the camel. The difference in scale is quite noticeable, with the cheetah appearing almost miniature compared to the camel.

[Conclusion]: The objects are not in their correct relative sizes. The cheetah is significantly smaller than the camel as depicted in the image."
pair_267.png,Are the objects in their correct relative sizes?,The image shows a narwhal and a rooster. The narwhal is significantly larger than the rooster.,"The narwhal is depicted as a large whale-like creature, while the rooster is a small, typical farm animal. The scale difference between the two is quite pronounced, with the narwhal appearing much bigger than the rooster.","No, the objects are not in their correct relative sizes. The narwhal is significantly larger than the rooster.","[Observation]: The image shows a narwhal and a rooster. The narwhal is significantly larger than the rooster.

[Assessment]: The narwhal is depicted as a large whale-like creature, while the rooster is a small, typical farm animal. The scale difference between the two is quite pronounced, with the narwhal appearing much bigger than the rooster.

[Conclusion]: No, the objects are not in their correct relative sizes. The narwhal is significantly larger than the rooster."
pair_049.png,Are the objects in their correct relative sizes?,The cheetah is significantly larger than the penguin. The cheetah appears to be about three times the height of the penguin.,"Penguins are generally much smaller than cheetahs. The image clearly depicts a cheetah that is considerably larger than the penguin, which is a typical size for a penguin.","No, the objects are not in their correct relative sizes. The cheetah is much too large compared to the penguin in the image.","[Observation]: The cheetah is significantly larger than the penguin. The cheetah appears to be about three times the height of the penguin.
[Assessment]: Penguins are generally much smaller than cheetahs. The image clearly depicts a cheetah that is considerably larger than the penguin, which is a typical size for a penguin.
[Conclusion]: No, the objects are not in their correct relative sizes. The cheetah is much too large compared to the penguin in the image."
pair_088.png,Are the objects in their correct relative sizes?,The image shows a large giraffe and a small toucan.,"The giraffe appears significantly larger than the toucan. The giraffe's height is dramatically greater, and its body mass is clearly much larger. The toucan is tiny in comparison, appearing almost like a miniature bird.",The objects are not in their correct relative sizes. The giraffe is much too large relative to the toucan.,"[Observation]: The image shows a large giraffe and a small toucan.

[Assessment]: The giraffe appears significantly larger than the toucan. The giraffe's height is dramatically greater, and its body mass is clearly much larger. The toucan is tiny in comparison, appearing almost like a miniature bird.

[Conclusion]: The objects are not in their correct relative sizes. The giraffe is much too large relative to the toucan."
pair_016.png,Are the objects in their correct relative sizes?,The image shows a large elephant and a small kangaroo. The elephant is significantly larger than the kangaroo.,"The elephant appears to be roughly 10-15 times larger than the kangaroo in terms of height and overall size. The kangaroo is depicted as being quite small in comparison, with its legs and body appearing diminutive next to the elephant's massive frame.","Yes, the objects are depicted in their correct relative sizes. The image accurately portrays the vast size difference between an elephant and a kangaroo.","[Observation]: The image shows a large elephant and a small kangaroo. The elephant is significantly larger than the kangaroo.

[Assessment]: The elephant appears to be roughly 10-15 times larger than the kangaroo in terms of height and overall size. The kangaroo is depicted as being quite small in comparison, with its legs and body appearing diminutive next to the elephant's massive frame.

[Conclusion]: Yes, the objects are depicted in their correct relative sizes. The image accurately portrays the vast size difference between an elephant and a kangaroo."
pair_216.png,Are the objects in their correct relative sizes?,"The image shows a large snow leopard and a small axolotl. The snow leopard is depicted as a large, muscular animal with a long tail, while the axolotl is a tiny, salamander-like creature.",The relative sizes of the two animals are significantly skewed. The snow leopard appears to be much larger than the axolotl. A reasonable estimate would be that the snow leopard is at least 10-20 times larger than the axolotl. The axolotl is extremely small in comparison.,"No, the objects are not depicted in their correct relative sizes. The snow leopard is significantly larger than the axolotl, and the scale is dramatically inaccurate.","[Observation]: The image shows a large snow leopard and a small axolotl. The snow leopard is depicted as a large, muscular animal with a long tail, while the axolotl is a tiny, salamander-like creature.

[Assessment]: The relative sizes of the two animals are significantly skewed. The snow leopard appears to be much larger than the axolotl. A reasonable estimate would be that the snow leopard is at least 10-20 times larger than the axolotl. The axolotl is extremely small in comparison.

[Conclusion]: No, the objects are not depicted in their correct relative sizes. The snow leopard is significantly larger than the axolotl, and the scale is dramatically inaccurate."
pair_272.png,Are the objects in their correct relative sizes?,"The walrus appears to be holding a small, green sloth. The sloth is significantly smaller than the walrus.",The sloth is proportionally much smaller than the walrus. A sloth of that size would be incredibly tiny compared to a walrus. The artist has clearly exaggerated the size difference for comedic effect or illustration purposes.,The objects are not in their correct relative sizes. The sloth is significantly smaller than it should be in relation to the walrus.,"[Observation]: The walrus appears to be holding a small, green sloth. The sloth is significantly smaller than the walrus.

[Assessment]: The sloth is proportionally much smaller than the walrus. A sloth of that size would be incredibly tiny compared to a walrus. The artist has clearly exaggerated the size difference for comedic effect or illustration purposes.

[Conclusion]: The objects are not in their correct relative sizes. The sloth is significantly smaller than it should be in relation to the walrus."
pair_107.png,Are the objects in their correct relative sizes?,The image shows a large hippopotamus and a smaller koala. The hippopotamus is significantly larger than the koala.,The koala is depicted as being considerably smaller than the hippopotamus. A visual comparison of their apparent sizes suggests a substantial difference in scale.,The objects are not depicted in their correct relative sizes. The hippopotamus is much larger than the koala in the image.,"[Observation]: The image shows a large hippopotamus and a smaller koala. The hippopotamus is significantly larger than the koala.

[Assessment]: The koala is depicted as being considerably smaller than the hippopotamus. A visual comparison of their apparent sizes suggests a substantial difference in scale.

[Conclusion]: The objects are not depicted in their correct relative sizes. The hippopotamus is much larger than the koala in the image."
pair_286.png,Are the objects in their correct relative sizes?,The whale on the left is significantly larger than the shark on the right. The whale appears to be much wider and taller.,"The relative sizes of the animals in the image are not accurate. The whale is depicted as being substantially larger than the shark, which is a common depiction of the animals' actual size differences. A whale is generally much larger than a shark.","No, the objects are not in their correct relative sizes. The whale is portrayed as being much larger than it actually is compared to the shark.","[Observation]: The whale on the left is significantly larger than the shark on the right. The whale appears to be much wider and taller.

[Assessment]: The relative sizes of the animals in the image are not accurate. The whale is depicted as being substantially larger than the shark, which is a common depiction of the animals' actual size differences. A whale is generally much larger than a shark.

[Conclusion]: No, the objects are not in their correct relative sizes. The whale is portrayed as being much larger than it actually is compared to the shark."
pair_093.png,Are the objects in their correct relative sizes?,"The image shows a giraffe and a squid. The giraffe is a tall, slender animal with a long neck and legs. The squid is a large, elongated creature with tentacles and a bulbous body.",The squid appears significantly larger than the giraffe. A quick visual estimation suggests the squid is at least three times the height of the giraffe. The squid's length also appears to be much greater than the giraffe's.,"No, the objects are not in their correct relative sizes. The squid is significantly larger than the giraffe in the image.","[Observation]: The image shows a giraffe and a squid. The giraffe is a tall, slender animal with a long neck and legs. The squid is a large, elongated creature with tentacles and a bulbous body.

[Assessment]: The squid appears significantly larger than the giraffe. A quick visual estimation suggests the squid is at least three times the height of the giraffe. The squid's length also appears to be much greater than the giraffe's.

[Conclusion]: No, the objects are not in their correct relative sizes. The squid is significantly larger than the giraffe in the image."
pair_244.png,Are the objects in their correct relative sizes?,"The reindeer on the left is significantly larger than the kangaroo on the right. The reindeer has a much longer body and legs, and its antlers are considerably bigger.","The relative sizes in the image are not accurate. The reindeer is portrayed as much larger than the kangaroo, which is a common misconception due to the reindeer's larger overall size. The artist has likely exaggerated the size of the reindeer to emphasize its stature.","No, the objects are not depicted in their correct relative sizes. The reindeer is significantly larger than the kangaroo, but this is an exaggeration in the illustration.","[Observation]: The reindeer on the left is significantly larger than the kangaroo on the right. The reindeer has a much longer body and legs, and its antlers are considerably bigger.

[Assessment]: The relative sizes in the image are not accurate. The reindeer is portrayed as much larger than the kangaroo, which is a common misconception due to the reindeer's larger overall size. The artist has likely exaggerated the size of the reindeer to emphasize its stature.

[Conclusion]: No, the objects are not depicted in their correct relative sizes. The reindeer is significantly larger than the kangaroo, but this is an exaggeration in the illustration."
pair_337.png,Are the objects in their correct relative sizes?,The image shows a large brown bear and a large squid. The squid is significantly longer than the bear.,"The squid is demonstrably much larger than the bear in terms of length. The bear appears to be roughly the size of a small child, while the squid is depicted as a massive creature, easily dwarfing the bear.","No, the objects are not in their correct relative sizes. The squid is significantly larger than the bear.","[Observation]: The image shows a large brown bear and a large squid. The squid is significantly longer than the bear.

[Assessment]: The squid is demonstrably much larger than the bear in terms of length. The bear appears to be roughly the size of a small child, while the squid is depicted as a massive creature, easily dwarfing the bear.

[Conclusion]: No, the objects are not in their correct relative sizes. The squid is significantly larger than the bear."
pair_127.png,Are the objects in their correct relative sizes?,"The image shows a large beluga whale and a small, dark-colored animal (likely a weasel or similar small mammal) on the left and right sides of the whale.","The small animal is significantly smaller than the beluga whale. The relative size difference is quite pronounced, with the animal appearing to be about one-tenth the size of the whale.",The objects are not depicted in their correct relative sizes. The small animal is drastically undersized compared to the beluga whale.,"[Observation]: The image shows a large beluga whale and a small, dark-colored animal (likely a weasel or similar small mammal) on the left and right sides of the whale.

[Assessment]: The small animal is significantly smaller than the beluga whale. The relative size difference is quite pronounced, with the animal appearing to be about one-tenth the size of the whale.

[Conclusion]: The objects are not depicted in their correct relative sizes. The small animal is drastically undersized compared to the beluga whale."
pair_187.png,Are the objects in their correct relative sizes?,"The panda is significantly larger than the toucan. The toucan is perched on a small branch, appearing quite small in comparison to the panda.","The relative sizes of the panda and toucan are not accurately represented. The toucan is drawn much smaller than it actually is in reality. The panda's size is somewhat more accurate, but still appears a bit larger than it should be.","No, the objects are not depicted in their correct relative sizes. The toucan is disproportionately small.","[Observation]: The panda is significantly larger than the toucan. The toucan is perched on a small branch, appearing quite small in comparison to the panda.

[Assessment]: The relative sizes of the panda and toucan are not accurately represented. The toucan is drawn much smaller than it actually is in reality. The panda's size is somewhat more accurate, but still appears a bit larger than it should be.

[Conclusion]: No, the objects are not depicted in their correct relative sizes. The toucan is disproportionately small."
pair_231.png,Are the objects in their correct relative sizes?,"The camel is significantly larger than the platypus. The platypus is small and compact, while the camel is tall and imposing.","The relative sizes appear to be inaccurate. The platypus is much smaller than it should be in proportion to the camel. A platypus is typically around 12-18 inches long, while the camel in the image appears to be much larger.","No, the objects are not in their correct relative sizes. The platypus is significantly undersized compared to the camel.","[Observation]: The camel is significantly larger than the platypus. The platypus is small and compact, while the camel is tall and imposing.

[Assessment]: The relative sizes appear to be inaccurate. The platypus is much smaller than it should be in proportion to the camel. A platypus is typically around 12-18 inches long, while the camel in the image appears to be much larger.

[Conclusion]: No, the objects are not in their correct relative sizes. The platypus is significantly undersized compared to the camel."
pair_255.png,Are the objects in their correct relative sizes?,"The reindeer is significantly larger than the rooster. The rooster is small and compact, while the reindeer is tall and imposing.","The rooster is depicted as being much smaller than the reindeer. A typical adult reindeer is considerably larger than a rooster, and the image accurately reflects this size difference. The rooster's size is proportionally correct relative to the reindeer.","Yes, the objects are depicted in their correct relative sizes.","[Observation]: The reindeer is significantly larger than the rooster. The rooster is small and compact, while the reindeer is tall and imposing.

[Assessment]:  The rooster is depicted as being much smaller than the reindeer. A typical adult reindeer is considerably larger than a rooster, and the image accurately reflects this size difference. The rooster's size is proportionally correct relative to the reindeer.

[Conclusion]: Yes, the objects are depicted in their correct relative sizes."
pair_174.png,Are the objects in their correct relative sizes?,"The red panda is significantly larger than the toucan. The toucan is perched on the red panda's back, appearing much smaller in comparison.","The relative sizes of the animals in the image are not accurate. The toucan is depicted as being much smaller than it actually is, and the red panda is portrayed as being larger than it typically is. This is likely due to artistic license and prioritizing the toucan's position for visual interest.",The objects are not in their correct relative sizes.,"[Observation]: The red panda is significantly larger than the toucan. The toucan is perched on the red panda's back, appearing much smaller in comparison.

[Assessment]: The relative sizes of the animals in the image are not accurate. The toucan is depicted as being much smaller than it actually is, and the red panda is portrayed as being larger than it typically is. This is likely due to artistic license and prioritizing the toucan's position for visual interest.

[Conclusion]: The objects are not in their correct relative sizes."
pair_241.png,Are the objects in their correct relative sizes?,"The reindeer appears significantly larger than the narwhal. The narwhal is positioned to the right of the reindeer, and it seems much smaller in comparison.","Based on visual estimation, the reindeer is considerably taller and broader than the narwhal. The narwhal's length appears to be roughly half the length of the reindeer.","No, the objects are not depicted in their correct relative sizes. The narwhal is significantly smaller than the reindeer.","[Observation]: The reindeer appears significantly larger than the narwhal. The narwhal is positioned to the right of the reindeer, and it seems much smaller in comparison.

[Assessment]: Based on visual estimation, the reindeer is considerably taller and broader than the narwhal. The narwhal's length appears to be roughly half the length of the reindeer.

[Conclusion]: No, the objects are not depicted in their correct relative sizes. The narwhal is significantly smaller than the reindeer."
pair_342.png,Are the objects in their correct relative sizes?,"The image shows a large squid against a plain white background. The squid has a long body and numerous tentacles extending outwards. A small, dark object (likely a pebble) is positioned near the base of the squid.","The squid appears significantly larger than the pebble. The squid's body length is estimated to be roughly 10-12 times the size of the pebble. The tentacles are also proportionally large relative to the body and the pebble. The scale difference seems reasonable, suggesting the image is attempting to represent a realistic size comparison.","Yes, the objects appear to be in their correct relative sizes.","[Observation]: The image shows a large squid against a plain white background. The squid has a long body and numerous tentacles extending outwards. A small, dark object (likely a pebble) is positioned near the base of the squid.

[Assessment]: The squid appears significantly larger than the pebble. The squid's body length is estimated to be roughly 10-12 times the size of the pebble. The tentacles are also proportionally large relative to the body and the pebble. The scale difference seems reasonable, suggesting the image is attempting to represent a realistic size comparison.

[Conclusion]: Yes, the objects appear to be in their correct relative sizes."
pair_120.png,Are the objects in their correct relative sizes?,"The badger is significantly smaller than the panda. The badger is crouching low to the ground, while the panda is sitting upright and appears much larger.","The badger's proportions appear to be accurately represented, with its legs and body size reflecting its actual size relative to a human. However, the panda is drawn much larger, exaggerating its size and bulk. The panda's proportions are also somewhat exaggerated, with its belly and legs appearing larger than they realistically are.","No, the objects are not in their correct relative sizes. The panda is drawn significantly larger than the badger, creating a misleading impression of scale.","[Observation]: The badger is significantly smaller than the panda. The badger is crouching low to the ground, while the panda is sitting upright and appears much larger.

[Assessment]: The badger's proportions appear to be accurately represented, with its legs and body size reflecting its actual size relative to a human. However, the panda is drawn much larger, exaggerating its size and bulk. The panda's proportions are also somewhat exaggerated, with its belly and legs appearing larger than they realistically are.

[Conclusion]: No, the objects are not in their correct relative sizes. The panda is drawn significantly larger than the badger, creating a misleading impression of scale."
pair_308.png,Are the objects in their correct relative sizes?,"The platypus is significantly larger than the toucan. The toucan is perched on the platypus's back, appearing much smaller in comparison.",The relative sizes of the animals in the image are not accurate. The toucan is depicted as being much smaller than it actually is in reality. Platypuses are considerably larger animals. The artist has clearly exaggerated the size of the toucan to make it appear more prominent.,The objects in the image are not depicted in their correct relative sizes.,"[Observation]: The platypus is significantly larger than the toucan. The toucan is perched on the platypus's back, appearing much smaller in comparison.

[Assessment]: The relative sizes of the animals in the image are not accurate. The toucan is depicted as being much smaller than it actually is in reality. Platypuses are considerably larger animals. The artist has clearly exaggerated the size of the toucan to make it appear more prominent.

[Conclusion]: The objects in the image are not depicted in their correct relative sizes."
pair_152.png,Are the objects in their correct relative sizes?,"The lemur appears significantly larger than the axolotl. The lemur is depicted as a sizable animal with a long tail, while the axolotl is a small, elongated creature.","Based on visual proportions, the lemur is demonstrably much larger than the axolotl. The relative size difference is quite pronounced, with the lemur taking up a substantial portion of the image compared to the tiny axolotl.","No, the objects are not depicted in their correct relative sizes. The lemur is significantly larger than the axolotl in the image.","[Observation]: The lemur appears significantly larger than the axolotl. The lemur is depicted as a sizable animal with a long tail, while the axolotl is a small, elongated creature.

[Assessment]: Based on visual proportions, the lemur is demonstrably much larger than the axolotl. The relative size difference is quite pronounced, with the lemur taking up a substantial portion of the image compared to the tiny axolotl.

[Conclusion]: No, the objects are not depicted in their correct relative sizes. The lemur is significantly larger than the axolotl in the image."
pair_310.png,Are the objects in their correct relative sizes?,The platypus is significantly smaller than the penguin. The penguin is much taller and appears larger overall.,"The platypus is a relatively small mammal, while penguins are large birds. The visual representation accurately reflects the typical size difference between these two animals. The penguin is drawn to be proportionally larger, which is accurate.","Yes, the objects are depicted with their correct relative sizes in the image.","[Observation]: The platypus is significantly smaller than the penguin. The penguin is much taller and appears larger overall.
[Assessment]: The platypus is a relatively small mammal, while penguins are large birds. The visual representation accurately reflects the typical size difference between these two animals. The penguin is drawn to be proportionally larger, which is accurate.
[Conclusion]: Yes, the objects are depicted with their correct relative sizes in the image."
pair_075.png,Are the objects in their correct relative sizes?,"The giraffe is significantly taller than the panda. The panda is sitting on the ground, and the giraffe is standing tall.",The giraffe's height is dramatically greater than the panda's. The panda appears to be about one-third the height of the giraffe. This is a reasonable representation of the actual size difference between these animals.,"Yes, the objects are depicted with their correct relative sizes.","[Observation]: The giraffe is significantly taller than the panda. The panda is sitting on the ground, and the giraffe is standing tall.

[Assessment]: The giraffe's height is dramatically greater than the panda's. The panda appears to be about one-third the height of the giraffe. This is a reasonable representation of the actual size difference between these animals.

[Conclusion]: Yes, the objects are depicted with their correct relative sizes."
pair_070.png,Are the objects in their correct relative sizes?,The meerkat is small and standing close to a large rooster. The rooster is significantly taller and wider than the meerkat.,"The relative sizes appear to be inaccurate. The rooster is much larger than the meerkat, and the meerkat appears to be significantly smaller. A visual comparison suggests a considerable size difference.","No, the objects are not depicted in their correct relative sizes. The rooster is much larger than the meerkat.","[Observation]: The meerkat is small and standing close to a large rooster. The rooster is significantly taller and wider than the meerkat.

[Assessment]: The relative sizes appear to be inaccurate. The rooster is much larger than the meerkat, and the meerkat appears to be significantly smaller. A visual comparison suggests a considerable size difference.

[Conclusion]: No, the objects are not depicted in their correct relative sizes. The rooster is much larger than the meerkat."
pair_141.png,Are the objects in their correct relative sizes?,"The panda is significantly larger than the lemur. The panda is sprawled out, taking up a large portion of the image, while the lemur is small and positioned to the side.","A panda is considerably larger than a lemur in real life. The lemur is a small primate, typically around 10-20 inches in length, while a giant panda can be 6-8 feet tall when standing. The artist has accurately represented the relative size difference, with the panda appearing much larger and the lemur appearing smaller.","Yes, the objects are depicted with their correct relative sizes.","[Observation]: The panda is significantly larger than the lemur. The panda is sprawled out, taking up a large portion of the image, while the lemur is small and positioned to the side.

[Assessment]:  A panda is considerably larger than a lemur in real life. The lemur is a small primate, typically around 10-20 inches in length, while a giant panda can be 6-8 feet tall when standing. The artist has accurately represented the relative size difference, with the panda appearing much larger and the lemur appearing smaller.

[Conclusion]: Yes, the objects are depicted with their correct relative sizes."
pair_033.png,Are the objects in their correct relative sizes?,The cheetah is significantly larger than the red panda. The cheetah appears to be about three to four times the height of the red panda.,"Based on visual proportions, the cheetah is demonstrably much bigger than the red panda. The cheetah's body length and overall stature are far greater.",The objects are not depicted in their correct relative sizes. The cheetah is significantly larger than the red panda.,"[Observation]: The cheetah is significantly larger than the red panda. The cheetah appears to be about three to four times the height of the red panda.

[Assessment]:  Based on visual proportions, the cheetah is demonstrably much bigger than the red panda. The cheetah's body length and overall stature are far greater.

[Conclusion]: The objects are not depicted in their correct relative sizes. The cheetah is significantly larger than the red panda."
pair_151.png,Are the objects in their correct relative sizes?,The lemur appears significantly larger than the platypus. The lemur is standing tall and appears to be about twice the height of the platypus.,The relative sizes in the image are not accurate. The platypus is much smaller than the lemur.  The artist has likely exaggerated the size of the lemur to make it more visually prominent.,The objects are not depicted in their correct relative sizes. The lemur is much larger than it should be compared to the platypus.,"[Observation]: The lemur appears significantly larger than the platypus. The lemur is standing tall and appears to be about twice the height of the platypus.

[Assessment]:  The relative sizes in the image are not accurate. The platypus is much smaller than the lemur.  The artist has likely exaggerated the size of the lemur to make it more visually prominent.

[Conclusion]: The objects are not depicted in their correct relative sizes. The lemur is much larger than it should be compared to the platypus."
pair_021.png,Are the objects in their correct relative sizes?,The image shows a large elephant and a small toucan.,"The toucan is significantly smaller than the elephant. Its size is proportionally much smaller, appearing as if it's a tiny bird next to the massive elephant.",The objects are not in their correct relative sizes. The toucan is drastically undersized compared to the elephant.,"[Observation]: The image shows a large elephant and a small toucan.

[Assessment]: The toucan is significantly smaller than the elephant. Its size is proportionally much smaller, appearing as if it's a tiny bird next to the massive elephant.

[Conclusion]: The objects are not in their correct relative sizes. The toucan is drastically undersized compared to the elephant."
pair_245.png,Are the objects in their correct relative sizes?,The image shows a large caribou (reindeer) and a small koala. The caribou is depicted as significantly taller and larger than the koala.,"Based on visual proportions, the caribou appears to be roughly 5-7 times larger than the koala. The koala is small and compact, while the caribou is a massive animal with a prominent set of antlers.","Yes, the objects are depicted in their correct relative sizes. The koala is appropriately small compared to the caribou.","[Observation]: The image shows a large caribou (reindeer) and a small koala. The caribou is depicted as significantly taller and larger than the koala.

[Assessment]:  Based on visual proportions, the caribou appears to be roughly 5-7 times larger than the koala. The koala is small and compact, while the caribou is a massive animal with a prominent set of antlers.

[Conclusion]: Yes, the objects are depicted in their correct relative sizes. The koala is appropriately small compared to the caribou."
pair_288.png,Are the objects in their correct relative sizes?,The image shows a large beluga whale and a small rooster. The rooster is positioned relatively close to the whale's body.,The rooster is significantly smaller than the beluga whale. It appears to be about one-tenth the size of the whale. The relative proportions in the image seem accurate.,"Yes, the objects are in their correct relative sizes.","[Observation]: The image shows a large beluga whale and a small rooster. The rooster is positioned relatively close to the whale's body.

[Assessment]: The rooster is significantly smaller than the beluga whale. It appears to be about one-tenth the size of the whale. The relative proportions in the image seem accurate.

[Conclusion]: Yes, the objects are in their correct relative sizes."
pair_176.png,Are the objects in their correct relative sizes?,The red panda is significantly smaller than the penguin. The penguin is standing tall and appears much larger in proportion to the red panda.,The relative sizes of the animals in the image are not accurate. A penguin is typically much larger than a red panda. The artist has clearly exaggerated the size of the penguin to make it appear larger.,The objects are not in their correct relative sizes. The penguin is significantly larger than the red panda.,"[Observation]: The red panda is significantly smaller than the penguin. The penguin is standing tall and appears much larger in proportion to the red panda.
[Assessment]: The relative sizes of the animals in the image are not accurate. A penguin is typically much larger than a red panda. The artist has clearly exaggerated the size of the penguin to make it appear larger.
[Conclusion]: The objects are not in their correct relative sizes. The penguin is significantly larger than the red panda."
pair_142.png,Are the objects in their correct relative sizes?,The image shows a large Komodo dragon and a small lemur. The lemur is positioned close to the dragon's head.,The lemur appears significantly smaller than the Komodo dragon. A visual comparison suggests the lemur is roughly one-tenth the size of the dragon.,The objects are not depicted in their correct relative sizes. The lemur is much smaller than the Komodo dragon in the image.,"[Observation]: The image shows a large Komodo dragon and a small lemur. The lemur is positioned close to the dragon's head.

[Assessment]: The lemur appears significantly smaller than the Komodo dragon. A visual comparison suggests the lemur is roughly one-tenth the size of the dragon.

[Conclusion]: The objects are not depicted in their correct relative sizes. The lemur is much smaller than the Komodo dragon in the image."
pair_017.png,Are the objects in their correct relative sizes?,The image shows a large elephant and a small koala. The elephant is depicted as significantly larger than the koala.,"The koala is drawn very small in comparison to the elephant. The relative size difference is quite pronounced, with the elephant appearing to be several times larger than the koala.","No, the objects are not depicted in their correct relative sizes. The koala is significantly smaller than the elephant in the image.","[Observation]: The image shows a large elephant and a small koala. The elephant is depicted as significantly larger than the koala.

[Assessment]: The koala is drawn very small in comparison to the elephant. The relative size difference is quite pronounced, with the elephant appearing to be several times larger than the koala.

[Conclusion]: No, the objects are not depicted in their correct relative sizes. The koala is significantly smaller than the elephant in the image."
pair_135.png,Are the objects in their correct relative sizes?,The badger on the left is significantly smaller than the penguin on the right. The penguin appears to be roughly twice the size of the badger.,The relative sizes of the animals in the image appear to be inaccurate. A badger is typically much larger than a penguin. The artist has clearly exaggerated the penguin's size to make it appear larger.,The objects are not in their correct relative sizes. The penguin is significantly larger than it should be compared to the badger.,"[Observation]: The badger on the left is significantly smaller than the penguin on the right. The penguin appears to be roughly twice the size of the badger.

[Assessment]:  The relative sizes of the animals in the image appear to be inaccurate. A badger is typically much larger than a penguin. The artist has clearly exaggerated the penguin's size to make it appear larger.

[Conclusion]: The objects are not in their correct relative sizes. The penguin is significantly larger than it should be compared to the badger."
pair_243.png,Are the objects in their correct relative sizes?,"The image shows a caribou (reindeer) and a beluga whale. The caribou is depicted as a medium-sized animal with antlers, while the beluga whale is a large, elongated animal.","The beluga whale is significantly larger than the caribou in the image. A beluga whale is typically 15-23 feet long and weighs 3-4 tons, whereas a caribou is around 4-6 feet long and weighs 300-600 pounds. The relative sizes in the image are clearly exaggerated, with the beluga whale appearing much larger than it actually is.","No, the objects are not depicted in their correct relative sizes. The beluga whale is significantly larger than the caribou in the image.","[Observation]: The image shows a caribou (reindeer) and a beluga whale. The caribou is depicted as a medium-sized animal with antlers, while the beluga whale is a large, elongated animal.

[Assessment]: The beluga whale is significantly larger than the caribou in the image. A beluga whale is typically 15-23 feet long and weighs 3-4 tons, whereas a caribou is around 4-6 feet long and weighs 300-600 pounds. The relative sizes in the image are clearly exaggerated, with the beluga whale appearing much larger than it actually is.

[Conclusion]: No, the objects are not depicted in their correct relative sizes. The beluga whale is significantly larger than the caribou in the image."
pair_260.png,Are the objects in their correct relative sizes?,"The narwhal in the image is significantly larger than the small, reddish-brown object at its feet.","The narwhal appears to be a large whale, while the small object is likely a stylized representation of a small invertebrate, possibly a shrimp or crab. The size difference between the two is substantial, with the narwhal being many times larger.",The objects are not in their correct relative sizes. The narwhal is much larger than the small object depicted at its feet.,"[Observation]: The narwhal in the image is significantly larger than the small, reddish-brown object at its feet.

[Assessment]: The narwhal appears to be a large whale, while the small object is likely a stylized representation of a small invertebrate, possibly a shrimp or crab. The size difference between the two is substantial, with the narwhal being many times larger.

[Conclusion]: The objects are not in their correct relative sizes. The narwhal is much larger than the small object depicted at its feet."
pair_129.png,Are the objects in their correct relative sizes?,The badger on the left is significantly larger than the koala on the right. The badger appears to be about twice as tall as the koala.,The relative sizes in the image are not accurate. The badger is much larger than the koala. A visual comparison suggests a significant size difference.,The objects are not in their correct relative sizes. The badger is much larger than the koala.,"[Observation]: The badger on the left is significantly larger than the koala on the right. The badger appears to be about twice as tall as the koala.

[Assessment]: The relative sizes in the image are not accurate. The badger is much larger than the koala. A visual comparison suggests a significant size difference.

[Conclusion]: The objects are not in their correct relative sizes. The badger is much larger than the koala."
pair_015.png,Are the objects in their correct relative sizes?,The elephant is significantly larger than the beluga whale. The elephant appears to be about three to four times the size of the beluga whale.,"Based on visual comparison, the elephant is demonstrably much larger in terms of height, length, and overall mass. The beluga whale is comparatively small and streamlined.",The objects are not depicted in their correct relative sizes. The elephant is significantly larger than the beluga whale.,"[Observation]: The elephant is significantly larger than the beluga whale. The elephant appears to be about three to four times the size of the beluga whale.

[Assessment]:  Based on visual comparison, the elephant is demonstrably much larger in terms of height, length, and overall mass. The beluga whale is comparatively small and streamlined.

[Conclusion]: The objects are not depicted in their correct relative sizes. The elephant is significantly larger than the beluga whale."
pair_253.png,Are the objects in their correct relative sizes?,The reindeer appears significantly smaller than the shark. The shark is depicted as much larger and more imposing.,"Based on visual proportions, the reindeer is considerably smaller than the shark. A typical adult reindeer stands around 5.5 to 6.5 feet tall, while a large shark like a Great White can reach lengths of 15 to 20 feet. The relative sizes in the image do not accurately reflect these actual dimensions.",The objects are not depicted in their correct relative sizes. The shark is significantly larger than the reindeer.,"[Observation]: The reindeer appears significantly smaller than the shark. The shark is depicted as much larger and more imposing.
[Assessment]: Based on visual proportions, the reindeer is considerably smaller than the shark. A typical adult reindeer stands around 5.5 to 6.5 feet tall, while a large shark like a Great White can reach lengths of 15 to 20 feet. The relative sizes in the image do not accurately reflect these actual dimensions.
[Conclusion]: The objects are not depicted in their correct relative sizes. The shark is significantly larger than the reindeer."
pair_032.png,Are the objects in their correct relative sizes?,The image shows a cheetah and a lemur. The cheetah is significantly larger than the lemur. The cheetah appears to be about three to four times larger in height and length compared to the lemur.,"The relative sizes of the animals in the image are not accurate. The cheetah is depicted as much larger than it realistically should be compared to a lemur. A cheetah is a large cat, but it is not typically depicted as being this dramatically oversized. The lemur is drawn to be a reasonable size, reflecting its actual size.","The objects in the image are not depicted with their correct relative sizes. The cheetah is exaggeratedly large, while the lemur is appropriately sized.","[Observation]: The image shows a cheetah and a lemur. The cheetah is significantly larger than the lemur. The cheetah appears to be about three to four times larger in height and length compared to the lemur.

[Assessment]: The relative sizes of the animals in the image are not accurate. The cheetah is depicted as much larger than it realistically should be compared to a lemur. A cheetah is a large cat, but it is not typically depicted as being this dramatically oversized. The lemur is drawn to be a reasonable size, reflecting its actual size.

[Conclusion]: The objects in the image are not depicted with their correct relative sizes. The cheetah is exaggeratedly large, while the lemur is appropriately sized."
pair_345.png,Are the objects in their correct relative sizes?,The image shows a large shark and a small rooster. The shark is depicted as significantly larger than the rooster.,"The relative sizes of the shark and rooster appear to be exaggerated. The shark is drawn much larger than the rooster, making the difference in size quite dramatic. It's a common visual trope to depict animals in an unrealistic size comparison for comedic effect.","The objects are not depicted in their correct relative sizes. The shark is significantly larger than the rooster, likely for humorous effect.","[Observation]: The image shows a large shark and a small rooster. The shark is depicted as significantly larger than the rooster.

[Assessment]: The relative sizes of the shark and rooster appear to be exaggerated. The shark is drawn much larger than the rooster, making the difference in size quite dramatic. It's a common visual trope to depict animals in an unrealistic size comparison for comedic effect.

[Conclusion]: The objects are not depicted in their correct relative sizes. The shark is significantly larger than the rooster, likely for humorous effect."
pair_168.png,Are the objects in their correct relative sizes?,"The image shows a red panda and a beluga whale. The red panda is small and appears to be looking up at the beluga whale, which is significantly larger.","The relative sizes of the animals in the image are clearly exaggerated. The beluga whale is dramatically larger than the red panda, making the difference in size very apparent. The red panda is depicted as being quite small in comparison to the whale.","The objects are not depicted in their correct relative sizes. The beluga whale is significantly larger than the red panda, and the image exaggerates this difference for comedic effect.","[Observation]: The image shows a red panda and a beluga whale. The red panda is small and appears to be looking up at the beluga whale, which is significantly larger.

[Assessment]: The relative sizes of the animals in the image are clearly exaggerated. The beluga whale is dramatically larger than the red panda, making the difference in size very apparent. The red panda is depicted as being quite small in comparison to the whale.

[Conclusion]: The objects are not depicted in their correct relative sizes. The beluga whale is significantly larger than the red panda, and the image exaggerates this difference for comedic effect."
pair_097.png,Are the objects in their correct relative sizes?,The image shows a large hippopotamus and a smaller red panda. The hippopotamus is significantly larger than the red panda.,The red panda is depicted as being much smaller than the hippopotamus. A visual comparison of their sizes suggests a considerable difference in scale. The red panda is almost a miniature version of the hippopotamus.,The objects are not depicted in their correct relative sizes. The red panda is significantly smaller than the hippopotamus in the image.,"[Observation]: The image shows a large hippopotamus and a smaller red panda. The hippopotamus is significantly larger than the red panda.

[Assessment]: The red panda is depicted as being much smaller than the hippopotamus. A visual comparison of their sizes suggests a considerable difference in scale. The red panda is almost a miniature version of the hippopotamus.

[Conclusion]: The objects are not depicted in their correct relative sizes. The red panda is significantly smaller than the hippopotamus in the image."
pair_195.png,Are the objects in their correct relative sizes?,"The image shows a Komodo dragon on the left and a narwhal on the right. The dragon is a medium-sized reptile, and the narwhal is a large marine mammal.",The narwhal is significantly larger than the Komodo dragon. A quick visual estimation suggests the narwhal is at least 5-6 times larger than the dragon in terms of length and overall size.,"No, the objects are not depicted in their correct relative sizes. The narwhal is substantially larger than the Komodo dragon.","[Observation]: The image shows a Komodo dragon on the left and a narwhal on the right. The dragon is a medium-sized reptile, and the narwhal is a large marine mammal.

[Assessment]: The narwhal is significantly larger than the Komodo dragon. A quick visual estimation suggests the narwhal is at least 5-6 times larger than the dragon in terms of length and overall size.

[Conclusion]: No, the objects are not depicted in their correct relative sizes. The narwhal is substantially larger than the Komodo dragon."
pair_091.png,Are the objects in their correct relative sizes?,"The image shows a giraffe standing on a small, round stone.",The giraffe is significantly taller than the stone it is standing on. The giraffe's legs are also proportionally long compared to its body size.,The objects are not in their correct relative sizes. The giraffe is much larger than the stone it is standing on.,"[Observation]: The image shows a giraffe standing on a small, round stone.

[Assessment]: The giraffe is significantly taller than the stone it is standing on. The giraffe's legs are also proportionally long compared to its body size.

[Conclusion]: The objects are not in their correct relative sizes. The giraffe is much larger than the stone it is standing on."
pair_112.png,Are the objects in their correct relative sizes?,"The hippopotamus is significantly larger than the bear. The bear is standing on its hind legs and appears smaller in comparison to the hippopotamus, which is depicted in a more grounded, full-body stance.","The relative sizes in the image appear to be somewhat distorted. The bear is drawn smaller than it likely would be in reality, especially when standing on its hind legs. The hippopotamus is proportionally larger, which is a common artistic choice to emphasize its size and power.","The objects are not depicted with their correct relative sizes. The bear is drawn smaller than it should be, and the hippopotamus is drawn larger than it should be.","[Observation]: The hippopotamus is significantly larger than the bear. The bear is standing on its hind legs and appears smaller in comparison to the hippopotamus, which is depicted in a more grounded, full-body stance.

[Assessment]:  The relative sizes in the image appear to be somewhat distorted. The bear is drawn smaller than it likely would be in reality, especially when standing on its hind legs. The hippopotamus is proportionally larger, which is a common artistic choice to emphasize its size and power.

[Conclusion]: The objects are not depicted with their correct relative sizes. The bear is drawn smaller than it should be, and the hippopotamus is drawn larger than it should be."
pair_333.png,Are the objects in their correct relative sizes?,The toucan is significantly smaller than the rooster. The rooster is much larger and more imposing in size.,The relative sizes of the two birds are clearly not accurate. The toucan appears to be much smaller than it should be compared to the rooster. This is likely due to the artist exaggerating the size of the rooster for visual impact.,The objects are not in their correct relative sizes. The rooster is significantly larger than the toucan.,"[Observation]: The toucan is significantly smaller than the rooster. The rooster is much larger and more imposing in size.
[Assessment]: The relative sizes of the two birds are clearly not accurate. The toucan appears to be much smaller than it should be compared to the rooster. This is likely due to the artist exaggerating the size of the rooster for visual impact.
[Conclusion]: The objects are not in their correct relative sizes. The rooster is significantly larger than the toucan."
pair_110.png,Are the objects in their correct relative sizes?,"The image shows a large hippopotamus and a small, leafy branch.","The branch appears significantly smaller than the hippopotamus. The hippopotamus is depicted as a large, bulky animal, while the branch is tiny in comparison.",The objects are not in their correct relative sizes. The branch is much too small relative to the hippopotamus.,"[Observation]: The image shows a large hippopotamus and a small, leafy branch.

[Assessment]: The branch appears significantly smaller than the hippopotamus. The hippopotamus is depicted as a large, bulky animal, while the branch is tiny in comparison.

[Conclusion]: The objects are not in their correct relative sizes. The branch is much too small relative to the hippopotamus."
pair_246.png,Are the objects in their correct relative sizes?,"The image shows a caribou (reindeer) and a platypus. The caribou is a large animal, and the platypus is a small, compact animal.",The platypus is significantly smaller than the caribou. It appears to be roughly one-tenth the size of the caribou.,"No, the objects are not in their correct relative sizes. The platypus is much smaller than it should be in proportion to the caribou.","[Observation]: The image shows a caribou (reindeer) and a platypus. The caribou is a large animal, and the platypus is a small, compact animal.

[Assessment]: The platypus is significantly smaller than the caribou. It appears to be roughly one-tenth the size of the caribou.

[Conclusion]: No, the objects are not in their correct relative sizes. The platypus is much smaller than it should be in proportion to the caribou."
pair_010.png,Are the objects in their correct relative sizes?,"The elephant is significantly larger than the leopard. The elephant's legs and body are much more substantial, and it appears to be towering over the leopard. The leopard is small and appears to be quite a distance away from the elephant.","Based on visual proportions, the elephant is demonstrably much larger than the leopard. The relative size difference is quite pronounced, with the elephant taking up a large portion of the image and the leopard appearing tiny in comparison.","Yes, the objects are depicted in their correct relative sizes. The image accurately portrays the immense size difference between an elephant and a leopard.","[Observation]: The elephant is significantly larger than the leopard. The elephant's legs and body are much more substantial, and it appears to be towering over the leopard. The leopard is small and appears to be quite a distance away from the elephant.

[Assessment]: Based on visual proportions, the elephant is demonstrably much larger than the leopard. The relative size difference is quite pronounced, with the elephant taking up a large portion of the image and the leopard appearing tiny in comparison.

[Conclusion]: Yes, the objects are depicted in their correct relative sizes. The image accurately portrays the immense size difference between an elephant and a leopard."
pair_329.png,Are the objects in their correct relative sizes?,The toucan is significantly smaller than the penguin. The penguin is much taller and appears larger overall.,The relative sizes of the animals in the image are not accurate. A toucan is typically much smaller than a penguin. The artist has clearly exaggerated the size of the penguin to make it appear larger.,The objects are not in their correct relative sizes. The penguin is significantly larger than the toucan.,"[Observation]: The toucan is significantly smaller than the penguin. The penguin is much taller and appears larger overall.
[Assessment]: The relative sizes of the animals in the image are not accurate. A toucan is typically much smaller than a penguin. The artist has clearly exaggerated the size of the penguin to make it appear larger.
[Conclusion]: The objects are not in their correct relative sizes. The penguin is significantly larger than the toucan."
pair_145.png,Are the objects in their correct relative sizes?,"The image shows a large caribou (reindeer) and a small lemur. The lemur is positioned to the left of the caribou, appearing significantly smaller.",The lemur is demonstrably much smaller than the caribou. A visual comparison shows the lemur is roughly one-tenth the size of the caribou. The lemur's tail is also noticeably shorter in proportion to its body size compared to the caribou.,"Yes, the objects are depicted in their correct relative sizes.","[Observation]: The image shows a large caribou (reindeer) and a small lemur. The lemur is positioned to the left of the caribou, appearing significantly smaller.

[Assessment]: The lemur is demonstrably much smaller than the caribou. A visual comparison shows the lemur is roughly one-tenth the size of the caribou. The lemur's tail is also noticeably shorter in proportion to its body size compared to the caribou.

[Conclusion]: Yes, the objects are depicted in their correct relative sizes."
pair_086.png,Are the objects in their correct relative sizes?,The image shows a giraffe standing tall with a long neck and legs. The giraffe appears to be facing slightly to the left.,The giraffe's neck is significantly longer than its body and legs. The legs appear relatively thin compared to the overall size of the animal. The head is proportionally smaller than the neck.,"The relative sizes of the giraffe's body parts are not entirely accurate. The neck is exaggeratedly long, and the legs are somewhat undersized compared to the rest of the animal.","[Observation]: The image shows a giraffe standing tall with a long neck and legs. The giraffe appears to be facing slightly to the left.

[Assessment]: The giraffe's neck is significantly longer than its body and legs. The legs appear relatively thin compared to the overall size of the animal. The head is proportionally smaller than the neck.

[Conclusion]: The relative sizes of the giraffe's body parts are not entirely accurate. The neck is exaggeratedly long, and the legs are somewhat undersized compared to the rest of the animal."
pair_210.png,Are the objects in their correct relative sizes?,The image shows a small leopard and a large narwhal. The leopard is positioned significantly smaller than the narwhal.,"The leopard is depicted as a tiny, almost miniature version of itself compared to the narwhal. The narwhal is drawn as a large, imposing creature, clearly much bigger than the leopard. The relative sizes are dramatically skewed.",The objects are NOT depicted in their correct relative sizes. The leopard is significantly smaller than it should be in relation to the narwhal.,"[Observation]: The image shows a small leopard and a large narwhal. The leopard is positioned significantly smaller than the narwhal.

[Assessment]: The leopard is depicted as a tiny, almost miniature version of itself compared to the narwhal. The narwhal is drawn as a large, imposing creature, clearly much bigger than the leopard. The relative sizes are dramatically skewed.

[Conclusion]: The objects are NOT depicted in their correct relative sizes. The leopard is significantly smaller than it should be in relation to the narwhal."
pair_230.png,Are the objects in their correct relative sizes?,"The image shows a large camel and a small koala. The koala is positioned to the right of the camel, appearing significantly smaller.","The koala is demonstrably much smaller than the camel. A visual comparison shows a clear difference in scale, with the koala being approximately one-tenth the size of the camel.",The objects are not depicted in their correct relative sizes. The koala is significantly undersized compared to the camel in the image.,"[Observation]: The image shows a large camel and a small koala. The koala is positioned to the right of the camel, appearing significantly smaller.

[Assessment]: The koala is demonstrably much smaller than the camel. A visual comparison shows a clear difference in scale, with the koala being approximately one-tenth the size of the camel.

[Conclusion]: The objects are not depicted in their correct relative sizes. The koala is significantly undersized compared to the camel in the image."
pair_072.png,Are the objects in their correct relative sizes?,The image shows a giraffe and a honey badger. The giraffe is significantly taller than the honey badger.,The honey badger is depicted as being much smaller than the giraffe. A reasonable estimate of the relative size would place the honey badger approximately 1/8th the size of the giraffe.,The objects are not depicted in their correct relative sizes. The honey badger is significantly too large in comparison to the giraffe.,"[Observation]: The image shows a giraffe and a honey badger. The giraffe is significantly taller than the honey badger.

[Assessment]: The honey badger is depicted as being much smaller than the giraffe. A reasonable estimate of the relative size would place the honey badger approximately 1/8th the size of the giraffe.

[Conclusion]: The objects are not depicted in their correct relative sizes. The honey badger is significantly too large in comparison to the giraffe."
pair_048.png,Are the objects in their correct relative sizes?,The cheetah is significantly smaller than the brown bear. The cheetah appears to be roughly half the size of the bear.,"Based on visual comparison, the cheetah is noticeably smaller. The bear's bulk and overall proportions appear much larger. The difference in scale is quite apparent.","Yes, the objects are depicted in their correct relative sizes. The cheetah is indeed smaller than the bear as they are shown in the image.","[Observation]: The cheetah is significantly smaller than the brown bear. The cheetah appears to be roughly half the size of the bear.
[Assessment]: Based on visual comparison, the cheetah is noticeably smaller. The bear's bulk and overall proportions appear much larger. The difference in scale is quite apparent.
[Conclusion]: Yes, the objects are depicted in their correct relative sizes. The cheetah is indeed smaller than the bear as they are shown in the image."
pair_285.png,Are the objects in their correct relative sizes?,The image shows a large beluga whale and two small hedgehogs. The beluga whale is significantly larger than both hedgehogs.,"The relative sizes of the objects are not accurate. The beluga whale is depicted as much larger than it should be compared to the hedgehogs. A beluga whale is a massive animal, and the hedgehogs appear tiny in contrast.",The objects are not in their correct relative sizes. The beluga whale is disproportionately large.,"[Observation]: The image shows a large beluga whale and two small hedgehogs. The beluga whale is significantly larger than both hedgehogs.

[Assessment]: The relative sizes of the objects are not accurate. The beluga whale is depicted as much larger than it should be compared to the hedgehogs. A beluga whale is a massive animal, and the hedgehogs appear tiny in contrast.

[Conclusion]: The objects are not in their correct relative sizes. The beluga whale is disproportionately large."
pair_264.png,Are the objects in their correct relative sizes?,The image shows a narwhal and a hedgehog. The narwhal is significantly larger than the hedgehog.,"The narwhal is depicted as a large whale-like creature, while the hedgehog is a small, rounded animal.  A visual comparison clearly shows the narwhal is much bigger than the hedgehog.",The objects are not in their correct relative sizes. The narwhal is significantly larger than the hedgehog.,"[Observation]: The image shows a narwhal and a hedgehog. The narwhal is significantly larger than the hedgehog.

[Assessment]: The narwhal is depicted as a large whale-like creature, while the hedgehog is a small, rounded animal.  A visual comparison clearly shows the narwhal is much bigger than the hedgehog.

[Conclusion]: The objects are not in their correct relative sizes. The narwhal is significantly larger than the hedgehog."
pair_054.png,Are the objects in their correct relative sizes?,The image shows a large giraffe and a small dog standing side-by-side.,"The dog is significantly smaller than the giraffe. The giraffe's height is dramatically larger, and the dog appears to be about one-tenth the size of the giraffe.",The objects are not depicted in their correct relative sizes. The dog is far too small compared to the giraffe.,"[Observation]: The image shows a large giraffe and a small dog standing side-by-side.

[Assessment]: The dog is significantly smaller than the giraffe. The giraffe's height is dramatically larger, and the dog appears to be about one-tenth the size of the giraffe.

[Conclusion]: The objects are not depicted in their correct relative sizes. The dog is far too small compared to the giraffe."
pair_311.png,Are the objects in their correct relative sizes?,"The platypus is significantly larger than the hedgehog. The hedgehog is small and compact, while the platypus is depicted as a substantial animal with a prominent bill and large paws.","Based on visual proportions, the platypus appears to be much larger than the hedgehog. The hedgehog is a tiny creature, while the platypus is a medium-sized mammal. The relative sizes in the image seem accurate.","Yes, the objects are depicted in their correct relative sizes.","[Observation]: The platypus is significantly larger than the hedgehog. The hedgehog is small and compact, while the platypus is depicted as a substantial animal with a prominent bill and large paws.

[Assessment]: Based on visual proportions, the platypus appears to be much larger than the hedgehog. The hedgehog is a tiny creature, while the platypus is a medium-sized mammal. The relative sizes in the image seem accurate.

[Conclusion]: Yes, the objects are depicted in their correct relative sizes."
pair_102.png,Are the objects in their correct relative sizes?,The image shows a large hippopotamus and a smaller reindeer. The hippopotamus is significantly larger than the reindeer.,"The reindeer appears to be roughly half the size of the hippopotamus. The difference in scale is quite noticeable, with the hippopotamus taking up a much larger portion of the image.",The objects are not depicted in their correct relative sizes. The hippopotamus is significantly larger than the reindeer in the image.,"[Observation]: The image shows a large hippopotamus and a smaller reindeer. The hippopotamus is significantly larger than the reindeer.

[Assessment]: The reindeer appears to be roughly half the size of the hippopotamus. The difference in scale is quite noticeable, with the hippopotamus taking up a much larger portion of the image.

[Conclusion]: The objects are not depicted in their correct relative sizes. The hippopotamus is significantly larger than the reindeer in the image."
pair_052.png,Are the objects in their correct relative sizes?,The image shows a large squid and a small dog. The squid is significantly larger than the dog.,"The relative sizes appear to be drastically off. The squid is much, much larger than the dog. A typical dog is around 1-3 feet in height, while the squid in the image appears to be several feet long, potentially 6-8 feet or more. The scale difference is substantial.","No, the objects are not in their correct relative sizes. The squid is significantly larger than the dog.","[Observation]: The image shows a large squid and a small dog. The squid is significantly larger than the dog.

[Assessment]: The relative sizes appear to be drastically off. The squid is much, much larger than the dog. A typical dog is around 1-3 feet in height, while the squid in the image appears to be several feet long, potentially 6-8 feet or more. The scale difference is substantial.

[Conclusion]: No, the objects are not in their correct relative sizes. The squid is significantly larger than the dog."
