file_name,prompt,verdict,reasoning,observation_old,assessment_old,conclusion_old,raw_response
pair_208.png,Are the objects in their correct relative sizes?,No,"The camel is depicted much larger than it would be in real life compared to the snow leopard. In reality, camels are significantly larger animals, typically standing around 6-7 feet tall at the shoulder and weighing between 1,000 to 2,000 pounds, while snow leopards are much smaller, standing about 3 feet tall at the shoulder and weighing around 90 to 150 pounds. The image exaggerates the size difference between these two animals.",,,,"[Verdict]: No
[Reasoning]: The camel is depicted much larger than it would be in real life compared to the snow leopard. In reality, camels are significantly larger animals, typically standing around 6-7 feet tall at the shoulder and weighing between 1,000 to 2,000 pounds, while snow leopards are much smaller, standing about 3 feet tall at the shoulder and weighing around 90 to 150 pounds. The image exaggerates the size difference between these two animals."
pair_068.png,Are the objects in their correct relative sizes?,No,"The penguin is depicted as significantly larger than the meerkat, which is not accurate to real-life proportions. In reality, a meerkat is much smaller than a penguin. The image exaggerates the size difference between these two animals.",,,,"[Verdict]: No
[Reasoning]: The penguin is depicted as significantly larger than the meerkat, which is not accurate to real-life proportions. In reality, a meerkat is much smaller than a penguin. The image exaggerates the size difference between these two animals."
pair_331.png,Are the objects in their correct relative sizes?,No,"The image shows a great white shark and a toucan. The shark is depicted much larger than the toucan, which is not accurate to real-life proportions. In reality, a great white shark can be several meters long, while a toucan is only about 30-40 cm long. The size difference between these two animals is significantly greater than what is shown in the image.",,,,"[Verdict]: No
[Reasoning]: The image shows a great white shark and a toucan. The shark is depicted much larger than the toucan, which is not accurate to real-life proportions. In reality, a great white shark can be several meters long, while a toucan is only about 30-40 cm long. The size difference between these two animals is significantly greater than what is shown in the image."
pair_193.png,Are the objects in their correct relative sizes?,No,"The image shows a camel and a Komodo dragon, which are not accurately depicted in their correct relative sizes. A Komodo dragon is significantly larger than a camel, but the illustration makes the Komodo dragon appear much smaller than it actually is compared to the camel. This misrepresentation could lead to incorrect perceptions about the size difference between these animals.",,,,"[Verdict]: No
[Reasoning]: The image shows a camel and a Komodo dragon, which are not accurately depicted in their correct relative sizes. A Komodo dragon is significantly larger than a camel, but the illustration makes the Komodo dragon appear much smaller than it actually is compared to the camel. This misrepresentation could lead to incorrect perceptions about the size difference between these animals."
pair_109.png,Are the objects in their correct relative sizes?,Yes,"The image depicts a hippopotamus, which is accurately represented in terms of its size and proportions. The animal's features, such as its large body, short legs, and broad head, are consistent with real-life hippopotamuses. There are no indications of disproportionate scaling or size discrepancies between different parts of the animal.",,,,"[Verdict]: Yes
[Reasoning]: The image depicts a hippopotamus, which is accurately represented in terms of its size and proportions. The animal's features, such as its large body, short legs, and broad head, are consistent with real-life hippopotamuses. There are no indications of disproportionate scaling or size discrepancies between different parts of the animal."
pair_314.png,Are the objects in their correct relative sizes?,No,"The image shows a platypus and a rooster, but the rooster appears to be disproportionately larger than the platypus. In reality, platypuses are much smaller than roosters. The rooster's size is exaggerated compared to the platypus, which is not accurate to their real-life proportions.",,,,"[Verdict]: No
[Reasoning]: The image shows a platypus and a rooster, but the rooster appears to be disproportionately larger than the platypus. In reality, platypuses are much smaller than roosters. The rooster's size is exaggerated compared to the platypus, which is not accurate to their real-life proportions."
pair_132.png,Are the objects in their correct relative sizes?,No,"The image shows two animals, a honey badger and a sloth, but they are not drawn to scale. The honey badger is depicted much larger than it would be compared to a sloth in real life. Sloths are known for being small animals, and they do not typically grow to the size of a honey badger. Therefore, the relative sizes of these animals in the image are incorrect.",,,,"[Verdict]: No
[Reasoning]: The image shows two animals, a honey badger and a sloth, but they are not drawn to scale. The honey badger is depicted much larger than it would be compared to a sloth in real life. Sloths are known for being small animals, and they do not typically grow to the size of a honey badger. Therefore, the relative sizes of these animals in the image are incorrect."
pair_234.png,Are the objects in their correct relative sizes?,No,"The camel is significantly larger than the toucan, which is not typical for their real-world size comparison. In reality, camels are much larger animals compared to birds like toucans. The image appears to be a cartoon or artistic representation where the sizes have been exaggerated for visual effect rather than maintaining realistic proportions.",,,,"[Verdict]: No
[Reasoning]: The camel is significantly larger than the toucan, which is not typical for their real-world size comparison. In reality, camels are much larger animals compared to birds like toucans. The image appears to be a cartoon or artistic representation where the sizes have been exaggerated for visual effect rather than maintaining realistic proportions."
pair_014.png,Are the objects in their correct relative sizes?,No,"The image shows an elephant and a walrus, but the elephant is depicted much larger than it would be in real life compared to a walrus. In reality, elephants are significantly larger animals, and a walrus is not nearly as large as the elephant shown here. The size difference between these two animals in the image is not representative of their actual size ratio.",,,,"[Verdict]: No
[Reasoning]: The image shows an elephant and a walrus, but the elephant is depicted much larger than it would be in real life compared to a walrus. In reality, elephants are significantly larger animals, and a walrus is not nearly as large as the elephant shown here. The size difference between these two animals in the image is not representative of their actual size ratio."
pair_077.png,Are the objects in their correct relative sizes?,No,"The image shows a giraffe and a snow leopard, but the snow leopard is depicted much larger than it would be in real life compared to the giraffe. In reality, a snow leopard is significantly smaller than a giraffe. The giraffe's size is exaggerated relative to the snow leopard, which is not accurate to their real-world proportions.",,,,"[Verdict]: No
[Reasoning]: The image shows a giraffe and a snow leopard, but the snow leopard is depicted much larger than it would be in real life compared to the giraffe. In reality, a snow leopard is significantly smaller than a giraffe. The giraffe's size is exaggerated relative to the snow leopard, which is not accurate to their real-world proportions."
pair_232.png,Are the objects in their correct relative sizes?,Yes,"The image shows a camel with a small lizard in the bottom right corner. The camel is significantly larger than the lizard, which is consistent with the typical size difference between these animals. There are no indications of distortion or scaling issues that would suggest the objects are not in their correct relative sizes.",,,,"[Verdict]: Yes
[Reasoning]: The image shows a camel with a small lizard in the bottom right corner. The camel is significantly larger than the lizard, which is consistent with the typical size difference between these animals. There are no indications of distortion or scaling issues that would suggest the objects are not in their correct relative sizes."
pair_002.png,Are the objects in their correct relative sizes?,No,"The image shows an elephant and a meerkat for scale comparison. The elephant is depicted much larger than it would be in real life compared to a meerkat, which is significantly smaller. This suggests that the relative sizes of the animals are not accurately represented in the image.",,,,"[Verdict]: No
[Reasoning]: The image shows an elephant and a meerkat for scale comparison. The elephant is depicted much larger than it would be in real life compared to a meerkat, which is significantly smaller. This suggests that the relative sizes of the animals are not accurately represented in the image."
pair_007.png,Are the objects in their correct relative sizes?,No,"The image shows an elephant and a red panda, but the red panda is depicted much larger than it would be in real life compared to the elephant. In reality, elephants are significantly larger than red pandas, and the size difference between them should not be as extreme as shown in the image.",,,,"[Verdict]: No
[Reasoning]: The image shows an elephant and a red panda, but the red panda is depicted much larger than it would be in real life compared to the elephant. In reality, elephants are significantly larger than red pandas, and the size difference between them should not be as extreme as shown in the image."
pair_042.png,Are the objects in their correct relative sizes?,No,"The image shows a cheetah and a kangaroo, but they are not drawn to scale. The cheetah is depicted as much larger than it would be compared to a kangaroo in real life. In reality, a kangaroo is significantly larger than a cheetah, especially when considering their full body length and height. The cheetah's size appears exaggerated in this illustration.",,,,"[Verdict]: No
[Reasoning]: The image shows a cheetah and a kangaroo, but they are not drawn to scale. The cheetah is depicted as much larger than it would be compared to a kangaroo in real life. In reality, a kangaroo is significantly larger than a cheetah, especially when considering their full body length and height. The cheetah's size appears exaggerated in this illustration."
pair_081.png,Are the objects in their correct relative sizes?,No,"The giraffe and the walrus are depicted in a way that does not accurately reflect their real-world size difference. Giraffes are much taller than walruses, but in the image, the giraffe appears to be significantly shorter than the walrus. This is not representative of their actual size proportions.",,,,"[Verdict]: No
[Reasoning]: The giraffe and the walrus are depicted in a way that does not accurately reflect their real-world size difference. Giraffes are much taller than walruses, but in the image, the giraffe appears to be significantly shorter than the walrus. This is not representative of their actual size proportions."
pair_327.png,Are the objects in their correct relative sizes?,No,"The image shows a sloth and a rooster, but the rooster appears disproportionately large compared to the sloth. In reality, a rooster is much smaller than a sloth, so the relative sizes in the image do not match the real-world proportions.",,,,"[Verdict]: No
[Reasoning]: The image shows a sloth and a rooster, but the rooster appears disproportionately large compared to the sloth. In reality, a rooster is much smaller than a sloth, so the relative sizes in the image do not match the real-world proportions."
pair_056.png,Are the objects in their correct relative sizes?,No,"The honey badger is depicted much larger than it would be in real life compared to a meerkat. In reality, a meerkat is significantly smaller than a honey badger, and the size difference between them is not accurately represented in this image.",,,,"[Verdict]: No
[Reasoning]: The honey badger is depicted much larger than it would be in real life compared to a meerkat. In reality, a meerkat is significantly smaller than a honey badger, and the size difference between them is not accurately represented in this image."
pair_301.png,Are the objects in their correct relative sizes?,No,"The koala and the penguin are depicted in a way that suggests they are of similar size, which is incorrect. Koalas are marsupials native to Australia and typically weigh between 10-40 kg, while Adelie penguins, which are depicted here, are much smaller birds, usually weighing around 2.5-3.5 kg. The illustration exaggerates the size difference between these two animals, making the penguin appear disproportionately large compared to the koala.",,,,"[Verdict]: No
[Reasoning]: The koala and the penguin are depicted in a way that suggests they are of similar size, which is incorrect. Koalas are marsupials native to Australia and typically weigh between 10-40 kg, while Adelie penguins, which are depicted here, are much smaller birds, usually weighing around 2.5-3.5 kg. The illustration exaggerates the size difference between these two animals, making the penguin appear disproportionately large compared to the koala."
pair_090.png,Are the objects in their correct relative sizes?,No,"The giraffe and the penguin are not depicted in their correct relative sizes. Giraffes are much larger animals than penguins, and they typically have a height ratio of about 10:1 to 20:1 compared to penguins. In the image, the giraffe appears to be significantly smaller than it should be relative to the penguin, which is not accurate to real-world proportions.",,,,"[Verdict]: No
[Reasoning]: The giraffe and the penguin are not depicted in their correct relative sizes. Giraffes are much larger animals than penguins, and they typically have a height ratio of about 10:1 to 20:1 compared to penguins. In the image, the giraffe appears to be significantly smaller than it should be relative to the penguin, which is not accurate to real-world proportions."
pair_177.png,Are the objects in their correct relative sizes?,No,"The red panda is depicted much larger than a hedgehog, which is not accurate to real-life proportions. In reality, a red panda is significantly larger than a hedgehog, but the image exaggerates this difference to an extreme degree.",,,,"[Verdict]: No
[Reasoning]: The red panda is depicted much larger than a hedgehog, which is not accurate to real-life proportions. In reality, a red panda is significantly larger than a hedgehog, but the image exaggerates this difference to an extreme degree."
pair_335.png,Are the objects in their correct relative sizes?,No,"The image shows a bear and a hedgehog, but the bear is depicted much larger than it would be in real life compared to a hedgehog. In reality, a hedgehog is significantly smaller than a bear. The size difference between the two animals in the image is not proportionate to their actual sizes.",,,,"[Verdict]: No
[Reasoning]: The image shows a bear and a hedgehog, but the bear is depicted much larger than it would be in real life compared to a hedgehog. In reality, a hedgehog is significantly smaller than a bear. The size difference between the two animals in the image is not proportionate to their actual sizes."
pair_172.png,Are the objects in their correct relative sizes?,No,"The red panda is depicted much larger than an axolotl, which is not accurate to real-life proportions. In reality, an axolotl is significantly smaller than a red panda. The image exaggerates the size difference between these two animals.",,,,"[Verdict]: No
[Reasoning]: The red panda is depicted much larger than an axolotl, which is not accurate to real-life proportions. In reality, an axolotl is significantly smaller than a red panda. The image exaggerates the size difference between these two animals."
pair_278.png,Are the objects in their correct relative sizes?,No,"The image shows a walrus and a rooster, but the rooster is disproportionately small compared to the walrus. In reality, a walrus is much larger than a rooster, so the size difference between these two animals in the image does not reflect their actual relative sizes.",,,,"[Verdict]: No
[Reasoning]: The image shows a walrus and a rooster, but the rooster is disproportionately small compared to the walrus. In reality, a walrus is much larger than a rooster, so the size difference between these two animals in the image does not reflect their actual relative sizes."
pair_179.png,Are the objects in their correct relative sizes?,No,"The image shows an octopus and a red panda for scale comparison. The octopus is significantly larger than the red panda, which is not typical as red pandas are much smaller than octopuses. Therefore, the objects are not in their correct relative sizes.",,,,"[Verdict]: No
[Reasoning]: The image shows an octopus and a red panda for scale comparison. The octopus is significantly larger than the red panda, which is not typical as red pandas are much smaller than octopuses. Therefore, the objects are not in their correct relative sizes."
pair_050.png,Are the objects in their correct relative sizes?,No,"The image shows a cheetah and a hedgehog, but the cheetah is depicted much larger than it would be in real life compared to a hedgehog. In reality, a cheetah is significantly larger than a hedgehog, so the size difference between the two animals in the image is not accurate.",,,,"[Verdict]: No
[Reasoning]: The image shows a cheetah and a hedgehog, but the cheetah is depicted much larger than it would be in real life compared to a hedgehog. In reality, a cheetah is significantly larger than a hedgehog, so the size difference between the two animals in the image is not accurate."
pair_334.png,Are the objects in their correct relative sizes?,No,"The bear and the penguin are not drawn to scale. Bears are much larger animals than penguins, typically weighing several hundred pounds compared to penguins which weigh only a few kilograms. The image shows the bear and penguin at similar sizes, which is incorrect given their real-world size differences.",,,,"[Verdict]: No
[Reasoning]: The bear and the penguin are not drawn to scale. Bears are much larger animals than penguins, typically weighing several hundred pounds compared to penguins which weigh only a few kilograms. The image shows the bear and penguin at similar sizes, which is incorrect given their real-world size differences."
pair_300.png,Are the objects in their correct relative sizes?,No,"The bear in the image is significantly larger than the koala, which is not accurate to their real-life size comparison. Koalas are much smaller animals compared to bears, and this illustration exaggerates the difference in size.",,,,"[Verdict]: No
[Reasoning]: The bear in the image is significantly larger than the koala, which is not accurate to their real-life size comparison. Koalas are much smaller animals compared to bears, and this illustration exaggerates the difference in size."
pair_315.png,Are the objects in their correct relative sizes?,No,"The image shows a sloth and an axolotl, which are not typically found together in nature. The axolotl is significantly smaller than the sloth, and the image does not accurately represent their real-world size difference. Additionally, the axolotl's presence next to the sloth is unusual and not indicative of their natural habitat or size comparison.",,,,"[Verdict]: No
[Reasoning]: The image shows a sloth and an axolotl, which are not typically found together in nature. The axolotl is significantly smaller than the sloth, and the image does not accurately represent their real-world size difference. Additionally, the axolotl's presence next to the sloth is unusual and not indicative of their natural habitat or size comparison."
pair_226.png,Are the objects in their correct relative sizes?,No,"The image shows a camel and a narwhal, which are not typically found together in nature. The camel is depicted as a land animal, while the narwhal is a marine mammal. In reality, these animals do not interact with each other in this manner. Additionally, the size difference between a camel and a narwhal is significant; a camel is much larger than a narwhal. The image appears to be a creative or fictional depiction rather than a realistic representation of their natural sizes.",,,,"[Verdict]: No
[Reasoning]: The image shows a camel and a narwhal, which are not typically found together in nature. The camel is depicted as a land animal, while the narwhal is a marine mammal. In reality, these animals do not interact with each other in this manner. Additionally, the size difference between a camel and a narwhal is significant; a camel is much larger than a narwhal. The image appears to be a creative or fictional depiction rather than a realistic representation of their natural sizes."
pair_236.png,Are the objects in their correct relative sizes?,No,"The camel and the penguin are not depicted in their correct relative sizes. A camel is much larger than a penguin, and the image shows them as if they are of similar size, which is incorrect.",,,,"[Verdict]: No
[Reasoning]: The camel and the penguin are not depicted in their correct relative sizes. A camel is much larger than a penguin, and the image shows them as if they are of similar size, which is incorrect."
pair_063.png,Are the objects in their correct relative sizes?,No,"The image shows a meerkat and a kangaroo, but the meerkat is depicted much larger than it would be in real life compared to a kangaroo. In reality, a meerkat is significantly smaller than a kangaroo. The drawing exaggerates the size difference between these animals, making the meerkat appear disproportionately large next to the kangaroo.",,,,"[Verdict]: No
[Reasoning]: The image shows a meerkat and a kangaroo, but the meerkat is depicted much larger than it would be in real life compared to a kangaroo. In reality, a meerkat is significantly smaller than a kangaroo. The drawing exaggerates the size difference between these animals, making the meerkat appear disproportionately large next to the kangaroo."
pair_191.png,Are the objects in their correct relative sizes?,No,"The panda and the rooster are depicted in a way that is not consistent with real-world proportions. In reality, pandas are much larger than roosters. The image shows the panda sitting next to the rooster, which is significantly smaller than the panda, but the size difference is exaggerated for artistic effect rather than depicting a realistic scenario.",,,,"[Verdict]: No
[Reasoning]: The panda and the rooster are depicted in a way that is not consistent with real-world proportions. In reality, pandas are much larger than roosters. The image shows the panda sitting next to the rooster, which is significantly smaller than the panda, but the size difference is exaggerated for artistic effect rather than depicting a realistic scenario."
pair_139.png,Are the objects in their correct relative sizes?,No,"The honey badger is depicted as significantly larger than a rooster, which is not accurate to real-life proportions. In reality, a honey badger is much smaller than a rooster. The image exaggerates the size difference between these two animals.",,,,"[Verdict]: No
[Reasoning]: The honey badger is depicted as significantly larger than a rooster, which is not accurate to real-life proportions. In reality, a honey badger is much smaller than a rooster. The image exaggerates the size difference between these two animals."
pair_104.png,Are the objects in their correct relative sizes?,Yes,"The image depicts a hippopotamus and a walrus, which are both accurately represented in terms of their relative sizes. The hippopotamus is significantly larger than the walrus, which is consistent with real-world observations. The drawing maintains the proportional difference between these two animals, ensuring that they appear in their correct relative sizes.",,,,"[Verdict]: Yes
[Reasoning]: The image depicts a hippopotamus and a walrus, which are both accurately represented in terms of their relative sizes. The hippopotamus is significantly larger than the walrus, which is consistent with real-world observations. The drawing maintains the proportional difference between these two animals, ensuring that they appear in their correct relative sizes."
pair_108.png,Are the objects in their correct relative sizes?,No,"The image shows a hippopotamus and a beaver, but the beaver is disproportionately small compared to the hippopotamus. In reality, a beaver is much smaller than a hippopotamus, so the size difference in the image does not reflect their actual relative sizes.",,,,"[Verdict]: No
[Reasoning]: The image shows a hippopotamus and a beaver, but the beaver is disproportionately small compared to the hippopotamus. In reality, a beaver is much smaller than a hippopotamus, so the size difference in the image does not reflect their actual relative sizes."
pair_076.png,Are the objects in their correct relative sizes?,No,"The image shows a giraffe and a Komodo dragon, but the Komodo dragon is depicted much larger than it would be in real life compared to a giraffe. In reality, a giraffe is significantly taller than a Komodo dragon, and the Komodo dragon is not as large as shown here. Therefore, the relative sizes of the animals in the image are incorrect.",,,,"[Verdict]: No
[Reasoning]: The image shows a giraffe and a Komodo dragon, but the Komodo dragon is depicted much larger than it would be in real life compared to a giraffe. In reality, a giraffe is significantly taller than a Komodo dragon, and the Komodo dragon is not as large as shown here. Therefore, the relative sizes of the animals in the image are incorrect."
pair_101.png,Are the objects in their correct relative sizes?,Yes,"The image shows a hippopotamus and a camel standing side by side. The hippopotamus is depicted as significantly larger than the camel, which is consistent with their real-world size differences. The proportions of both animals appear accurate to their actual sizes, indicating that the objects are in their correct relative sizes.",,,,"[Verdict]: Yes
[Reasoning]: The image shows a hippopotamus and a camel standing side by side. The hippopotamus is depicted as significantly larger than the camel, which is consistent with their real-world size differences. The proportions of both animals appear accurate to their actual sizes, indicating that the objects are in their correct relative sizes."
pair_239.png,Are the objects in their correct relative sizes?,No,"The image shows a camel and an octopus, but the octopus appears to be disproportionately large compared to the camel. In reality, camels are much larger than octopuses, so the size of the octopus in the image is not accurate.",,,,"[Verdict]: No
[Reasoning]: The image shows a camel and an octopus, but the octopus appears to be disproportionately large compared to the camel. In reality, camels are much larger than octopuses, so the size of the octopus in the image is not accurate."
pair_247.png,Are the objects in their correct relative sizes?,No,"The image shows a reindeer and an axolotl, which are not typically found together in nature. The axolotl is significantly smaller than the reindeer, and the image does not accurately represent their real-world size difference. The axolotl appears to be disproportionately small compared to the reindeer, which is much larger.",,,,"[Verdict]: No
[Reasoning]: The image shows a reindeer and an axolotl, which are not typically found together in nature. The axolotl is significantly smaller than the reindeer, and the image does not accurately represent their real-world size difference. The axolotl appears to be disproportionately small compared to the reindeer, which is much larger."
pair_099.png,Are the objects in their correct relative sizes?,No,"The image shows a hippopotamus and a Komodo dragon, which are not accurately depicted in their correct relative sizes. The hippopotamus is significantly larger than the Komodo dragon, but the drawing does not reflect this size difference. The Komodo dragon appears to be disproportionately large compared to the hippopotamus, which is not accurate.",,,,"[Verdict]: No
[Reasoning]: The image shows a hippopotamus and a Komodo dragon, which are not accurately depicted in their correct relative sizes. The hippopotamus is significantly larger than the Komodo dragon, but the drawing does not reflect this size difference. The Komodo dragon appears to be disproportionately large compared to the hippopotamus, which is not accurate."
pair_011.png,Are the objects in their correct relative sizes?,No,"The image shows an elephant and a camel, but the elephant is depicted much larger than it would be in real life compared to a camel. In reality, elephants are significantly larger animals than camels, and the size difference between them is not accurately represented here.",,,,"[Verdict]: No
[Reasoning]: The image shows an elephant and a camel, but the elephant is depicted much larger than it would be in real life compared to a camel. In reality, elephants are significantly larger animals than camels, and the size difference between them is not accurately represented here."
pair_003.png,Are the objects in their correct relative sizes?,Yes,"The image depicts an elephant and a giraffe, which are both accurately represented in terms of their relative sizes. Elephants are known to be much larger than giraffes, and this is reflected in the drawing where the elephant is significantly larger than the giraffe. The proportions and sizes are consistent with real-world observations of these animals.",,,,"[Verdict]: Yes
[Reasoning]: The image depicts an elephant and a giraffe, which are both accurately represented in terms of their relative sizes. Elephants are known to be much larger than giraffes, and this is reflected in the drawing where the elephant is significantly larger than the giraffe. The proportions and sizes are consistent with real-world observations of these animals."
pair_156.png,Are the objects in their correct relative sizes?,No,"The penguin and the lemur are depicted in a way that suggests they are of similar size, which is not accurate. Penguins are much larger than lemurs. In reality, a penguin would be significantly larger than a lemur, with the penguin being several times taller and heavier. The image does not reflect the actual size difference between these two animals.",,,,"[Verdict]: No
[Reasoning]: The penguin and the lemur are depicted in a way that suggests they are of similar size, which is not accurate. Penguins are much larger than lemurs. In reality, a penguin would be significantly larger than a lemur, with the penguin being several times taller and heavier. The image does not reflect the actual size difference between these two animals."
pair_328.png,Are the objects in their correct relative sizes?,No,"The bear in the image is significantly larger than the bird, which is not typical in real life where bears and birds are vastly different in size. The bird appears to be disproportionately small compared to the bear, indicating that the relative sizes are not correct.",,,,"[Verdict]: No
[Reasoning]: The bear in the image is significantly larger than the bird, which is not typical in real life where bears and birds are vastly different in size. The bird appears to be disproportionately small compared to the bear, indicating that the relative sizes are not correct."
pair_064.png,Are the objects in their correct relative sizes?,No,"The image shows a meerkat and a koala, but the koala appears to be disproportionately large compared to the meerkat. In reality, meerkats are much smaller than koalas, so the illustration does not accurately represent their relative sizes.",,,,"[Verdict]: No
[Reasoning]: The image shows a meerkat and a koala, but the koala appears to be disproportionately large compared to the meerkat. In reality, meerkats are much smaller than koalas, so the illustration does not accurately represent their relative sizes."
pair_197.png,Are the objects in their correct relative sizes?,No,"The image shows a Komodo dragon and a beluga whale, but the Komodo dragon is depicted much larger than it would be in real life compared to the beluga whale. In reality, a beluga whale can grow up to 20 feet long, while a Komodo dragon typically grows to about 10 feet in length. Therefore, the Komodo dragon in the image is not in its correct relative size compared to the beluga whale.",,,,"[Verdict]: No
[Reasoning]: The image shows a Komodo dragon and a beluga whale, but the Komodo dragon is depicted much larger than it would be in real life compared to the beluga whale. In reality, a beluga whale can grow up to 20 feet long, while a Komodo dragon typically grows to about 10 feet in length. Therefore, the Komodo dragon in the image is not in its correct relative size compared to the beluga whale."
pair_326.png,Are the objects in their correct relative sizes?,Yes,"The image depicts a squid with its tentacles extended, which is a typical representation of a squid in a natural pose. The size of the squid and its tentacles appear to be proportionate to each other, adhering to the known anatomy of a squid. There are no indications of disproportionate sizes that would suggest the objects are not in their correct relative sizes.",,,,"[Verdict]: Yes
[Reasoning]: The image depicts a squid with its tentacles extended, which is a typical representation of a squid in a natural pose. The size of the squid and its tentacles appear to be proportionate to each other, adhering to the known anatomy of a squid. There are no indications of disproportionate sizes that would suggest the objects are not in their correct relative sizes."
pair_150.png,Are the objects in their correct relative sizes?,No,"The image shows a ring-tailed lemur and a koala, but the koala appears to be disproportionately larger than the lemur. In reality, lemurs are much smaller than koalas, so the illustration does not accurately represent their relative sizes.",,,,"[Verdict]: No
[Reasoning]: The image shows a ring-tailed lemur and a koala, but the koala appears to be disproportionately larger than the lemur. In reality, lemurs are much smaller than koalas, so the illustration does not accurately represent their relative sizes."
pair_235.png,Are the objects in their correct relative sizes?,No,"The camel and the bear are depicted in a way that suggests they are of similar size, which is not accurate. In reality, a camel is significantly larger than a bear. The bear appears to be about the same height as the camel, which is not true to life.",,,,"[Verdict]: No
[Reasoning]: The camel and the bear are depicted in a way that suggests they are of similar size, which is not accurate. In reality, a camel is significantly larger than a bear. The bear appears to be about the same height as the camel, which is not true to life."
pair_284.png,Are the objects in their correct relative sizes?,No,"The image shows a beluga whale and a bear, but the bear appears to be disproportionately large compared to the beluga whale. In reality, a beluga whale is much larger than a bear. The bear's size in the image is exaggerated, making it appear much bigger than it would be in real life when compared to a beluga whale.",,,,"[Verdict]: No
[Reasoning]: The image shows a beluga whale and a bear, but the bear appears to be disproportionately large compared to the beluga whale. In reality, a beluga whale is much larger than a bear. The bear's size in the image is exaggerated, making it appear much bigger than it would be in real life when compared to a beluga whale."
pair_167.png,Are the objects in their correct relative sizes?,No,"The image shows a walrus and a red panda, but the red panda is disproportionately small compared to the walrus. In reality, a red panda is much smaller than a walrus, so the size difference in the image does not reflect their actual relative sizes.",,,,"[Verdict]: No
[Reasoning]: The image shows a walrus and a red panda, but the red panda is disproportionately small compared to the walrus. In reality, a red panda is much smaller than a walrus, so the size difference in the image does not reflect their actual relative sizes."
pair_085.png,Are the objects in their correct relative sizes?,No,"The image shows a giraffe and a small animal, likely a mouse or shrew, which is not proportionally correct. Giraffes are much larger than mice, and the size difference between them in the image does not reflect their real-world proportions.",,,,"[Verdict]: No
[Reasoning]: The image shows a giraffe and a small animal, likely a mouse or shrew, which is not proportionally correct. Giraffes are much larger than mice, and the size difference between them in the image does not reflect their real-world proportions."
pair_058.png,Are the objects in their correct relative sizes?,No,"The image shows two animals that are not to scale with each other. The meerkat on the left is significantly smaller than the red panda on the right, which is not accurate for real-life proportions. In reality, a meerkat is much smaller than a red panda.",,,,"[Verdict]: No
[Reasoning]: The image shows two animals that are not to scale with each other. The meerkat on the left is significantly smaller than the red panda on the right, which is not accurate for real-life proportions. In reality, a meerkat is much smaller than a red panda."
pair_066.png,Are the objects in their correct relative sizes?,No,"The meerkat and the toucan are not drawn to scale with each other. The meerkat appears significantly larger than the toucan, which is not accurate as meerkats are much smaller animals compared to toucans.",,,,"[Verdict]: No
[Reasoning]: The meerkat and the toucan are not drawn to scale with each other. The meerkat appears significantly larger than the toucan, which is not accurate as meerkats are much smaller animals compared to toucans."
pair_080.png,Are the objects in their correct relative sizes?,No,"The image shows a giraffe and a narwhal, but the narwhal is depicted much larger than it would be in real life compared to a giraffe. In reality, a giraffe is significantly taller than a narwhal, which typically measures around 3.5 meters (11.5 feet) in length, while a giraffe can grow up to 5.8 meters (19 feet) tall. The narwhal's size in the image does not reflect its actual proportions relative to a giraffe.",,,,"[Verdict]: No
[Reasoning]: The image shows a giraffe and a narwhal, but the narwhal is depicted much larger than it would be in real life compared to a giraffe. In reality, a giraffe is significantly taller than a narwhal, which typically measures around 3.5 meters (11.5 feet) in length, while a giraffe can grow up to 5.8 meters (19 feet) tall. The narwhal's size in the image does not reflect its actual proportions relative to a giraffe."
pair_276.png,Are the objects in their correct relative sizes?,No,"The image shows a walrus and a shark, but the shark appears to be disproportionately larger than the walrus. In reality, a great white shark is much smaller than a walrus when comparing their full body lengths. The shark's size in the image does not reflect its actual size relative to the walrus.",,,,"[Verdict]: No
[Reasoning]: The image shows a walrus and a shark, but the shark appears to be disproportionately larger than the walrus. In reality, a great white shark is much smaller than a walrus when comparing their full body lengths. The shark's size in the image does not reflect its actual size relative to the walrus."
pair_092.png,Are the objects in their correct relative sizes?,No,"The giraffe and shark are shown in a way that suggests they are of similar size, but in reality, a giraffe is much larger than a shark. Giraffes can grow up to 18 feet tall, while sharks typically range from 6 to 20 feet long. Therefore, the image does not accurately represent their relative sizes.",,,,"[Verdict]: No
[Reasoning]: The giraffe and shark are shown in a way that suggests they are of similar size, but in reality, a giraffe is much larger than a shark. Giraffes can grow up to 18 feet tall, while sharks typically range from 6 to 20 feet long. Therefore, the image does not accurately represent their relative sizes."
pair_089.png,Are the objects in their correct relative sizes?,No,"The image shows a giraffe and a bear, but the giraffe is depicted as much larger than it would be in real life compared to the bear. In reality, a bear is significantly larger than a giraffe, especially when considering their full body size. The giraffe's height and overall proportions do not match those of a typical giraffe, which would be much taller and have a longer neck. Therefore, the objects are not in their correct relative sizes.",,,,"[Verdict]: No
[Reasoning]: The image shows a giraffe and a bear, but the giraffe is depicted as much larger than it would be in real life compared to the bear. In reality, a bear is significantly larger than a giraffe, especially when considering their full body size. The giraffe's height and overall proportions do not match those of a typical giraffe, which would be much taller and have a longer neck. Therefore, the objects are not in their correct relative sizes."
pair_200.png,Are the objects in their correct relative sizes?,No,"The image shows a Komodo dragon and an axolotl, but the axolotl is disproportionately small compared to the Komodo dragon. In reality, a Komodo dragon can be several meters long, while an axolotl is typically only a few centimeters long. The size difference between these two animals is much greater than what is depicted in the image, indicating that the axolotl is not correctly scaled relative to the Komodo dragon.",,,,"[Verdict]: No
[Reasoning]: The image shows a Komodo dragon and an axolotl, but the axolotl is disproportionately small compared to the Komodo dragon. In reality, a Komodo dragon can be several meters long, while an axolotl is typically only a few centimeters long. The size difference between these two animals is much greater than what is depicted in the image, indicating that the axolotl is not correctly scaled relative to the Komodo dragon."
pair_277.png,Are the objects in their correct relative sizes?,No,"The image shows a walrus and a squid, but the squid appears to be disproportionately large compared to the walrus. In reality, a walrus is much larger than a squid of comparable length. The squid's size in the image is exaggerated, making it appear much bigger than it would be in real life relative to a walrus.",,,,"[Verdict]: No
[Reasoning]: The image shows a walrus and a squid, but the squid appears to be disproportionately large compared to the walrus. In reality, a walrus is much larger than a squid of comparable length. The squid's size in the image is exaggerated, making it appear much bigger than it would be in real life relative to a walrus."
pair_194.png,Are the objects in their correct relative sizes?,No,"The Komodo dragon depicted is significantly larger than a real Komodo dragon, which typically ranges from 2 to 3 meters in length. The image shows a Komodo dragon that appears to be much larger, closer to the size of a small deer or even a large dog, which is not accurate for a Komodo dragon. Additionally, the reindeer in the image is drawn to scale with the Komodo dragon, which is also incorrect as a real reindeer is much smaller than a Komodo dragon. Therefore, the objects are not in their correct relative sizes.",,,,"[Verdict]: No
[Reasoning]: The Komodo dragon depicted is significantly larger than a real Komodo dragon, which typically ranges from 2 to 3 meters in length. The image shows a Komodo dragon that appears to be much larger, closer to the size of a small deer or even a large dog, which is not accurate for a Komodo dragon. Additionally, the reindeer in the image is drawn to scale with the Komodo dragon, which is also incorrect as a real reindeer is much smaller than a Komodo dragon. Therefore, the objects are not in their correct relative sizes."
pair_143.png,Are the objects in their correct relative sizes?,No,"The image shows a ring-tailed lemur and a snow leopard. The snow leopard is significantly larger than the lemur, which is not accurate to their real-life size difference. In reality, a snow leopard is much larger than a lemur, but this illustration does not reflect that scale correctly.",,,,"[Verdict]: No
[Reasoning]: The image shows a ring-tailed lemur and a snow leopard. The snow leopard is significantly larger than the lemur, which is not accurate to their real-life size difference. In reality, a snow leopard is much larger than a lemur, but this illustration does not reflect that scale correctly."
pair_265.png,Are the objects in their correct relative sizes?,No,"The image shows a narwhal and a great white shark, but the great white shark is depicted as significantly larger than it would be in real life compared to the narwhal. In reality, a great white shark can grow up to 20 feet long, while a narwhal typically ranges from 13 to 16 feet in length. The illustration exaggerates the size difference between these two animals, making the shark appear much larger than it should be relative to the narwhal.",,,,"[Verdict]: No
[Reasoning]: The image shows a narwhal and a great white shark, but the great white shark is depicted as significantly larger than it would be in real life compared to the narwhal. In reality, a great white shark can grow up to 20 feet long, while a narwhal typically ranges from 13 to 16 feet in length. The illustration exaggerates the size difference between these two animals, making the shark appear much larger than it should be relative to the narwhal."
pair_303.png,Are the objects in their correct relative sizes?,No,"The image depicts a koala and a shark, but the shark is significantly larger than a real koala would be compared to a real shark. In reality, sharks are much larger animals than koalas, so the relative sizes shown in the image are not accurate.",,,,"[Verdict]: No
[Reasoning]: The image depicts a koala and a shark, but the shark is significantly larger than a real koala would be compared to a real shark. In reality, sharks are much larger animals than koalas, so the relative sizes shown in the image are not accurate."
pair_204.png,Are the objects in their correct relative sizes?,No,"The image shows a Komodo dragon, which is a large lizard species, and a hedgehog, which is much smaller. The Komodo dragon appears to be disproportionately large compared to the hedgehog, which is not accurate to real-life proportions. In reality, a Komodo dragon can grow up to 3 meters long and weigh over 70 kg, while a hedgehog typically ranges from about 15 cm to 60 cm in length and weighs between 200 grams and 8 kg. The size difference depicted in the image is significantly exaggerated.",,,,"[Verdict]: No
[Reasoning]: The image shows a Komodo dragon, which is a large lizard species, and a hedgehog, which is much smaller. The Komodo dragon appears to be disproportionately large compared to the hedgehog, which is not accurate to real-life proportions. In reality, a Komodo dragon can grow up to 3 meters long and weigh over 70 kg, while a hedgehog typically ranges from about 15 cm to 60 cm in length and weighs between 200 grams and 8 kg. The size difference depicted in the image is significantly exaggerated."
pair_008.png,Are the objects in their correct relative sizes?,No,"The image shows an elephant and a panda bear, but the elephant is depicted much larger than it would be in real life compared to a panda bear. In reality, elephants are significantly larger animals than pandas, and the size difference between them is not accurately represented here.",,,,"[Verdict]: No
[Reasoning]: The image shows an elephant and a panda bear, but the elephant is depicted much larger than it would be in real life compared to a panda bear. In reality, elephants are significantly larger animals than pandas, and the size difference between them is not accurately represented here."
pair_164.png,Are the objects in their correct relative sizes?,No,"The camel is depicted much larger than it would be in real life compared to a red panda, which is a much smaller animal. In reality, a red panda is significantly smaller than a camel, and the size difference should be more pronounced. The image exaggerates the size disparity between the two animals.",,,,"[Verdict]: No
[Reasoning]: The camel is depicted much larger than it would be in real life compared to a red panda, which is a much smaller animal. In reality, a red panda is significantly smaller than a camel, and the size difference should be more pronounced. The image exaggerates the size disparity between the two animals."
pair_316.png,Are the objects in their correct relative sizes?,No,"The image shows a toucan and an axolotl, which are not typically found together in nature. The axolotl is significantly smaller than the toucan, and the image does not accurately represent their real-world size difference. Toucans are much larger birds compared to axolotls, so the axolotl appears disproportionately small in relation to the toucan.",,,,"[Verdict]: No
[Reasoning]: The image shows a toucan and an axolotl, which are not typically found together in nature. The axolotl is significantly smaller than the toucan, and the image does not accurately represent their real-world size difference. Toucans are much larger birds compared to axolotls, so the axolotl appears disproportionately small in relation to the toucan."
pair_346.png,Are the objects in their correct relative sizes?,No,"The image shows an octopus and a rooster, but the rooster appears disproportionately small compared to the octopus. In reality, an octopus is much larger than a rooster, so the size difference between these two animals should be more pronounced. The rooster's size in the image does not reflect its actual size relative to an octopus.",,,,"[Verdict]: No
[Reasoning]: The image shows an octopus and a rooster, but the rooster appears disproportionately small compared to the octopus. In reality, an octopus is much larger than a rooster, so the size difference between these two animals should be more pronounced. The rooster's size in the image does not reflect its actual size relative to an octopus."
pair_274.png,Are the objects in their correct relative sizes?,No,"The image shows a walrus and a bear, but the bear appears to be disproportionately smaller than the walrus. In reality, a walrus is significantly larger than a bear of similar species. The bear depicted here looks like it could be a brown bear, which is generally larger than the walrus shown. Therefore, the relative sizes in the image do not match real-world proportions.",,,,"[Verdict]: No
[Reasoning]: The image shows a walrus and a bear, but the bear appears to be disproportionately smaller than the walrus. In reality, a walrus is significantly larger than a bear of similar species. The bear depicted here looks like it could be a brown bear, which is generally larger than the walrus shown. Therefore, the relative sizes in the image do not match real-world proportions."
pair_269.png,Are the objects in their correct relative sizes?,No,"The image shows a walrus and a koala, but the walrus is depicted much larger than it would be in real life compared to a koala. In reality, a koala is significantly smaller than a walrus. The size difference between these animals in the image does not reflect their actual relative sizes in nature.",,,,"[Verdict]: No
[Reasoning]: The image shows a walrus and a koala, but the walrus is depicted much larger than it would be in real life compared to a koala. In reality, a koala is significantly smaller than a walrus. The size difference between these animals in the image does not reflect their actual relative sizes in nature."
pair_087.png,Are the objects in their correct relative sizes?,No,"The image shows a giraffe and a sloth. Giraffes are known to be much larger than sloths, typically standing several meters tall compared to the sloth's small size. In the image, the giraffe is depicted significantly larger than the sloth, which is not accurate to their real-world size difference.",,,,"[Verdict]: No
[Reasoning]: The image shows a giraffe and a sloth. Giraffes are known to be much larger than sloths, typically standing several meters tall compared to the sloth's small size. In the image, the giraffe is depicted significantly larger than the sloth, which is not accurate to their real-world size difference."
pair_266.png,Are the objects in their correct relative sizes?,No,"The image shows a narwhal and a squid, but the squid appears to be disproportionately large compared to the narwhal. In reality, a narwhal is much larger than a squid of comparable length. The squid's size in the image is exaggerated, making it appear much bigger than it would be in real life relative to a narwhal.",,,,"[Verdict]: No
[Reasoning]: The image shows a narwhal and a squid, but the squid appears to be disproportionately large compared to the narwhal. In reality, a narwhal is much larger than a squid of comparable length. The squid's size in the image is exaggerated, making it appear much bigger than it would be in real life relative to a narwhal."
pair_271.png,Are the objects in their correct relative sizes?,Yes,"The image depicts a walrus, which is accurately represented with its characteristic features such as the large body, flippers, and tusks. The size of the tusks relative to the rest of the body is proportionate, and there are no indications that the objects are not in their correct relative sizes.",,,,"[Verdict]: Yes
[Reasoning]: The image depicts a walrus, which is accurately represented with its characteristic features such as the large body, flippers, and tusks. The size of the tusks relative to the rest of the body is proportionate, and there are no indications that the objects are not in their correct relative sizes."
pair_325.png,Are the objects in their correct relative sizes?,No,"The image depicts a great white shark and a sloth. In reality, a great white shark is much larger than a sloth. The sloth appears to be disproportionately small compared to the shark, which is not accurate to the natural size difference between these animals.",,,,"[Verdict]: No
[Reasoning]: The image depicts a great white shark and a sloth. In reality, a great white shark is much larger than a sloth. The sloth appears to be disproportionately small compared to the shark, which is not accurate to the natural size difference between these animals."
pair_024.png,Are the objects in their correct relative sizes?,Yes,"The image depicts an elephant, which is accurately represented with its typical features such as large ears, long trunk, and tusks. The size of the elephant in relation to other elements in the image (like the small hedgehog in the corner) is consistent with real-world proportions. The elephant's size is significantly larger than the hedgehog, which is correctly depicted as a smaller object compared to the elephant. Therefore, the objects are in their correct relative sizes.",,,,"[Verdict]: Yes
[Reasoning]: The image depicts an elephant, which is accurately represented with its typical features such as large ears, long trunk, and tusks. The size of the elephant in relation to other elements in the image (like the small hedgehog in the corner) is consistent with real-world proportions. The elephant's size is significantly larger than the hedgehog, which is correctly depicted as a smaller object compared to the elephant. Therefore, the objects are in their correct relative sizes."
pair_144.png,Are the objects in their correct relative sizes?,No,"The image shows a camel and a lemur, but the lemur is disproportionately small compared to the camel. In reality, a lemur is much smaller than a camel, so the size difference in the image does not reflect their actual relative sizes.",,,,"[Verdict]: No
[Reasoning]: The image shows a camel and a lemur, but the lemur is disproportionately small compared to the camel. In reality, a lemur is much smaller than a camel, so the size difference in the image does not reflect their actual relative sizes."
pair_065.png,Are the objects in their correct relative sizes?,No,"The meerkat and the platypus are not drawn to scale with each other. The meerkat is depicted much larger than it would be compared to a platypus in real life. In reality, a platypus is significantly smaller than a meerkat. The image appears to be a stylized or cartoon representation where the animals are exaggerated for artistic effect rather than adhering to their actual size differences.",,,,"[Verdict]: No
[Reasoning]: The meerkat and the platypus are not drawn to scale with each other. The meerkat is depicted much larger than it would be compared to a platypus in real life. In reality, a platypus is significantly smaller than a meerkat. The image appears to be a stylized or cartoon representation where the animals are exaggerated for artistic effect rather than adhering to their actual size differences."
pair_061.png,Are the objects in their correct relative sizes?,No,"The image shows a camel and a meerkat, but the meerkat appears to be disproportionately large compared to the camel. In reality, a meerkat is much smaller than a camel. The size difference between the two animals in the image does not reflect their actual relative sizes in nature.",,,,"[Verdict]: No
[Reasoning]: The image shows a camel and a meerkat, but the meerkat appears to be disproportionately large compared to the camel. In reality, a meerkat is much smaller than a camel. The size difference between the two animals in the image does not reflect their actual relative sizes in nature."
pair_098.png,Are the objects in their correct relative sizes?,No,"The image shows a hippopotamus and a panda bear. In reality, a hippopotamus is significantly larger than a panda bear. The hippopotamus depicted here is much smaller than it would be in real life compared to the panda bear, which is also not accurately sized. This suggests that the relative sizes of the animals in the image are not correct.",,,,"[Verdict]: No
[Reasoning]: The image shows a hippopotamus and a panda bear. In reality, a hippopotamus is significantly larger than a panda bear. The hippopotamus depicted here is much smaller than it would be in real life compared to the panda bear, which is also not accurately sized. This suggests that the relative sizes of the animals in the image are not correct."
pair_119.png,Are the objects in their correct relative sizes?,Yes,"The image shows two animals, one on the left and one on the right. The animal on the left appears to be larger than the animal on the right, which is consistent with the actual size difference between a honey badger and a red panda. Honey badgers are significantly larger than red pandas, so the relative sizes in the image accurately reflect this natural size difference.",,,,"[Verdict]: Yes
[Reasoning]: The image shows two animals, one on the left and one on the right. The animal on the left appears to be larger than the animal on the right, which is consistent with the actual size difference between a honey badger and a red panda. Honey badgers are significantly larger than red pandas, so the relative sizes in the image accurately reflect this natural size difference."
pair_028.png,Are the objects in their correct relative sizes?,No,"The image shows a cheetah and a meerkat, but the cheetah is depicted much larger than it would be in real life compared to a meerkat. In reality, a meerkat is significantly smaller than a cheetah, and the size difference should be more pronounced. The cheetah's size in the image appears to be exaggerated for artistic or illustrative purposes rather than representing their actual size ratio.",,,,"[Verdict]: No
[Reasoning]: The image shows a cheetah and a meerkat, but the cheetah is depicted much larger than it would be in real life compared to a meerkat. In reality, a meerkat is significantly smaller than a cheetah, and the size difference should be more pronounced. The cheetah's size in the image appears to be exaggerated for artistic or illustrative purposes rather than representing their actual size ratio."
pair_182.png,Are the objects in their correct relative sizes?,No,"The panda bear is depicted much larger than it would be in real life compared to the camel, which is also not accurately scaled. In reality, a camel is significantly larger than a panda bear, and the panda bear should be smaller in comparison. The image appears to have exaggerated the size of the panda bear for artistic or humorous effect, but this does not reflect their actual relative sizes.",,,,"[Verdict]: No
[Reasoning]: The panda bear is depicted much larger than it would be in real life compared to the camel, which is also not accurately scaled. In reality, a camel is significantly larger than a panda bear, and the panda bear should be smaller in comparison. The image appears to have exaggerated the size of the panda bear for artistic or humorous effect, but this does not reflect their actual relative sizes."
pair_117.png,Are the objects in their correct relative sizes?,No,"The image shows a hippopotamus and a rooster, but the rooster is disproportionately small compared to the hippopotamus. In reality, a hippopotamus is much larger than a rooster, so the size difference between these animals in the image does not reflect their actual relative sizes.",,,,"[Verdict]: No
[Reasoning]: The image shows a hippopotamus and a rooster, but the rooster is disproportionately small compared to the hippopotamus. In reality, a hippopotamus is much larger than a rooster, so the size difference between these animals in the image does not reflect their actual relative sizes."
pair_149.png,Are the objects in their correct relative sizes?,No,"The image shows a kangaroo and a lemur, but the lemur is depicted much larger than it would be in real life compared to a kangaroo. In reality, a lemur is significantly smaller than a kangaroo. The size difference between the two animals in the image is not accurate to their real-world proportions.",,,,"[Verdict]: No
[Reasoning]: The image shows a kangaroo and a lemur, but the lemur is depicted much larger than it would be in real life compared to a kangaroo. In reality, a lemur is significantly smaller than a kangaroo. The size difference between the two animals in the image is not accurate to their real-world proportions."
pair_190.png,Are the objects in their correct relative sizes?,No,"The panda is depicted much larger than the hedgehog, which is not accurate to real-life proportions. In reality, a panda is significantly larger than a hedgehog, and they do not typically interact in such a way where the panda is sitting next to a hedgehog as if they were of similar size.",,,,"[Verdict]: No
[Reasoning]: The panda is depicted much larger than the hedgehog, which is not accurate to real-life proportions. In reality, a panda is significantly larger than a hedgehog, and they do not typically interact in such a way where the panda is sitting next to a hedgehog as if they were of similar size."
pair_162.png,Are the objects in their correct relative sizes?,No,"The Komodo dragon is depicted as significantly larger than the red panda, which is not accurate to scale. Komodo dragons are known to be much larger animals compared to red pandas, and this image does not reflect that size difference correctly.",,,,"[Verdict]: No
[Reasoning]: The Komodo dragon is depicted as significantly larger than the red panda, which is not accurate to scale. Komodo dragons are known to be much larger animals compared to red pandas, and this image does not reflect that size difference correctly."
pair_296.png,Are the objects in their correct relative sizes?,No,"The image shows a koala and a platypus, but the koala is depicted much larger than it would be in real life compared to the platypus. In reality, a platypus is significantly smaller than a koala. The illustration exaggerates the size difference between these two animals, which is not accurate to their real-life proportions.",,,,"[Verdict]: No
[Reasoning]: The image shows a koala and a platypus, but the koala is depicted much larger than it would be in real life compared to the platypus. In reality, a platypus is significantly smaller than a koala. The illustration exaggerates the size difference between these two animals, which is not accurate to their real-life proportions."
pair_268.png,Are the objects in their correct relative sizes?,No,"The image shows a walrus and a beluga whale, but the beluga whale is depicted much smaller than it would be in real life compared to the walrus. In reality, a beluga whale can grow up to 18 feet long, while a walrus typically ranges from 9 to 13 feet in length. The illustration does not accurately reflect these size differences.",,,,"[Verdict]: No
[Reasoning]: The image shows a walrus and a beluga whale, but the beluga whale is depicted much smaller than it would be in real life compared to the walrus. In reality, a beluga whale can grow up to 18 feet long, while a walrus typically ranges from 9 to 13 feet in length. The illustration does not accurately reflect these size differences."
pair_158.png,Are the objects in their correct relative sizes?,No,"The image shows a great white shark and a lemur. Great white sharks are known to be much larger than lemurs, but the illustration makes the shark appear significantly smaller than it would be in real life compared to a lemur. This is not a realistic representation of their relative sizes.",,,,"[Verdict]: No
[Reasoning]: The image shows a great white shark and a lemur. Great white sharks are known to be much larger than lemurs, but the illustration makes the shark appear significantly smaller than it would be in real life compared to a lemur. This is not a realistic representation of their relative sizes."
pair_297.png,Are the objects in their correct relative sizes?,No,"The image shows a koala and an axolotl, which are not typically found together in nature. Koalas are much larger animals compared to axolotls. In the image, the koala is depicted significantly larger than the axolotl, which is not accurate to their real-life size difference.",,,,"[Verdict]: No
[Reasoning]: The image shows a koala and an axolotl, which are not typically found together in nature. Koalas are much larger animals compared to axolotls. In the image, the koala is depicted significantly larger than the axolotl, which is not accurate to their real-life size difference."
pair_321.png,Are the objects in their correct relative sizes?,No,"The image shows a rooster and an axolotl, which are not naturally found together and do not have a proportional size relationship. The rooster is depicted much larger than it would be compared to a real axolotl, which is typically much smaller in size. This suggests that the image is not meant to represent their actual relative sizes but rather for artistic or illustrative purposes.",,,,"[Verdict]: No
[Reasoning]: The image shows a rooster and an axolotl, which are not naturally found together and do not have a proportional size relationship. The rooster is depicted much larger than it would be compared to a real axolotl, which is typically much smaller in size. This suggests that the image is not meant to represent their actual relative sizes but rather for artistic or illustrative purposes."
pair_173.png,Are the objects in their correct relative sizes?,Yes,"The image shows two animals, a red panda and a sloth, depicted in a way that accurately represents their real-life proportions. The red panda is standing on all fours, while the sloth is hanging from a branch. Both animals are drawn to scale with each other, maintaining the typical size difference between a red panda and a sloth. There are no indications of distortion or exaggeration in their sizes relative to each other.",,,,"[Verdict]: Yes
[Reasoning]: The image shows two animals, a red panda and a sloth, depicted in a way that accurately represents their real-life proportions. The red panda is standing on all fours, while the sloth is hanging from a branch. Both animals are drawn to scale with each other, maintaining the typical size difference between a red panda and a sloth. There are no indications of distortion or exaggeration in their sizes relative to each other."
pair_283.png,Are the objects in their correct relative sizes?,No,"The image shows a beluga whale and a toucan. The beluga whale is depicted much larger than a real-life beluga whale would be compared to a real-life toucan. In reality, a beluga whale can grow up to 18 feet long, while a toucan is typically around 12-15 inches long. The size difference between these two animals in the image is significantly exaggerated, making the toucan appear disproportionately small next to the beluga whale.",,,,"[Verdict]: No
[Reasoning]: The image shows a beluga whale and a toucan. The beluga whale is depicted much larger than a real-life beluga whale would be compared to a real-life toucan. In reality, a beluga whale can grow up to 18 feet long, while a toucan is typically around 12-15 inches long. The size difference between these two animals in the image is significantly exaggerated, making the toucan appear disproportionately small next to the beluga whale."
pair_218.png,Are the objects in their correct relative sizes?,No,"The image shows a snow leopard and a toucan, but the size of the toucan appears disproportionately small compared to the snow leopard. In reality, a snow leopard is significantly larger than a toucan, so the relative sizes in the image do not reflect the actual size difference between these animals.",,,,"[Verdict]: No
[Reasoning]: The image shows a snow leopard and a toucan, but the size of the toucan appears disproportionately small compared to the snow leopard. In reality, a snow leopard is significantly larger than a toucan, so the relative sizes in the image do not reflect the actual size difference between these animals."
pair_022.png,Are the objects in their correct relative sizes?,No,"The image shows an elephant and a bear, but the bear appears to be disproportionately small compared to the elephant. In reality, elephants are much larger than bears. The bear's size in the image is not consistent with its actual size relative to an elephant.",,,,"[Verdict]: No
[Reasoning]: The image shows an elephant and a bear, but the bear appears to be disproportionately small compared to the elephant. In reality, elephants are much larger than bears. The bear's size in the image is not consistent with its actual size relative to an elephant."
pair_073.png,Are the objects in their correct relative sizes?,No,"The image shows a giraffe and a lemur, but the lemur is disproportionately small compared to the giraffe. In reality, a lemur is much smaller than a giraffe, so the size difference in the image does not reflect their actual relative sizes.",,,,"[Verdict]: No
[Reasoning]: The image shows a giraffe and a lemur, but the lemur is disproportionately small compared to the giraffe. In reality, a lemur is much smaller than a giraffe, so the size difference in the image does not reflect their actual relative sizes."
pair_034.png,Are the objects in their correct relative sizes?,No,"The image shows a cheetah and a panda bear. Cheetahs are much larger animals than pandas, typically weighing between 100 to 120 pounds, while pandas weigh around 200 to 300 pounds. The illustration depicts the cheetah as significantly smaller than the panda, which is not accurate given their real-world size differences.",,,,"[Verdict]: No
[Reasoning]: The image shows a cheetah and a panda bear. Cheetahs are much larger animals than pandas, typically weighing between 100 to 120 pounds, while pandas weigh around 200 to 300 pounds. The illustration depicts the cheetah as significantly smaller than the panda, which is not accurate given their real-world size differences."
pair_302.png,Are the objects in their correct relative sizes?,No,"The image shows a koala and a hedgehog. Koalas are much larger animals than hedgehogs, typically weighing between 13 to 36 kilograms, while hedgehogs weigh only about 0.5 to 4.5 kilograms. The illustration depicts the koala as significantly smaller than it should be compared to a real koala, making the hedgehog appear disproportionately large in relation to the koala. This suggests that the relative sizes of the animals in the image are not accurate.",,,,"[Verdict]: No
[Reasoning]: The image shows a koala and a hedgehog. Koalas are much larger animals than hedgehogs, typically weighing between 13 to 36 kilograms, while hedgehogs weigh only about 0.5 to 4.5 kilograms. The illustration depicts the koala as significantly smaller than it should be compared to a real koala, making the hedgehog appear disproportionately large in relation to the koala. This suggests that the relative sizes of the animals in the image are not accurate."
pair_043.png,Are the objects in their correct relative sizes?,No,"The image shows a cheetah and a koala, but they are not drawn to scale. A cheetah is significantly larger than a koala in real life, and the illustration does not reflect this size difference accurately. The cheetah appears much smaller than it should be compared to the koala, which is depicted as a much larger animal than it typically is.",,,,"[Verdict]: No
[Reasoning]: The image shows a cheetah and a koala, but they are not drawn to scale. A cheetah is significantly larger than a koala in real life, and the illustration does not reflect this size difference accurately. The cheetah appears much smaller than it should be compared to the koala, which is depicted as a much larger animal than it typically is."
pair_009.png,Are the objects in their correct relative sizes?,No,"The image shows an elephant and a Komodo dragon, but the Komodo dragon is depicted much larger than it would be in real life compared to an elephant. In reality, a Komodo dragon is significantly smaller than an elephant. The Komodo dragon in the image appears to be disproportionately large, which suggests that the relative sizes of the animals are not correctly represented.",,,,"[Verdict]: No
[Reasoning]: The image shows an elephant and a Komodo dragon, but the Komodo dragon is depicted much larger than it would be in real life compared to an elephant. In reality, a Komodo dragon is significantly smaller than an elephant. The Komodo dragon in the image appears to be disproportionately large, which suggests that the relative sizes of the animals are not correctly represented."
pair_279.png,Are the objects in their correct relative sizes?,No,"The image shows a beluga whale and a koala bear. Belugas are marine mammals that can grow up to 18-20 feet long, while koalas are marsupials that typically measure around 3-4 feet in length. The illustration significantly exaggerates the size difference between these two animals, making the koala appear much larger than it would be in real life compared to a beluga whale.",,,,"[Verdict]: No
[Reasoning]: The image shows a beluga whale and a koala bear. Belugas are marine mammals that can grow up to 18-20 feet long, while koalas are marsupials that typically measure around 3-4 feet in length. The illustration significantly exaggerates the size difference between these two animals, making the koala appear much larger than it would be in real life compared to a beluga whale."
pair_078.png,Are the objects in their correct relative sizes?,Yes,"The image depicts a giraffe and a camel, which are both accurately represented in terms of their relative sizes. Giraffes are known to be much larger than camels, and this is reflected in the drawing where the giraffe is significantly taller and larger than the camel. The proportions and sizes are consistent with real-world observations, indicating that the objects are in their correct relative sizes.",,,,"[Verdict]: Yes
[Reasoning]: The image depicts a giraffe and a camel, which are both accurately represented in terms of their relative sizes. Giraffes are known to be much larger than camels, and this is reflected in the drawing where the giraffe is significantly taller and larger than the camel. The proportions and sizes are consistent with real-world observations, indicating that the objects are in their correct relative sizes."
pair_126.png,Are the objects in their correct relative sizes?,No,"The image shows a walrus and a honey badger, but the honey badger is depicted much larger than it would be in real life compared to a walrus. In reality, a honey badger is significantly smaller than a walrus. The size difference between these animals in the image is not accurate to their real-world proportions.",,,,"[Verdict]: No
[Reasoning]: The image shows a walrus and a honey badger, but the honey badger is depicted much larger than it would be in real life compared to a walrus. In reality, a honey badger is significantly smaller than a walrus. The size difference between these animals in the image is not accurate to their real-world proportions."
pair_198.png,Are the objects in their correct relative sizes?,No,"The Komodo dragon is depicted as significantly larger than the koala, which is not accurate. In reality, a Komodo dragon can grow up to 3 meters long and weigh up to 70 kg, while a koala typically weighs between 4-15 kg and is about 60 cm tall when standing on its hind legs. The image exaggerates the size difference between these two animals.",,,,"[Verdict]: No
[Reasoning]: The Komodo dragon is depicted as significantly larger than the koala, which is not accurate. In reality, a Komodo dragon can grow up to 3 meters long and weigh up to 70 kg, while a koala typically weighs between 4-15 kg and is about 60 cm tall when standing on its hind legs. The image exaggerates the size difference between these two animals."
pair_298.png,Are the objects in their correct relative sizes?,No,"The koala and the sloth are depicted in a way that suggests they are of similar size, but in reality, a koala is significantly larger than a sloth. The illustration exaggerates the size difference between the two animals to make them appear more comparable in the image. In real life, a koala can weigh up to 14 kilograms, while a sloth typically weighs around 2-6 kilograms. Therefore, the relative sizes in the image do not reflect their actual size differences.",,,,"[Verdict]: No
[Reasoning]: The koala and the sloth are depicted in a way that suggests they are of similar size, but in reality, a koala is significantly larger than a sloth. The illustration exaggerates the size difference between the two animals to make them appear more comparable in the image. In real life, a koala can weigh up to 14 kilograms, while a sloth typically weighs around 2-6 kilograms. Therefore, the relative sizes in the image do not reflect their actual size differences."
pair_291.png,Are the objects in their correct relative sizes?,No,"The kangaroo is depicted much larger than it would be in real life compared to the bird, which is not accurate. In reality, a kangaroo is significantly larger than a bird like a toucan. The image exaggerates the size difference between these two animals.",,,,"[Verdict]: No
[Reasoning]: The kangaroo is depicted much larger than it would be in real life compared to the bird, which is not accurate. In reality, a kangaroo is significantly larger than a bird like a toucan. The image exaggerates the size difference between these two animals."
pair_083.png,Are the objects in their correct relative sizes?,No,"The giraffe is depicted as much larger than a kangaroo, which is not accurate. In reality, a giraffe is significantly taller and longer than a kangaroo. The image exaggerates the size difference between these two animals.",,,,"[Verdict]: No
[Reasoning]: The giraffe is depicted as much larger than a kangaroo, which is not accurate. In reality, a giraffe is significantly taller and longer than a kangaroo. The image exaggerates the size difference between these two animals."
pair_027.png,Are the objects in their correct relative sizes?,No,"The image shows an elephant and a rooster, but the rooster is disproportionately small compared to the elephant. In reality, elephants are much larger than roosters, so the size difference between the two animals in the image does not reflect their actual relative sizes.",,,,"[Verdict]: No
[Reasoning]: The image shows an elephant and a rooster, but the rooster is disproportionately small compared to the elephant. In reality, elephants are much larger than roosters, so the size difference between the two animals in the image does not reflect their actual relative sizes."
pair_123.png,Are the objects in their correct relative sizes?,No,"The image shows a camel and a honey badger, but the honey badger is depicted much larger than it would be in real life compared to a camel. In reality, a honey badger is significantly smaller than a camel. The size difference between these animals in the image is not accurate to their real-world proportions.",,,,"[Verdict]: No
[Reasoning]: The image shows a camel and a honey badger, but the honey badger is depicted much larger than it would be in real life compared to a camel. In reality, a honey badger is significantly smaller than a camel. The size difference between these animals in the image is not accurate to their real-world proportions."
pair_130.png,Are the objects in their correct relative sizes?,No,"The image shows two animals that appear to be of significantly different sizes, with one being much larger than the other. In reality, honey badgers and platypuses do not have such a large size difference. The honey badger is depicted as much larger than it would be compared to a platypus in real life.",,,,"[Verdict]: No
[Reasoning]: The image shows two animals that appear to be of significantly different sizes, with one being much larger than the other. In reality, honey badgers and platypuses do not have such a large size difference. The honey badger is depicted as much larger than it would be compared to a platypus in real life."
pair_344.png,Are the objects in their correct relative sizes?,No,"The image shows a great white shark and a giant squid. In reality, a great white shark is significantly larger than a giant squid. The squid appears to be disproportionately large compared to the shark, which is not accurate to the real-world size difference between these two marine creatures.",,,,"[Verdict]: No
[Reasoning]: The image shows a great white shark and a giant squid. In reality, a great white shark is significantly larger than a giant squid. The squid appears to be disproportionately large compared to the shark, which is not accurate to the real-world size difference between these two marine creatures."
pair_138.png,Are the objects in their correct relative sizes?,No,"The image shows a squid that is significantly larger than a bear, which is not accurate as bears are much larger animals compared to squids. The scale of the squid appears to be exaggerated for artistic or illustrative purposes rather than representing real-world proportions.",,,,"[Verdict]: No
[Reasoning]: The image shows a squid that is significantly larger than a bear, which is not accurate as bears are much larger animals compared to squids. The scale of the squid appears to be exaggerated for artistic or illustrative purposes rather than representing real-world proportions."
pair_251.png,Are the objects in their correct relative sizes?,No,"The reindeer and penguin are not drawn to scale with each other. Reindeer are much larger animals than penguins, and the illustration does not reflect this size difference accurately. The penguin appears disproportionately small compared to the reindeer, which is not representative of their real-world size relationship.",,,,"[Verdict]: No
[Reasoning]: The reindeer and penguin are not drawn to scale with each other. Reindeer are much larger animals than penguins, and the illustration does not reflect this size difference accurately. The penguin appears disproportionately small compared to the reindeer, which is not representative of their real-world size relationship."
pair_287.png,Are the objects in their correct relative sizes?,No,"The image shows a beluga whale and a giant squid. In reality, a beluga whale is significantly larger than a giant squid. The beluga whale depicted here appears to be much smaller than the giant squid, which is not accurate to scale.",,,,"[Verdict]: No
[Reasoning]: The image shows a beluga whale and a giant squid. In reality, a beluga whale is significantly larger than a giant squid. The beluga whale depicted here appears to be much smaller than the giant squid, which is not accurate to scale."
pair_207.png,Are the objects in their correct relative sizes?,No,"The image depicts a Komodo dragon, which is a large lizard species, and a chicken, which is much smaller. In reality, a Komodo dragon can grow up to 3 meters long and weigh over 70 kg, while a chicken is typically around 1 meter tall and weighs about 2-4 kg. The image shows the Komodo dragon significantly larger than it would be compared to a real chicken, indicating that the relative sizes are not accurate.",,,,"[Verdict]: No
[Reasoning]: The image depicts a Komodo dragon, which is a large lizard species, and a chicken, which is much smaller. In reality, a Komodo dragon can grow up to 3 meters long and weigh over 70 kg, while a chicken is typically around 1 meter tall and weighs about 2-4 kg. The image shows the Komodo dragon significantly larger than it would be compared to a real chicken, indicating that the relative sizes are not accurate."
pair_211.png,Are the objects in their correct relative sizes?,No,"The image shows a walrus and a snow leopard, but the snow leopard is depicted much larger than it would be in real life compared to a walrus. In reality, a snow leopard is significantly smaller than a walrus, with the snow leopard being about 1/10th the size of an adult walrus. The illustration exaggerates the size difference between these two animals.",,,,"[Verdict]: No
[Reasoning]: The image shows a walrus and a snow leopard, but the snow leopard is depicted much larger than it would be in real life compared to a walrus. In reality, a snow leopard is significantly smaller than a walrus, with the snow leopard being about 1/10th the size of an adult walrus. The illustration exaggerates the size difference between these two animals."
pair_055.png,Are the objects in their correct relative sizes?,No,"The image shows a hippopotamus and a meerkat for scale comparison. The meerkat is significantly smaller than the hippopotamus, which is depicted as much larger than it would be in real life. This indicates that the objects are not in their correct relative sizes.",,,,"[Verdict]: No
[Reasoning]: The image shows a hippopotamus and a meerkat for scale comparison. The meerkat is significantly smaller than the hippopotamus, which is depicted as much larger than it would be in real life. This indicates that the objects are not in their correct relative sizes."
pair_111.png,Are the objects in their correct relative sizes?,No,"The image shows a hippopotamus and a toucan, but the toucan appears to be disproportionately small compared to the hippopotamus. In reality, hippos are much larger than toucans, so the size difference between these animals in the image is not accurate.",,,,"[Verdict]: No
[Reasoning]: The image shows a hippopotamus and a toucan, but the toucan appears to be disproportionately small compared to the hippopotamus. In reality, hippos are much larger than toucans, so the size difference between these animals in the image is not accurate."
pair_170.png,Are the objects in their correct relative sizes?,No,"The red panda and the koala are depicted in a way that suggests they are of similar size, but in reality, a koala is significantly larger than a red panda. The illustration exaggerates the size difference between the two animals to make them appear more comparable in scale.",,,,"[Verdict]: No
[Reasoning]: The red panda and the koala are depicted in a way that suggests they are of similar size, but in reality, a koala is significantly larger than a red panda. The illustration exaggerates the size difference between the two animals to make them appear more comparable in scale."
pair_201.png,Are the objects in their correct relative sizes?,No,"The Komodo dragon is depicted much larger than it would be in real life compared to the sloth. In reality, a Komodo dragon is significantly larger than a sloth, and the image does not reflect this size difference accurately.",,,,"[Verdict]: No
[Reasoning]: The Komodo dragon is depicted much larger than it would be in real life compared to the sloth. In reality, a Komodo dragon is significantly larger than a sloth, and the image does not reflect this size difference accurately."
pair_079.png,Are the objects in their correct relative sizes?,No,"The giraffe is depicted much larger than it would be compared to a reindeer in real life. In reality, a giraffe is significantly taller and longer than a reindeer, but this image shows the giraffe as disproportionately large next to the reindeer.",,,,"[Verdict]: No
[Reasoning]: The giraffe is depicted much larger than it would be compared to a reindeer in real life. In reality, a giraffe is significantly taller and longer than a reindeer, but this image shows the giraffe as disproportionately large next to the reindeer."
pair_214.png,Are the objects in their correct relative sizes?,No,"The image shows a snow leopard and a koala, but they are not drawn to scale. The snow leopard is depicted much larger than it would be compared to a koala in real life. In reality, koalas are significantly smaller than snow leopards, with the latter being about 3-4 times larger in terms of body size. The drawing exaggerates the size difference between these two animals, which is not accurate to their real-world proportions.",,,,"[Verdict]: No
[Reasoning]: The image shows a snow leopard and a koala, but they are not drawn to scale. The snow leopard is depicted much larger than it would be compared to a koala in real life. In reality, koalas are significantly smaller than snow leopards, with the latter being about 3-4 times larger in terms of body size. The drawing exaggerates the size difference between these two animals, which is not accurate to their real-world proportions."
pair_343.png,Are the objects in their correct relative sizes?,No,"The rooster is depicted much larger than a real rooster would be compared to a hedgehog. In reality, a rooster is significantly smaller than a hedgehog and would not be as large as shown in the image.",,,,"[Verdict]: No
[Reasoning]: The rooster is depicted much larger than a real rooster would be compared to a hedgehog. In reality, a rooster is significantly smaller than a hedgehog and would not be as large as shown in the image."
pair_318.png,Are the objects in their correct relative sizes?,No,"The image shows an axolotl and a hedgehog. Axolotls are typically much smaller than hedgehogs, but the illustration makes the axolotl appear disproportionately large compared to the hedgehog. This suggests that the relative sizes of the animals in the image are not accurately depicted.",,,,"[Verdict]: No
[Reasoning]: The image shows an axolotl and a hedgehog. Axolotls are typically much smaller than hedgehogs, but the illustration makes the axolotl appear disproportionately large compared to the hedgehog. This suggests that the relative sizes of the animals in the image are not accurately depicted."
pair_257.png,Are the objects in their correct relative sizes?,Yes,"The image shows two whales, one on the left and one on the right. The whale on the left is depicted with a smaller size compared to the whale on the right, which aligns with the known relative sizes of narwhals and belugas. Narwhals are indeed smaller than belugas, so the illustration accurately represents their size difference.",,,,"[Verdict]: Yes
[Reasoning]: The image shows two whales, one on the left and one on the right. The whale on the left is depicted with a smaller size compared to the whale on the right, which aligns with the known relative sizes of narwhals and belugas. Narwhals are indeed smaller than belugas, so the illustration accurately represents their size difference."
pair_096.png,Are the objects in their correct relative sizes?,No,"The image shows a hippopotamus and a lemur, but the lemur is depicted much larger than it would be in real life compared to the hippopotamus. In reality, a lemur is significantly smaller than a hippopotamus. The size difference between these animals in the image is not accurate to their real-world proportions.",,,,"[Verdict]: No
[Reasoning]: The image shows a hippopotamus and a lemur, but the lemur is depicted much larger than it would be in real life compared to the hippopotamus. In reality, a lemur is significantly smaller than a hippopotamus. The size difference between these animals in the image is not accurate to their real-world proportions."
pair_270.png,Are the objects in their correct relative sizes?,No,"The image shows a walrus and a platypus, but the platypus is depicted much larger than it would be in real life compared to the walrus. In reality, a platypus is significantly smaller than a walrus, so the relative sizes in the image are not accurate.",,,,"[Verdict]: No
[Reasoning]: The image shows a walrus and a platypus, but the platypus is depicted much larger than it would be in real life compared to the walrus. In reality, a platypus is significantly smaller than a walrus, so the relative sizes in the image are not accurate."
pair_280.png,Are the objects in their correct relative sizes?,No,"The image shows a beluga whale and a beaver. Belugas are much larger than beavers, but the illustration makes them appear to be of similar size. This is not accurate as it does not reflect the real-world size difference between these two animals.",,,,"[Verdict]: No
[Reasoning]: The image shows a beluga whale and a beaver. Belugas are much larger than beavers, but the illustration makes them appear to be of similar size. This is not accurate as it does not reflect the real-world size difference between these two animals."
pair_036.png,Are the objects in their correct relative sizes?,Yes,"The image shows two animals, a cheetah and a snow leopard, depicted side by side for comparison. The cheetah is on the left and the snow leopard is on the right. Both animals are drawn to scale with respect to each other, maintaining their typical proportions and relative sizes as they appear in real life. The cheetah is smaller than the snow leopard, which is consistent with their actual size differences. Therefore, the objects are in their correct relative sizes.",,,,"[Verdict]: Yes
[Reasoning]: The image shows two animals, a cheetah and a snow leopard, depicted side by side for comparison. The cheetah is on the left and the snow leopard is on the right. Both animals are drawn to scale with respect to each other, maintaining their typical proportions and relative sizes as they appear in real life. The cheetah is smaller than the snow leopard, which is consistent with their actual size differences. Therefore, the objects are in their correct relative sizes."
pair_282.png,Are the objects in their correct relative sizes?,No,"The image shows a beluga whale and a sloth. Belugas are marine mammals that can grow up to 18 feet long, while sloths are much smaller terrestrial animals. In the image, the beluga whale is depicted significantly larger than a typical sloth, which would be an unrealistic size comparison given their natural habitats and sizes.",,,,"[Verdict]: No
[Reasoning]: The image shows a beluga whale and a sloth. Belugas are marine mammals that can grow up to 18 feet long, while sloths are much smaller terrestrial animals. In the image, the beluga whale is depicted significantly larger than a typical sloth, which would be an unrealistic size comparison given their natural habitats and sizes."
pair_263.png,Are the objects in their correct relative sizes?,No,"The image shows a narwhal and a bear side by side for comparison. Narwhals are marine mammals that typically grow to about 4-6 meters in length, while bears can vary significantly in size but generally range from 1.5 to 3 meters in height at the shoulder. The bear in the image appears to be much larger than what would be expected compared to a narwhal of similar proportions. This suggests that the bear is not drawn to scale with the narwhal.",,,,"[Verdict]: No
[Reasoning]: The image shows a narwhal and a bear side by side for comparison. Narwhals are marine mammals that typically grow to about 4-6 meters in length, while bears can vary significantly in size but generally range from 1.5 to 3 meters in height at the shoulder. The bear in the image appears to be much larger than what would be expected compared to a narwhal of similar proportions. This suggests that the bear is not drawn to scale with the narwhal."
pair_124.png,Are the objects in their correct relative sizes?,No,"The image shows a honey badger and a reindeer. The honey badger is depicted much larger than it would be in real life compared to a reindeer, which is significantly larger than a honey badger. In reality, a honey badger is much smaller than a reindeer, so the relative sizes in the image are incorrect.",,,,"[Verdict]: No
[Reasoning]: The image shows a honey badger and a reindeer. The honey badger is depicted much larger than it would be in real life compared to a reindeer, which is significantly larger than a honey badger. In reality, a honey badger is much smaller than a reindeer, so the relative sizes in the image are incorrect."
pair_105.png,Are the objects in their correct relative sizes?,No,"The image shows a hippopotamus and a beluga whale, but the scale is incorrect. A hippopotamus is much larger than a beluga whale, yet the drawing makes the hippopotamus appear smaller than it should be compared to the beluga whale. This suggests that the relative sizes of the animals are not accurately depicted in the image.",,,,"[Verdict]: No
[Reasoning]: The image shows a hippopotamus and a beluga whale, but the scale is incorrect. A hippopotamus is much larger than a beluga whale, yet the drawing makes the hippopotamus appear smaller than it should be compared to the beluga whale. This suggests that the relative sizes of the animals are not accurately depicted in the image."
pair_289.png,Are the objects in their correct relative sizes?,No,"The kangaroo and the koala are depicted in a way that suggests they are of similar size, which is not accurate. In reality, a kangaroo is significantly larger than a koala. The koala appears to be disproportionately small compared to the kangaroo, which does not reflect their actual size difference.",,,,"[Verdict]: No
[Reasoning]: The kangaroo and the koala are depicted in a way that suggests they are of similar size, which is not accurate. In reality, a kangaroo is significantly larger than a koala. The koala appears to be disproportionately small compared to the kangaroo, which does not reflect their actual size difference."
pair_074.png,Are the objects in their correct relative sizes?,No,"The image shows a giraffe and a red panda, but the red panda is disproportionately small compared to the giraffe. In reality, a red panda is much smaller than a giraffe, so the size difference in the image does not reflect their actual relative sizes.",,,,"[Verdict]: No
[Reasoning]: The image shows a giraffe and a red panda, but the red panda is disproportionately small compared to the giraffe. In reality, a red panda is much smaller than a giraffe, so the size difference in the image does not reflect their actual relative sizes."
pair_249.png,Are the objects in their correct relative sizes?,No,"The image shows a reindeer and a toucan, but the toucan appears to be disproportionately small compared to the reindeer. In reality, a reindeer is much larger than a toucan, so the size difference between these two animals should be more pronounced. The illustration does not accurately reflect the typical size ratio of these animals.",,,,"[Verdict]: No
[Reasoning]: The image shows a reindeer and a toucan, but the toucan appears to be disproportionately small compared to the reindeer. In reality, a reindeer is much larger than a toucan, so the size difference between these two animals should be more pronounced. The illustration does not accurately reflect the typical size ratio of these animals."
pair_121.png,Are the objects in their correct relative sizes?,No,"The image shows a honey badger and a Komodo dragon, but the Komodo dragon is depicted much larger than it would be in real life compared to a honey badger. In reality, a honey badger is significantly smaller than a Komodo dragon, which typically measures around 2 meters in length, while a honey badger is only about 50-60 cm long. The illustration exaggerates the size difference between these animals.",,,,"[Verdict]: No
[Reasoning]: The image shows a honey badger and a Komodo dragon, but the Komodo dragon is depicted much larger than it would be in real life compared to a honey badger. In reality, a honey badger is significantly smaller than a Komodo dragon, which typically measures around 2 meters in length, while a honey badger is only about 50-60 cm long. The illustration exaggerates the size difference between these animals."
pair_219.png,Are the objects in their correct relative sizes?,No,"The bear appears to be significantly larger than the snow leopard, which is not accurate. In reality, a snow leopard is much smaller than a bear. The image exaggerates the size difference between the two animals.",,,,"[Verdict]: No
[Reasoning]: The bear appears to be significantly larger than the snow leopard, which is not accurate. In reality, a snow leopard is much smaller than a bear. The image exaggerates the size difference between the two animals."
pair_304.png,Are the objects in their correct relative sizes?,No,"The image shows a squid that is significantly larger than a koala, which is not accurate to real-world proportions. Squids are much smaller than koalas and would not be depicted as being larger in this context.",,,,"[Verdict]: No
[Reasoning]: The image shows a squid that is significantly larger than a koala, which is not accurate to real-world proportions. Squids are much smaller than koalas and would not be depicted as being larger in this context."
pair_115.png,Are the objects in their correct relative sizes?,No,"The image shows a hippopotamus and a shark, but the hippopotamus is depicted much larger than it would be in real life compared to a shark of similar size. In reality, a great white shark can grow up to 20 feet long, while a hippopotamus typically ranges from 10 to 14 feet in length. Therefore, the relative sizes shown in the image are not accurate.",,,,"[Verdict]: No
[Reasoning]: The image shows a hippopotamus and a shark, but the hippopotamus is depicted much larger than it would be in real life compared to a shark of similar size. In reality, a great white shark can grow up to 20 feet long, while a hippopotamus typically ranges from 10 to 14 feet in length. Therefore, the relative sizes shown in the image are not accurate."
pair_261.png,Are the objects in their correct relative sizes?,No,"The narwhal is depicted much larger than the sloth, which is not accurate to real-life proportions. In reality, a narwhal is significantly smaller than a sloth when comparing their sizes. The image exaggerates the size difference between these two animals.",,,,"[Verdict]: No
[Reasoning]: The narwhal is depicted much larger than the sloth, which is not accurate to real-life proportions. In reality, a narwhal is significantly smaller than a sloth when comparing their sizes. The image exaggerates the size difference between these two animals."
pair_046.png,Are the objects in their correct relative sizes?,No,"The image depicts a cheetah and a sloth, but the cheetah is significantly larger than the sloth. In reality, cheetahs are much larger animals compared to sloths, which are known for being slow-moving and relatively small. The size difference between the two animals in the image does not reflect their actual relative sizes in nature.",,,,"[Verdict]: No
[Reasoning]: The image depicts a cheetah and a sloth, but the cheetah is significantly larger than the sloth. In reality, cheetahs are much larger animals compared to sloths, which are known for being slow-moving and relatively small. The size difference between the two animals in the image does not reflect their actual relative sizes in nature."
pair_185.png,Are the objects in their correct relative sizes?,Yes,"The image depicts a panda and a koala, which are both accurately represented in terms of their relative sizes. Pandas are known to be much larger than koalas, and this is reflected in the illustration where the panda is significantly bigger than the koala. The proportions are consistent with real-life observations, maintaining the correct size difference between the two animals.",,,,"[Verdict]: Yes
[Reasoning]: The image depicts a panda and a koala, which are both accurately represented in terms of their relative sizes. Pandas are known to be much larger than koalas, and this is reflected in the illustration where the panda is significantly bigger than the koala. The proportions are consistent with real-life observations, maintaining the correct size difference between the two animals."
pair_094.png,Are the objects in their correct relative sizes?,No,"The image shows a giraffe and a rooster, but the rooster is disproportionately small compared to the giraffe. In reality, a giraffe is much larger than a rooster, so the size difference between these two animals should be much more pronounced. The rooster's size in the image does not reflect its actual size relative to a giraffe.",,,,"[Verdict]: No
[Reasoning]: The image shows a giraffe and a rooster, but the rooster is disproportionately small compared to the giraffe. In reality, a giraffe is much larger than a rooster, so the size difference between these two animals should be much more pronounced. The rooster's size in the image does not reflect its actual size relative to a giraffe."
pair_317.png,Are the objects in their correct relative sizes?,No,"The image shows a bear and an axolotl, which is a type of salamander. In reality, bears are much larger than axolotls. The axolotl in the image appears to be disproportionately small compared to the bear, indicating that the relative sizes are not correctly depicted.",,,,"[Verdict]: No
[Reasoning]: The image shows a bear and an axolotl, which is a type of salamander. In reality, bears are much larger than axolotls. The axolotl in the image appears to be disproportionately small compared to the bear, indicating that the relative sizes are not correctly depicted."
pair_338.png,Are the objects in their correct relative sizes?,No,"The bear and the rooster are depicted in a way that does not reflect their actual size difference. In reality, a bear is significantly larger than a rooster. The image shows the bear as much smaller than it should be compared to the rooster, which is an unrealistic representation of their size difference.",,,,"[Verdict]: No
[Reasoning]: The bear and the rooster are depicted in a way that does not reflect their actual size difference. In reality, a bear is significantly larger than a rooster. The image shows the bear as much smaller than it should be compared to the rooster, which is an unrealistic representation of their size difference."
pair_299.png,Are the objects in their correct relative sizes?,No,"The koala and the toucan are not drawn to scale. The koala is depicted much larger than it would be compared to a real toucan, which is significantly smaller in size. In reality, a koala is much larger than a toucan, so the drawing does not accurately represent their relative sizes.",,,,"[Verdict]: No
[Reasoning]: The koala and the toucan are not drawn to scale. The koala is depicted much larger than it would be compared to a real toucan, which is significantly smaller in size. In reality, a koala is much larger than a toucan, so the drawing does not accurately represent their relative sizes."
pair_202.png,Are the objects in their correct relative sizes?,No,"The Komodo dragon is depicted much larger than it would be compared to a toucan in real life. Komodo dragons can grow up to 3 meters long, while toucans are typically around 25-30 cm in length. The image shows the Komodo dragon significantly larger than the toucan, which is not accurate to their real-world size difference.",,,,"[Verdict]: No
[Reasoning]: The Komodo dragon is depicted much larger than it would be compared to a toucan in real life. Komodo dragons can grow up to 3 meters long, while toucans are typically around 25-30 cm in length. The image shows the Komodo dragon significantly larger than the toucan, which is not accurate to their real-world size difference."
pair_307.png,Are the objects in their correct relative sizes?,No,"The platypus, which is on the left side of the image, appears to be disproportionately large compared to the sloth, which is on the right side. In reality, platypuses are much smaller than sloths. The size difference between these animals in the image does not reflect their actual size ratio in nature.",,,,"[Verdict]: No
[Reasoning]: The platypus, which is on the left side of the image, appears to be disproportionately large compared to the sloth, which is on the right side. In reality, platypuses are much smaller than sloths. The size difference between these animals in the image does not reflect their actual size ratio in nature."
pair_018.png,Are the objects in their correct relative sizes?,No,"The image shows an elephant and a platypus, but the elephant is depicted much larger than it would be in real life compared to a platypus. In reality, a platypus is significantly smaller than an elephant. The illustration exaggerates the size difference between these two animals, which is not accurate to their real-world proportions.",,,,"[Verdict]: No
[Reasoning]: The image shows an elephant and a platypus, but the elephant is depicted much larger than it would be in real life compared to a platypus. In reality, a platypus is significantly smaller than an elephant. The illustration exaggerates the size difference between these two animals, which is not accurate to their real-world proportions."
pair_095.png,Are the objects in their correct relative sizes?,No,"The image shows a hippopotamus and a honey badger, but the hippopotamus is depicted much larger than it would be in real life compared to the honey badger. In reality, a honey badger is significantly smaller than a hippopotamus, and the size difference between them is not accurately represented here.",,,,"[Verdict]: No
[Reasoning]: The image shows a hippopotamus and a honey badger, but the hippopotamus is depicted much larger than it would be in real life compared to the honey badger. In reality, a honey badger is significantly smaller than a hippopotamus, and the size difference between them is not accurately represented here."
pair_035.png,Are the objects in their correct relative sizes?,No,"The image shows a cheetah and a Komodo dragon, but the Komodo dragon is depicted as much larger than it would be in real life compared to a cheetah. In reality, a cheetah is significantly smaller than a Komodo dragon. The Komodo dragon is known to be one of the largest living lizards, reaching lengths up to 3 meters (10 feet), while a cheetah typically ranges from 2 to 2.5 meters (6.5 to 8 feet) in length. Therefore, the relative size shown in the image is incorrect.",,,,"[Verdict]: No
[Reasoning]: The image shows a cheetah and a Komodo dragon, but the Komodo dragon is depicted as much larger than it would be in real life compared to a cheetah. In reality, a cheetah is significantly smaller than a Komodo dragon. The Komodo dragon is known to be one of the largest living lizards, reaching lengths up to 3 meters (10 feet), while a cheetah typically ranges from 2 to 2.5 meters (6.5 to 8 feet) in length. Therefore, the relative size shown in the image is incorrect."
pair_146.png,Are the objects in their correct relative sizes?,No,"The image shows a narwhal and a lemur, but the narwhal is depicted much larger than it would be in real life compared to a lemur. In reality, a lemur is significantly smaller than a narwhal. The narwhal's size in the image is exaggerated for visual effect or artistic purposes, which does not reflect their actual relative sizes.",,,,"[Verdict]: No
[Reasoning]: The image shows a narwhal and a lemur, but the narwhal is depicted much larger than it would be in real life compared to a lemur. In reality, a lemur is significantly smaller than a narwhal. The narwhal's size in the image is exaggerated for visual effect or artistic purposes, which does not reflect their actual relative sizes."
pair_113.png,Are the objects in their correct relative sizes?,No,"The image shows a hippopotamus and a penguin. The hippopotamus is depicted much larger than it would be in real life compared to a penguin, which is not accurate. In reality, a penguin is significantly smaller than a hippopotamus. The size difference between these animals in the image is exaggerated for artistic or illustrative purposes but does not reflect their actual relative sizes.",,,,"[Verdict]: No
[Reasoning]: The image shows a hippopotamus and a penguin. The hippopotamus is depicted much larger than it would be in real life compared to a penguin, which is not accurate. In reality, a penguin is significantly smaller than a hippopotamus. The size difference between these animals in the image is exaggerated for artistic or illustrative purposes but does not reflect their actual relative sizes."
pair_131.png,Are the objects in their correct relative sizes?,No,"The image shows a honey badger and an axolotl, which are not typically found together in nature. The honey badger is significantly larger than the axolotl, and the axolotl is much smaller than it would be in real life compared to a honey badger. This suggests that the image has been manipulated or is not depicting animals in their natural size proportions.",,,,"[Verdict]: No
[Reasoning]: The image shows a honey badger and an axolotl, which are not typically found together in nature. The honey badger is significantly larger than the axolotl, and the axolotl is much smaller than it would be in real life compared to a honey badger. This suggests that the image has been manipulated or is not depicting animals in their natural size proportions."
pair_140.png,Are the objects in their correct relative sizes?,No,"The image shows a ring-tailed lemur and a red panda. In reality, a ring-tailed lemur is significantly smaller than a red panda. The lemur depicted here appears to be disproportionately large compared to the red panda, which is not accurate to their real-life size difference.",,,,"[Verdict]: No
[Reasoning]: The image shows a ring-tailed lemur and a red panda. In reality, a ring-tailed lemur is significantly smaller than a red panda. The lemur depicted here appears to be disproportionately large compared to the red panda, which is not accurate to their real-life size difference."
pair_186.png,Are the objects in their correct relative sizes?,No,"The panda is depicted much larger than it would be in real life compared to the platypus. In reality, a platypus is significantly smaller than a panda. The image exaggerates the size difference between these two animals, which is not accurate to their real-world proportions.",,,,"[Verdict]: No
[Reasoning]: The panda is depicted much larger than it would be in real life compared to the platypus. In reality, a platypus is significantly smaller than a panda. The image exaggerates the size difference between these two animals, which is not accurate to their real-world proportions."
pair_001.png,Are the objects in their correct relative sizes?,No,"The image shows an elephant and a cheetah, but the cheetah is depicted much larger than it should be compared to the elephant. In reality, elephants are significantly larger animals than cheetahs. The cheetah's size in the image is exaggerated, making it appear much bigger than it would be in real life when standing next to an elephant.",,,,"[Verdict]: No
[Reasoning]: The image shows an elephant and a cheetah, but the cheetah is depicted much larger than it should be compared to the elephant. In reality, elephants are significantly larger animals than cheetahs. The cheetah's size in the image is exaggerated, making it appear much bigger than it would be in real life when standing next to an elephant."
pair_292.png,Are the objects in their correct relative sizes?,No,"The kangaroo and the bear are depicted in a way that suggests they are of similar size, which is not accurate. Kangaroos are much smaller than bears in real life. The bear appears to be significantly larger than the kangaroo, which does not reflect their actual size difference.",,,,"[Verdict]: No
[Reasoning]: The kangaroo and the bear are depicted in a way that suggests they are of similar size, which is not accurate. Kangaroos are much smaller than bears in real life. The bear appears to be significantly larger than the kangaroo, which does not reflect their actual size difference."
pair_240.png,Are the objects in their correct relative sizes?,No,"The camel is depicted much larger than a rooster, which is not accurate to real-life proportions. In reality, a camel is significantly larger than a rooster, and they do not typically interact in such a way that would suggest the rooster is standing next to the camel's feet. The image appears to be a cartoon or artistic representation where the size difference is exaggerated for comedic or illustrative effect rather than depicting a realistic scenario.",,,,"[Verdict]: No
[Reasoning]: The camel is depicted much larger than a rooster, which is not accurate to real-life proportions. In reality, a camel is significantly larger than a rooster, and they do not typically interact in such a way that would suggest the rooster is standing next to the camel's feet. The image appears to be a cartoon or artistic representation where the size difference is exaggerated for comedic or illustrative effect rather than depicting a realistic scenario."
pair_192.png,Are the objects in their correct relative sizes?,No,"The Komodo dragon depicted is significantly larger than the snow leopard, which is not accurate to real-world proportions. Komodo dragons can grow up to 3 meters long and weigh over 70 kg, while adult snow leopards typically measure around 1.5 meters in length and weigh about 40-60 kg. The image does not reflect these size differences correctly.",,,,"[Verdict]: No
[Reasoning]: The Komodo dragon depicted is significantly larger than the snow leopard, which is not accurate to real-world proportions. Komodo dragons can grow up to 3 meters long and weigh over 70 kg, while adult snow leopards typically measure around 1.5 meters in length and weigh about 40-60 kg. The image does not reflect these size differences correctly."
pair_163.png,Are the objects in their correct relative sizes?,No,"The red panda and the snow leopard are depicted in a way that suggests they are of similar size, but in reality, the snow leopard is significantly larger than the red panda. The red panda is shown to be much smaller in comparison to the snow leopard, which is not accurate to their real-life proportions.",,,,"[Verdict]: No
[Reasoning]: The red panda and the snow leopard are depicted in a way that suggests they are of similar size, but in reality, the snow leopard is significantly larger than the red panda. The red panda is shown to be much smaller in comparison to the snow leopard, which is not accurate to their real-life proportions."
pair_305.png,Are the objects in their correct relative sizes?,No,"The koala and the rooster are not drawn to scale with each other. Koalas are much larger animals than roosters, and the illustration does not reflect this size difference accurately. The rooster appears disproportionately small compared to the koala, which is not representative of their real-world size relationship.",,,,"[Verdict]: No
[Reasoning]: The koala and the rooster are not drawn to scale with each other. Koalas are much larger animals than roosters, and the illustration does not reflect this size difference accurately. The rooster appears disproportionately small compared to the koala, which is not representative of their real-world size relationship."
pair_026.png,Are the objects in their correct relative sizes?,No,"The image depicts an elephant and a squid, but the size of the squid is exaggerated compared to the elephant. In reality, elephants are much larger than squids. The squid appears to be disproportionately small next to the elephant, which does not reflect their actual size difference in nature.",,,,"[Verdict]: No
[Reasoning]: The image depicts an elephant and a squid, but the size of the squid is exaggerated compared to the elephant. In reality, elephants are much larger than squids. The squid appears to be disproportionately small next to the elephant, which does not reflect their actual size difference in nature."
pair_183.png,Are the objects in their correct relative sizes?,No,"The panda and the reindeer are depicted in a way that suggests they are of similar size, which is not accurate. In reality, a panda is significantly smaller than a reindeer. The image appears to be a creative or artistic representation rather than a scientifically accurate depiction of their relative sizes.",,,,"[Verdict]: No
[Reasoning]: The panda and the reindeer are depicted in a way that suggests they are of similar size, which is not accurate. In reality, a panda is significantly smaller than a reindeer. The image appears to be a creative or artistic representation rather than a scientifically accurate depiction of their relative sizes."
pair_040.png,Are the objects in their correct relative sizes?,No,"The image shows a walrus and a cheetah, but the cheetah appears to be disproportionately large compared to the walrus. In reality, a cheetah is much smaller than a walrus. The size difference between these animals should be more pronounced for the comparison to be accurate.",,,,"[Verdict]: No
[Reasoning]: The image shows a walrus and a cheetah, but the cheetah appears to be disproportionately large compared to the walrus. In reality, a cheetah is much smaller than a walrus. The size difference between these animals should be more pronounced for the comparison to be accurate."
pair_057.png,Are the objects in their correct relative sizes?,Yes,"The image shows two animals, a meerkat and a ring-tailed lemur, depicted side by side. The meerkat is on the left and the ring-tailed lemur is on the right. Both animals are drawn to scale with each other, maintaining their typical proportions and relative sizes as they would be in real life. The meerkat is smaller than the ring-tailed lemur, which is consistent with their actual size differences. Therefore, the objects are in their correct relative sizes.",,,,"[Verdict]: Yes
[Reasoning]: The image shows two animals, a meerkat and a ring-tailed lemur, depicted side by side. The meerkat is on the left and the ring-tailed lemur is on the right. Both animals are drawn to scale with each other, maintaining their typical proportions and relative sizes as they would be in real life. The meerkat is smaller than the ring-tailed lemur, which is consistent with their actual size differences. Therefore, the objects are in their correct relative sizes."
pair_319.png,Are the objects in their correct relative sizes?,Yes,"The image depicts a shark, which is accurately represented in terms of its size and proportions. Sharks are large fish, and this illustration correctly captures the elongated body, dorsal fin, and tail of a shark. There are no indications of the shark being disproportionately small or large compared to other elements that might be present in the image (though there are no other elements in this particular image). Therefore, the objects are in their correct relative sizes.",,,,"[Verdict]: Yes
[Reasoning]: The image depicts a shark, which is accurately represented in terms of its size and proportions. Sharks are large fish, and this illustration correctly captures the elongated body, dorsal fin, and tail of a shark. There are no indications of the shark being disproportionately small or large compared to other elements that might be present in the image (though there are no other elements in this particular image). Therefore, the objects are in their correct relative sizes."
pair_224.png,Are the objects in their correct relative sizes?,No,"The image shows a snow leopard and a rooster, but the rooster is disproportionately small compared to the snow leopard. In reality, a snow leopard is much larger than a rooster, so the size difference between these two animals in the image does not reflect their actual relative sizes.",,,,"[Verdict]: No
[Reasoning]: The image shows a snow leopard and a rooster, but the rooster is disproportionately small compared to the snow leopard. In reality, a snow leopard is much larger than a rooster, so the size difference between these two animals in the image does not reflect their actual relative sizes."
pair_196.png,Are the objects in their correct relative sizes?,No,"The image shows a Komodo dragon and a walrus, but the Komodo dragon is depicted much larger than it would be in real life compared to the walrus. In reality, a Komodo dragon is significantly smaller than a walrus. The Komodo dragon's size in the image appears to be exaggerated for artistic or illustrative purposes, which does not reflect their actual relative sizes.",,,,"[Verdict]: No
[Reasoning]: The image shows a Komodo dragon and a walrus, but the Komodo dragon is depicted much larger than it would be in real life compared to the walrus. In reality, a Komodo dragon is significantly smaller than a walrus. The Komodo dragon's size in the image appears to be exaggerated for artistic or illustrative purposes, which does not reflect their actual relative sizes."
pair_205.png,Are the objects in their correct relative sizes?,No,"The image depicts a Komodo dragon and a shark, but the Komodo dragon is significantly larger than it should be compared to the shark. In reality, a Komodo dragon is much smaller than a great white shark. The Komodo dragon in the image appears to be disproportionately large, which is not accurate to the real-world size difference between these animals.",,,,"[Verdict]: No
[Reasoning]: The image depicts a Komodo dragon and a shark, but the Komodo dragon is significantly larger than it should be compared to the shark. In reality, a Komodo dragon is much smaller than a great white shark. The Komodo dragon in the image appears to be disproportionately large, which is not accurate to the real-world size difference between these animals."
pair_160.png,Are the objects in their correct relative sizes?,No,"The image shows a lemur and a rooster, but the rooster appears to be disproportionately larger than the lemur. In reality, lemurs are much smaller animals compared to roosters, so the size difference in the image is not accurate.",,,,"[Verdict]: No
[Reasoning]: The image shows a lemur and a rooster, but the rooster appears to be disproportionately larger than the lemur. In reality, lemurs are much smaller animals compared to roosters, so the size difference in the image is not accurate."
pair_262.png,Are the objects in their correct relative sizes?,No,"The narwhal is depicted much larger than the toucan, which is not accurate to real-life proportions. In reality, a narwhal is significantly larger than a toucan.",,,,"[Verdict]: No
[Reasoning]: The narwhal is depicted much larger than the toucan, which is not accurate to real-life proportions. In reality, a narwhal is significantly larger than a toucan."
pair_178.png,Are the objects in their correct relative sizes?,No,"The image shows a great white shark and a red panda. The red panda is significantly smaller than the shark, which is consistent with their real-life size differences. However, the red panda appears to be disproportionately small compared to the shark in the image, suggesting that the objects are not in their correct relative sizes.",,,,"[Verdict]: No
[Reasoning]: The image shows a great white shark and a red panda. The red panda is significantly smaller than the shark, which is consistent with their real-life size differences. However, the red panda appears to be disproportionately small compared to the shark in the image, suggesting that the objects are not in their correct relative sizes."
pair_062.png,Are the objects in their correct relative sizes?,No,"The image shows a meerkat and a reindeer, but the meerkat is depicted much larger than it would be in real life compared to a reindeer. In reality, a meerkat is significantly smaller than a reindeer. The size difference between the two animals in the image is not accurate to their real-life proportions.",,,,"[Verdict]: No
[Reasoning]: The image shows a meerkat and a reindeer, but the meerkat is depicted much larger than it would be in real life compared to a reindeer. In reality, a meerkat is significantly smaller than a reindeer. The size difference between the two animals in the image is not accurate to their real-life proportions."
pair_209.png,Are the objects in their correct relative sizes?,No,"The image shows a snow leopard and a reindeer. In reality, a snow leopard is significantly smaller than a reindeer. The snow leopard in the image appears to be disproportionately large compared to the reindeer, which is not accurate to their real-world size difference.",,,,"[Verdict]: No
[Reasoning]: The image shows a snow leopard and a reindeer. In reality, a snow leopard is significantly smaller than a reindeer. The snow leopard in the image appears to be disproportionately large compared to the reindeer, which is not accurate to their real-world size difference."
pair_324.png,Are the objects in their correct relative sizes?,No,"The image shows a sloth and a hedgehog. Sloths are much larger animals than hedgehogs, typically weighing between 6 to 30 kg, while hedgehogs weigh between 0.2 to 5 kg. The illustration depicts the sloth hanging from a branch, which is proportionally much larger than the hedgehog standing next to it, indicating that the relative sizes are not correctly represented.",,,,"[Verdict]: No
[Reasoning]: The image shows a sloth and a hedgehog. Sloths are much larger animals than hedgehogs, typically weighing between 6 to 30 kg, while hedgehogs weigh between 0.2 to 5 kg. The illustration depicts the sloth hanging from a branch, which is proportionally much larger than the hedgehog standing next to it, indicating that the relative sizes are not correctly represented."
pair_330.png,Are the objects in their correct relative sizes?,No,"The image shows a toucan and a hedgehog, but the toucan is depicted much larger than it would be in real life compared to the hedgehog. In reality, a toucan is significantly smaller than a hedgehog, so the relative sizes in the image are not accurate.",,,,"[Verdict]: No
[Reasoning]: The image shows a toucan and a hedgehog, but the toucan is depicted much larger than it would be in real life compared to the hedgehog. In reality, a toucan is significantly smaller than a hedgehog, so the relative sizes in the image are not accurate."
pair_293.png,Are the objects in their correct relative sizes?,No,"The kangaroo and the penguin are depicted in a way that suggests they are of similar size, which is not accurate. Kangaroos are much larger than penguins. In reality, a kangaroo can be several times taller and heavier than a penguin. The image appears to have exaggerated the size difference for artistic or humorous effect rather than depicting them in their correct relative sizes.",,,,"[Verdict]: No
[Reasoning]: The kangaroo and the penguin are depicted in a way that suggests they are of similar size, which is not accurate. Kangaroos are much larger than penguins. In reality, a kangaroo can be several times taller and heavier than a penguin. The image appears to have exaggerated the size difference for artistic or humorous effect rather than depicting them in their correct relative sizes."
pair_281.png,Are the objects in their correct relative sizes?,Yes,"The image depicts a single beluga whale, which is accurately represented in terms of its size and proportions. There are no other objects or animals present to compare with the whale, so the relative size of the whale itself is correctly depicted.",,,,"[Verdict]: Yes
[Reasoning]: The image depicts a single beluga whale, which is accurately represented in terms of its size and proportions. There are no other objects or animals present to compare with the whale, so the relative size of the whale itself is correctly depicted."
pair_133.png,Are the objects in their correct relative sizes?,No,"The honey badger is depicted much larger than a real honey badger would be compared to a toucan. In reality, a honey badger is significantly larger than a toucan, and the image does not reflect this size difference accurately.",,,,"[Verdict]: No
[Reasoning]: The honey badger is depicted much larger than a real honey badger would be compared to a toucan. In reality, a honey badger is significantly larger than a toucan, and the image does not reflect this size difference accurately."
pair_199.png,Are the objects in their correct relative sizes?,No,"The image shows a Komodo dragon and a platypus, but the Komodo dragon is depicted much larger than it would be in real life compared to a platypus. In reality, a Komodo dragon is significantly larger than a platypus, but the image exaggerates this difference to an extreme degree.",,,,"[Verdict]: No
[Reasoning]: The image shows a Komodo dragon and a platypus, but the Komodo dragon is depicted much larger than it would be in real life compared to a platypus. In reality, a Komodo dragon is significantly larger than a platypus, but the image exaggerates this difference to an extreme degree."
pair_023.png,Are the objects in their correct relative sizes?,No,"The image shows an elephant and a penguin, but the elephant is depicted much larger than it would be in real life compared to a penguin. In reality, elephants are significantly larger animals, and penguins are much smaller. The size difference between the two animals in the image is not proportionate to their actual sizes.",,,,"[Verdict]: No
[Reasoning]: The image shows an elephant and a penguin, but the elephant is depicted much larger than it would be in real life compared to a penguin. In reality, elephants are significantly larger animals, and penguins are much smaller. The size difference between the two animals in the image is not proportionate to their actual sizes."
pair_025.png,Are the objects in their correct relative sizes?,No,"The image shows an elephant and a shark, but the elephant is depicted much larger than it would be in real life compared to a shark. In reality, elephants are significantly larger animals than sharks, and the size difference between them is not accurately represented here.",,,,"[Verdict]: No
[Reasoning]: The image shows an elephant and a shark, but the elephant is depicted much larger than it would be in real life compared to a shark. In reality, elephants are significantly larger animals than sharks, and the size difference between them is not accurately represented here."
pair_295.png,Are the objects in their correct relative sizes?,No,"The kangaroo is depicted much larger than a real-life kangaroo would be compared to a chicken. In reality, a chicken is significantly smaller than a kangaroo, and the image exaggerates this difference to an extreme degree.",,,,"[Verdict]: No
[Reasoning]: The kangaroo is depicted much larger than a real-life kangaroo would be compared to a chicken. In reality, a chicken is significantly smaller than a kangaroo, and the image exaggerates this difference to an extreme degree."
pair_006.png,Are the objects in their correct relative sizes?,No,"The image shows an elephant and a lemur, but the elephant is depicted much larger than it would be in real life compared to a lemur. In reality, elephants are significantly larger animals than lemurs, and the size difference between them should not be as extreme as shown in the image. The lemur appears disproportionately small next to the elephant, indicating that the relative sizes are not correctly represented.",,,,"[Verdict]: No
[Reasoning]: The image shows an elephant and a lemur, but the elephant is depicted much larger than it would be in real life compared to a lemur. In reality, elephants are significantly larger animals than lemurs, and the size difference between them should not be as extreme as shown in the image. The lemur appears disproportionately small next to the elephant, indicating that the relative sizes are not correctly represented."
pair_242.png,Are the objects in their correct relative sizes?,No,"The image shows a reindeer and a walrus, but the walrus appears to be disproportionately larger than the reindeer. In reality, a reindeer is significantly smaller than a walrus, and the size difference should be more pronounced. The drawing does not accurately reflect the natural size difference between these two animals.",,,,"[Verdict]: No
[Reasoning]: The image shows a reindeer and a walrus, but the walrus appears to be disproportionately larger than the reindeer. In reality, a reindeer is significantly smaller than a walrus, and the size difference should be more pronounced. The drawing does not accurately reflect the natural size difference between these two animals."
pair_004.png,Are the objects in their correct relative sizes?,No,"The image shows an elephant and a hippopotamus, but the hippopotamus is depicted as significantly smaller than it should be compared to the elephant. In reality, a hippopotamus is much larger than an elephant when considering their full body size, not just their heads or legs. The drawing does not accurately represent the relative sizes of these animals.",,,,"[Verdict]: No
[Reasoning]: The image shows an elephant and a hippopotamus, but the hippopotamus is depicted as significantly smaller than it should be compared to the elephant. In reality, a hippopotamus is much larger than an elephant when considering their full body size, not just their heads or legs. The drawing does not accurately represent the relative sizes of these animals."
pair_128.png,Are the objects in their correct relative sizes?,No,"The image shows a honey badger and a kangaroo, but the size of the honey badger is exaggerated compared to the kangaroo. In reality, a honey badger is significantly smaller than a kangaroo. The drawing does not accurately represent the relative sizes of these animals.",,,,"[Verdict]: No
[Reasoning]: The image shows a honey badger and a kangaroo, but the size of the honey badger is exaggerated compared to the kangaroo. In reality, a honey badger is significantly smaller than a kangaroo. The drawing does not accurately represent the relative sizes of these animals."
pair_309.png,Are the objects in their correct relative sizes?,No,"The image shows a bear and a platypus, but the bear is depicted much larger than it would be in real life compared to a platypus. In reality, a platypus is significantly smaller than a bear. The illustration exaggerates the size difference between these animals, which is not accurate to their real-life proportions.",,,,"[Verdict]: No
[Reasoning]: The image shows a bear and a platypus, but the bear is depicted much larger than it would be in real life compared to a platypus. In reality, a platypus is significantly smaller than a bear. The illustration exaggerates the size difference between these animals, which is not accurate to their real-life proportions."
pair_082.png,Are the objects in their correct relative sizes?,No,"The giraffe and the beluga whale are not depicted in their correct relative sizes. Giraffes are much taller than belugas, but in the image, the giraffe appears to be shorter than the beluga whale. Additionally, giraffes have long necks and legs, which are not accurately represented in this image. The beluga whale is also shown with an exaggeratedly large body compared to its actual size relative to a giraffe.",,,,"[Verdict]: No
[Reasoning]: The giraffe and the beluga whale are not depicted in their correct relative sizes. Giraffes are much taller than belugas, but in the image, the giraffe appears to be shorter than the beluga whale. Additionally, giraffes have long necks and legs, which are not accurately represented in this image. The beluga whale is also shown with an exaggeratedly large body compared to its actual size relative to a giraffe."
pair_306.png,Are the objects in their correct relative sizes?,No,"The platypus is depicted much larger than it would be in real life compared to an axolotl, which is significantly smaller. In reality, an axolotl is about 10-25 cm long, while a platypus can grow up to 45-65 cm in length. The image exaggerates the size difference between these two animals.",,,,"[Verdict]: No
[Reasoning]: The platypus is depicted much larger than it would be in real life compared to an axolotl, which is significantly smaller. In reality, an axolotl is about 10-25 cm long, while a platypus can grow up to 45-65 cm in length. The image exaggerates the size difference between these two animals."
pair_254.png,Are the objects in their correct relative sizes?,No,"The image shows a giant squid next to a deer, which is a common way to illustrate the size difference between these two animals. However, in reality, a giant squid can be much larger than a deer. The image appears to exaggerate the size of the squid compared to the deer for illustrative purposes, but it does not accurately represent their real-world size differences.",,,,"[Verdict]: No
[Reasoning]: The image shows a giant squid next to a deer, which is a common way to illustrate the size difference between these two animals. However, in reality, a giant squid can be much larger than a deer. The image appears to exaggerate the size of the squid compared to the deer for illustrative purposes, but it does not accurately represent their real-world size differences."
pair_100.png,Are the objects in their correct relative sizes?,No,"The image shows a hippopotamus and a snow leopard, but the hippopotamus is depicted much larger than it would be in real life compared to the snow leopard. In reality, a snow leopard is significantly smaller than a hippopotamus. The drawing exaggerates the size difference between these two animals, making the hippopotamus appear much larger than it should be relative to the snow leopard.",,,,"[Verdict]: No
[Reasoning]: The image shows a hippopotamus and a snow leopard, but the hippopotamus is depicted much larger than it would be in real life compared to the snow leopard. In reality, a snow leopard is significantly smaller than a hippopotamus. The drawing exaggerates the size difference between these two animals, making the hippopotamus appear much larger than it should be relative to the snow leopard."
pair_215.png,Are the objects in their correct relative sizes?,No,"The image shows a snow leopard and a platypus, but the platypus is depicted much larger than it would be in real life compared to the snow leopard. In reality, a snow leopard is significantly larger than a platypus, so the size difference between the two animals in the image is not accurate.",,,,"[Verdict]: No
[Reasoning]: The image shows a snow leopard and a platypus, but the platypus is depicted much larger than it would be in real life compared to the snow leopard. In reality, a snow leopard is significantly larger than a platypus, so the size difference between the two animals in the image is not accurate."
pair_044.png,Are the objects in their correct relative sizes?,No,"The image shows a cheetah and a platypus, but the size of the platypus is exaggerated compared to the cheetah. In reality, a platypus is much smaller than a cheetah. The platypus in the image appears to be disproportionately large, which does not reflect their actual relative sizes.",,,,"[Verdict]: No
[Reasoning]: The image shows a cheetah and a platypus, but the size of the platypus is exaggerated compared to the cheetah. In reality, a platypus is much smaller than a cheetah. The platypus in the image appears to be disproportionately large, which does not reflect their actual relative sizes."
pair_175.png,Are the objects in their correct relative sizes?,No,"The red panda is depicted much larger than it would be in real life compared to the bear. In reality, a red panda is significantly smaller than a bear. The image exaggerates the size difference between these two animals, which is not accurate to their real-world proportions.",,,,"[Verdict]: No
[Reasoning]: The red panda is depicted much larger than it would be in real life compared to the bear. In reality, a red panda is significantly smaller than a bear. The image exaggerates the size difference between these two animals, which is not accurate to their real-world proportions."
pair_223.png,Are the objects in their correct relative sizes?,No,"The image shows a giant squid next to a leopard for scale comparison. The giant squid is significantly larger than the leopard, which is not accurate as leopards are much smaller than giant squids in real life. The size difference between the two animals in the image is greatly exaggerated.",,,,"[Verdict]: No
[Reasoning]: The image shows a giant squid next to a leopard for scale comparison. The giant squid is significantly larger than the leopard, which is not accurate as leopards are much smaller than giant squids in real life. The size difference between the two animals in the image is greatly exaggerated."
pair_189.png,Are the objects in their correct relative sizes?,No,"The panda and the penguin are depicted in a way that does not reflect their real-world size differences. In reality, a penguin is significantly smaller than a panda. The image shows the penguin being much larger than it should be compared to the panda, which is not accurate to their natural sizes.",,,,"[Verdict]: No
[Reasoning]: The panda and the penguin are depicted in a way that does not reflect their real-world size differences. In reality, a penguin is significantly smaller than a panda. The image shows the penguin being much larger than it should be compared to the panda, which is not accurate to their natural sizes."
pair_116.png,Are the objects in their correct relative sizes?,No,"The image depicts a hippopotamus and a squid, but the squid appears to be disproportionately large compared to the hippopotamus. In reality, a hippopotamus is much larger than a squid of comparable length. The squid's size in the image is exaggerated, making it appear much bigger than it would be in real life relative to a hippopotamus.",,,,"[Verdict]: No
[Reasoning]: The image depicts a hippopotamus and a squid, but the squid appears to be disproportionately large compared to the hippopotamus. In reality, a hippopotamus is much larger than a squid of comparable length. The squid's size in the image is exaggerated, making it appear much bigger than it would be in real life relative to a hippopotamus."
pair_020.png,Are the objects in their correct relative sizes?,No,"The image shows an elephant and a sloth, but the sloth appears to be disproportionately small compared to the elephant. In reality, elephants are much larger than sloths, so the size difference between these animals is not accurately represented in this image.",,,,"[Verdict]: No
[Reasoning]: The image shows an elephant and a sloth, but the sloth appears to be disproportionately small compared to the elephant. In reality, elephants are much larger than sloths, so the size difference between these animals is not accurately represented in this image."
pair_059.png,Are the objects in their correct relative sizes?,No,"The image depicts a panda and a meerkat, but the meerkat is significantly larger than it would be in real life compared to a panda. In reality, a meerkat is much smaller than a panda, so the relative sizes in the image are incorrect.",,,,"[Verdict]: No
[Reasoning]: The image depicts a panda and a meerkat, but the meerkat is significantly larger than it would be in real life compared to a panda. In reality, a meerkat is much smaller than a panda, so the relative sizes in the image are incorrect."
pair_203.png,Are the objects in their correct relative sizes?,No,"The Komodo dragon depicted is significantly larger than a bear, which is not accurate to real-world proportions. Komodo dragons are known to be much smaller than bears, with an average length of about 2 meters and a weight of around 70 kg, whereas bears can grow much larger, with some species reaching lengths of up to 3 meters and weights of over 600 kg. Therefore, the relative sizes shown in the image are incorrect.",,,,"[Verdict]: No
[Reasoning]: The Komodo dragon depicted is significantly larger than a bear, which is not accurate to real-world proportions. Komodo dragons are known to be much smaller than bears, with an average length of about 2 meters and a weight of around 70 kg, whereas bears can grow much larger, with some species reaching lengths of up to 3 meters and weights of over 600 kg. Therefore, the relative sizes shown in the image are incorrect."
pair_122.png,Are the objects in their correct relative sizes?,No,"The image shows two animals that appear to be of significantly different sizes, with the larger animal being a snow leopard and the smaller one being a honey badger. In reality, a honey badger is much smaller than a snow leopard. The size difference between these two animals is not accurately represented in the image, which suggests that the relative sizes are incorrect.",,,,"[Verdict]: No
[Reasoning]: The image shows two animals that appear to be of significantly different sizes, with the larger animal being a snow leopard and the smaller one being a honey badger. In reality, a honey badger is much smaller than a snow leopard. The size difference between these two animals is not accurately represented in the image, which suggests that the relative sizes are incorrect."
pair_103.png,Are the objects in their correct relative sizes?,No,"The image shows a hippopotamus and a narwhal, but the narwhal is depicted much larger than it would be in real life compared to the hippopotamus. In reality, a narwhal is significantly smaller than a hippopotamus. The size difference between these animals in the image does not reflect their actual relative sizes in nature.",,,,"[Verdict]: No
[Reasoning]: The image shows a hippopotamus and a narwhal, but the narwhal is depicted much larger than it would be in real life compared to the hippopotamus. In reality, a narwhal is significantly smaller than a hippopotamus. The size difference between these animals in the image does not reflect their actual relative sizes in nature."
pair_213.png,Are the objects in their correct relative sizes?,No,"The image shows a snow leopard and a kangaroo, but they are not drawn to scale. The kangaroo appears much larger than it would be compared to a real snow leopard. In reality, a snow leopard is significantly smaller than a kangaroo, with the snow leopard being about 1.5 meters long from head to tail and the kangaroo being around 2 meters tall at the shoulder. The drawing exaggerates the size difference between these two animals.",,,,"[Verdict]: No
[Reasoning]: The image shows a snow leopard and a kangaroo, but they are not drawn to scale. The kangaroo appears much larger than it would be compared to a real snow leopard. In reality, a snow leopard is significantly smaller than a kangaroo, with the snow leopard being about 1.5 meters long from head to tail and the kangaroo being around 2 meters tall at the shoulder. The drawing exaggerates the size difference between these two animals."
pair_227.png,Are the objects in their correct relative sizes?,No,"The camel and the walrus are depicted in a way that suggests they are of similar size, which is not accurate. In reality, a camel is significantly larger than a walrus. The image appears to be a creative or artistic representation rather than a scientifically accurate depiction of their sizes.",,,,"[Verdict]: No
[Reasoning]: The camel and the walrus are depicted in a way that suggests they are of similar size, which is not accurate. In reality, a camel is significantly larger than a walrus. The image appears to be a creative or artistic representation rather than a scientifically accurate depiction of their sizes."
pair_067.png,Are the objects in their correct relative sizes?,No,"The image shows a bear and a meerkat, but the meerkat is depicted much larger than it would be in real life compared to the bear. In reality, a meerkat is significantly smaller than a bear, not larger as shown here.",,,,"[Verdict]: No
[Reasoning]: The image shows a bear and a meerkat, but the meerkat is depicted much larger than it would be in real life compared to the bear. In reality, a meerkat is significantly smaller than a bear, not larger as shown here."
pair_222.png,Are the objects in their correct relative sizes?,No,"The image shows a great white shark and a snow leopard. In reality, a great white shark is much larger than a snow leopard. The shark appears to be disproportionately large compared to the snow leopard, which is not accurate to their real-life size relationship.",,,,"[Verdict]: No
[Reasoning]: The image shows a great white shark and a snow leopard. In reality, a great white shark is much larger than a snow leopard. The shark appears to be disproportionately large compared to the snow leopard, which is not accurate to their real-life size relationship."
pair_188.png,Are the objects in their correct relative sizes?,No,"The panda bear is depicted much larger than it would be in real life compared to the brown bear. In reality, a panda bear is significantly smaller than a brown bear. The image exaggerates the size difference between the two animals, which is not accurate to their real-world proportions.",,,,"[Verdict]: No
[Reasoning]: The panda bear is depicted much larger than it would be in real life compared to the brown bear. In reality, a panda bear is significantly smaller than a brown bear. The image exaggerates the size difference between the two animals, which is not accurate to their real-world proportions."
pair_165.png,Are the objects in their correct relative sizes?,No,"The image shows a reindeer and a red panda, but the red panda is disproportionately large compared to the reindeer. In reality, a reindeer is significantly larger than a red panda, which is not reflected in this image. The red panda appears to be much smaller than it should be relative to the reindeer.",,,,"[Verdict]: No
[Reasoning]: The image shows a reindeer and a red panda, but the red panda is disproportionately large compared to the reindeer. In reality, a reindeer is significantly larger than a red panda, which is not reflected in this image. The red panda appears to be much smaller than it should be relative to the reindeer."
pair_220.png,Are the objects in their correct relative sizes?,No,"The image shows a snow leopard and an Adelie penguin. In reality, a snow leopard is significantly larger than an Adelie penguin. The snow leopard depicted here appears to be about the same size as the Adelie penguin, which is not accurate. The snow leopard should be much larger in comparison to the penguin.",,,,"[Verdict]: No
[Reasoning]: The image shows a snow leopard and an Adelie penguin. In reality, a snow leopard is significantly larger than an Adelie penguin. The snow leopard depicted here appears to be about the same size as the Adelie penguin, which is not accurate. The snow leopard should be much larger in comparison to the penguin."
pair_336.png,Are the objects in their correct relative sizes?,No,"The image shows a bear and a shark, but the shark appears to be disproportionately larger than the bear. In reality, sharks are much larger animals compared to bears. The bear is depicted as being significantly smaller than it would be in comparison to an actual shark.",,,,"[Verdict]: No
[Reasoning]: The image shows a bear and a shark, but the shark appears to be disproportionately larger than the bear. In reality, sharks are much larger animals compared to bears. The bear is depicted as being significantly smaller than it would be in comparison to an actual shark."
pair_290.png,Are the objects in their correct relative sizes?,No,"The image shows a kangaroo and a platypus, but the platypus is depicted much larger than it would be in real life compared to the kangaroo. In reality, a platypus is significantly smaller than a kangaroo. The size difference between these animals in the image does not reflect their actual proportions in nature.",,,,"[Verdict]: No
[Reasoning]: The image shows a kangaroo and a platypus, but the platypus is depicted much larger than it would be in real life compared to the kangaroo. In reality, a platypus is significantly smaller than a kangaroo. The size difference between these animals in the image does not reflect their actual proportions in nature."
pair_320.png,Are the objects in their correct relative sizes?,Yes,"The image depicts a single octopus with its tentacles spread out, which is a realistic representation of an octopus. The size and proportions of the tentacles relative to the body are consistent with what is known about octopuses. There are no indications of the objects being incorrectly sized or scaled.",,,,"[Verdict]: Yes
[Reasoning]: The image depicts a single octopus with its tentacles spread out, which is a realistic representation of an octopus. The size and proportions of the tentacles relative to the body are consistent with what is known about octopuses. There are no indications of the objects being incorrectly sized or scaled."
pair_238.png,Are the objects in their correct relative sizes?,No,"The camel and the shark are not depicted in their correct relative sizes. A camel is typically much larger than a shark, especially when considering their full body lengths. In the image, the shark appears to be significantly smaller than the camel, which is not accurate given their real-world size differences.",,,,"[Verdict]: No
[Reasoning]: The camel and the shark are not depicted in their correct relative sizes. A camel is typically much larger than a shark, especially when considering their full body lengths. In the image, the shark appears to be significantly smaller than the camel, which is not accurate given their real-world size differences."
pair_031.png,Are the objects in their correct relative sizes?,No,"The image shows a cheetah and a honey badger, but the cheetah is depicted much larger than it would be in real life compared to the honey badger. In reality, a honey badger is significantly smaller than a cheetah. The size difference between these animals in the image does not reflect their actual relative sizes.",,,,"[Verdict]: No
[Reasoning]: The image shows a cheetah and a honey badger, but the cheetah is depicted much larger than it would be in real life compared to the honey badger. In reality, a honey badger is significantly smaller than a cheetah. The size difference between these animals in the image does not reflect their actual relative sizes."
pair_051.png,Are the objects in their correct relative sizes?,No,"The image shows a cheetah and a shark, but the shark is depicted much larger than it would be in real life compared to a cheetah. In reality, a cheetah is significantly smaller than a shark, especially when considering their typical adult sizes. The shark appears to be disproportionately large in relation to the cheetah, which is not accurate according to real-world measurements.",,,,"[Verdict]: No
[Reasoning]: The image shows a cheetah and a shark, but the shark is depicted much larger than it would be in real life compared to a cheetah. In reality, a cheetah is significantly smaller than a shark, especially when considering their typical adult sizes. The shark appears to be disproportionately large in relation to the cheetah, which is not accurate according to real-world measurements."
pair_069.png,Are the objects in their correct relative sizes?,Yes,"The image shows a meerkat and a hedgehog, which are both accurately depicted with their respective sizes. The meerkat is significantly larger than the hedgehog, which is consistent with their real-world size differences. There are no indications of scaling issues or distortions that would suggest the objects are not in their correct relative sizes.",,,,"[Verdict]: Yes
[Reasoning]: The image shows a meerkat and a hedgehog, which are both accurately depicted with their respective sizes. The meerkat is significantly larger than the hedgehog, which is consistent with their real-world size differences. There are no indications of scaling issues or distortions that would suggest the objects are not in their correct relative sizes."
pair_228.png,Are the objects in their correct relative sizes?,No,"The camel and the beluga whale are shown in a way that suggests they are of similar size, but in reality, a beluga whale is much larger than a camel. The image does not accurately represent the size difference between these two animals.",,,,"[Verdict]: No
[Reasoning]: The camel and the beluga whale are shown in a way that suggests they are of similar size, but in reality, a beluga whale is much larger than a camel. The image does not accurately represent the size difference between these two animals."
pair_312.png,Are the objects in their correct relative sizes?,No,"The image shows a great white shark and a beaver, but the beaver is disproportionately large compared to the shark. In reality, a beaver is much smaller than a great white shark. The beaver's size in the image is exaggerated, making it appear much larger than it would be in real life relative to the shark.",,,,"[Verdict]: No
[Reasoning]: The image shows a great white shark and a beaver, but the beaver is disproportionately large compared to the shark. In reality, a beaver is much smaller than a great white shark. The beaver's size in the image is exaggerated, making it appear much larger than it would be in real life relative to the shark."
pair_045.png,Are the objects in their correct relative sizes?,No,"The image shows a cheetah and an axolotl, which are not naturally found together. The axolotl is depicted much larger than it would be in real life compared to the cheetah. In reality, an axolotl is a small amphibian that is significantly smaller than a cheetah. Therefore, the objects are not in their correct relative sizes.",,,,"[Verdict]: No
[Reasoning]: The image shows a cheetah and an axolotl, which are not naturally found together. The axolotl is depicted much larger than it would be in real life compared to the cheetah. In reality, an axolotl is a small amphibian that is significantly smaller than a cheetah. Therefore, the objects are not in their correct relative sizes."
pair_323.png,Are the objects in their correct relative sizes?,No,"The bear is depicted much larger than a real bear would be compared to a sloth. In reality, bears are significantly larger animals, and a sloth is much smaller. The image exaggerates the size difference between the two animals, making the bear appear disproportionately large.",,,,"[Verdict]: No
[Reasoning]: The bear is depicted much larger than a real bear would be compared to a sloth. In reality, bears are significantly larger animals, and a sloth is much smaller. The image exaggerates the size difference between the two animals, making the bear appear disproportionately large."
pair_114.png,Are the objects in their correct relative sizes?,No,"The image shows a hippopotamus and a hedgehog, but the hedgehog is disproportionately small compared to the hippopotamus. In reality, a hippopotamus is much larger than a hedgehog, so the size difference between the two animals in the image does not reflect their actual relative sizes.",,,,"[Verdict]: No
[Reasoning]: The image shows a hippopotamus and a hedgehog, but the hedgehog is disproportionately small compared to the hippopotamus. In reality, a hippopotamus is much larger than a hedgehog, so the size difference between the two animals in the image does not reflect their actual relative sizes."
pair_005.png,Are the objects in their correct relative sizes?,No,"The image shows an elephant and a honey badger, but the honey badger is depicted much larger than it would be in real life compared to the elephant. In reality, elephants are significantly larger than honey badgers, and the size difference between them should not be as extreme as shown in the image.",,,,"[Verdict]: No
[Reasoning]: The image shows an elephant and a honey badger, but the honey badger is depicted much larger than it would be in real life compared to the elephant. In reality, elephants are significantly larger than honey badgers, and the size difference between them should not be as extreme as shown in the image."
pair_273.png,Are the objects in their correct relative sizes?,No,"The image shows a walrus and a toucan, but the toucan is disproportionately small compared to the walrus. In reality, a walrus is much larger than a toucan, so the size difference between these animals in the image does not reflect their actual relative sizes.",,,,"[Verdict]: No
[Reasoning]: The image shows a walrus and a toucan, but the toucan is disproportionately small compared to the walrus. In reality, a walrus is much larger than a toucan, so the size difference between these animals in the image does not reflect their actual relative sizes."
pair_229.png,Are the objects in their correct relative sizes?,No,"The camel and the kangaroo are depicted in a way that suggests they are of similar size, but in reality, a camel is significantly larger than a kangaroo. The image does not accurately represent the size difference between these two animals.",,,,"[Verdict]: No
[Reasoning]: The camel and the kangaroo are depicted in a way that suggests they are of similar size, but in reality, a camel is significantly larger than a kangaroo. The image does not accurately represent the size difference between these two animals."
pair_248.png,Are the objects in their correct relative sizes?,No,"The image depicts a reindeer and a sloth, but the reindeer is significantly larger than the sloth, which is not accurate to real-life proportions. In reality, a reindeer is much smaller than a sloth, especially when considering their body size. The reindeer's size in the image appears to be exaggerated compared to the sloth's size.",,,,"[Verdict]: No
[Reasoning]: The image depicts a reindeer and a sloth, but the reindeer is significantly larger than the sloth, which is not accurate to real-life proportions. In reality, a reindeer is much smaller than a sloth, especially when considering their body size. The reindeer's size in the image appears to be exaggerated compared to the sloth's size."
pair_084.png,Are the objects in their correct relative sizes?,No,"The giraffe is depicted much larger than it would be compared to a koala in real life. Giraffes are significantly taller and larger than koalas, and the image does not reflect this natural size difference accurately.",,,,"[Verdict]: No
[Reasoning]: The giraffe is depicted much larger than it would be compared to a koala in real life. Giraffes are significantly taller and larger than koalas, and the image does not reflect this natural size difference accurately."
pair_106.png,Are the objects in their correct relative sizes?,No,"The image shows a hippopotamus and a kangaroo, but they are not drawn to scale. The hippopotamus is depicted much larger than it would be compared to a kangaroo in real life. In reality, a kangaroo is significantly smaller than a hippopotamus. The drawing exaggerates the size difference between these two animals, which is not accurate to their real-world proportions.",,,,"[Verdict]: No
[Reasoning]: The image shows a hippopotamus and a kangaroo, but they are not drawn to scale. The hippopotamus is depicted much larger than it would be compared to a kangaroo in real life. In reality, a kangaroo is significantly smaller than a hippopotamus. The drawing exaggerates the size difference between these two animals, which is not accurate to their real-world proportions."
pair_233.png,Are the objects in their correct relative sizes?,No,"The camel is depicted much larger than a sloth, which is not accurate to real-life proportions. In reality, camels are significantly larger animals compared to sloths. The image exaggerates the size difference between these two animals.",,,,"[Verdict]: No
[Reasoning]: The camel is depicted much larger than a sloth, which is not accurate to real-life proportions. In reality, camels are significantly larger animals compared to sloths. The image exaggerates the size difference between these two animals."
pair_322.png,Are the objects in their correct relative sizes?,No,"The image shows a sloth and a toucan, but they are not drawn to scale. The sloth appears much larger than it would be compared to a real toucan in nature. Toucans are known for their large beaks and relatively small bodies, which is not reflected in this image where the sloth is disproportionately large compared to the toucan.",,,,"[Verdict]: No
[Reasoning]: The image shows a sloth and a toucan, but they are not drawn to scale. The sloth appears much larger than it would be compared to a real toucan in nature. Toucans are known for their large beaks and relatively small bodies, which is not reflected in this image where the sloth is disproportionately large compared to the toucan."
pair_340.png,Are the objects in their correct relative sizes?,No,"The penguin and the rooster are depicted in a way that suggests they are of similar size, which is not accurate. In reality, a penguin is significantly larger than a rooster. The rooster appears to be disproportionately small compared to the penguin, which does not reflect their actual size difference.",,,,"[Verdict]: No
[Reasoning]: The penguin and the rooster are depicted in a way that suggests they are of similar size, which is not accurate. In reality, a penguin is significantly larger than a rooster. The rooster appears to be disproportionately small compared to the penguin, which does not reflect their actual size difference."
pair_071.png,Are the objects in their correct relative sizes?,No,"The image shows a giraffe and a hippopotamus, but the hippopotamus appears to be disproportionately smaller than it should be compared to the giraffe. In reality, a full-grown hippopotamus is significantly larger than a giraffe. The giraffe's height and the hippopotamus's size do not reflect their actual relative sizes in nature.",,,,"[Verdict]: No
[Reasoning]: The image shows a giraffe and a hippopotamus, but the hippopotamus appears to be disproportionately smaller than it should be compared to the giraffe. In reality, a full-grown hippopotamus is significantly larger than a giraffe. The giraffe's height and the hippopotamus's size do not reflect their actual relative sizes in nature."
pair_206.png,Are the objects in their correct relative sizes?,No,"The image shows a large squid and a small dinosaur. In reality, squids are much larger than dinosaurs. The size difference between the two animals is exaggerated in this image, making the squid appear disproportionately large compared to the dinosaur.",,,,"[Verdict]: No
[Reasoning]: The image shows a large squid and a small dinosaur. In reality, squids are much larger than dinosaurs. The size difference between the two animals is exaggerated in this image, making the squid appear disproportionately large compared to the dinosaur."
pair_038.png,Are the objects in their correct relative sizes?,No,"The image shows a cheetah and a reindeer side by side. Cheetahs are known to be much smaller than reindeer, but the drawing appears to exaggerate the size difference significantly. A cheetah is typically about 1.5 meters long from head to tail, while a reindeer can be up to 2 meters long. The drawing makes the cheetah appear disproportionately small compared to the reindeer, which does not reflect their actual size difference.",,,,"[Verdict]: No
[Reasoning]: The image shows a cheetah and a reindeer side by side. Cheetahs are known to be much smaller than reindeer, but the drawing appears to exaggerate the size difference significantly. A cheetah is typically about 1.5 meters long from head to tail, while a reindeer can be up to 2 meters long. The drawing makes the cheetah appear disproportionately small compared to the reindeer, which does not reflect their actual size difference."
pair_125.png,Are the objects in their correct relative sizes?,No,"The image shows a narwhal and a honey badger. The narwhal is depicted much larger than it would be in real life compared to a honey badger, which is not accurate. In reality, a narwhal is significantly larger than a honey badger, but the illustration exaggerates this difference to an extreme degree.",,,,"[Verdict]: No
[Reasoning]: The image shows a narwhal and a honey badger. The narwhal is depicted much larger than it would be in real life compared to a honey badger, which is not accurate. In reality, a narwhal is significantly larger than a honey badger, but the illustration exaggerates this difference to an extreme degree."
pair_137.png,Are the objects in their correct relative sizes?,No,"The image shows a great white shark and a honey badger, but the size of the honey badger is exaggerated to be much larger than it would be in real life compared to a great white shark. In reality, a great white shark is significantly larger than a honey badger. The image does not accurately represent the relative sizes of these animals.",,,,"[Verdict]: No
[Reasoning]: The image shows a great white shark and a honey badger, but the size of the honey badger is exaggerated to be much larger than it would be in real life compared to a great white shark. In reality, a great white shark is significantly larger than a honey badger. The image does not accurately represent the relative sizes of these animals."
pair_148.png,Are the objects in their correct relative sizes?,No,"The image shows a beluga whale and a lemur, but the lemur is depicted much larger than it would be in real life compared to the beluga whale. In reality, a lemur is significantly smaller than a beluga whale, which can grow up to 18 feet long. The lemur in the image appears to be disproportionately large, making the objects' relative sizes incorrect.",,,,"[Verdict]: No
[Reasoning]: The image shows a beluga whale and a lemur, but the lemur is depicted much larger than it would be in real life compared to the beluga whale. In reality, a lemur is significantly smaller than a beluga whale, which can grow up to 18 feet long. The lemur in the image appears to be disproportionately large, making the objects' relative sizes incorrect."
pair_155.png,Are the objects in their correct relative sizes?,No,"The image shows a bear and a lemur, but the bear is depicted much larger than it would be in real life compared to a lemur. In reality, lemurs are significantly smaller than bears. The illustration exaggerates the size difference between these animals, which is not accurate to their natural proportions.",,,,"[Verdict]: No
[Reasoning]: The image shows a bear and a lemur, but the bear is depicted much larger than it would be in real life compared to a lemur. In reality, lemurs are significantly smaller than bears. The illustration exaggerates the size difference between these animals, which is not accurate to their natural proportions."
pair_013.png,Are the objects in their correct relative sizes?,No,"The image shows an elephant and a narwhal, but the narwhal is depicted much larger than it would be in real life compared to the elephant. In reality, elephants are significantly larger animals than narwhals. The narwhal's size in the image is exaggerated, making it appear much bigger than it should be relative to the elephant.",,,,"[Verdict]: No
[Reasoning]: The image shows an elephant and a narwhal, but the narwhal is depicted much larger than it would be in real life compared to the elephant. In reality, elephants are significantly larger animals than narwhals. The narwhal's size in the image is exaggerated, making it appear much bigger than it should be relative to the elephant."
pair_029.png,Are the objects in their correct relative sizes?,No,"The image shows a giraffe and a cheetah, but the cheetah is depicted much larger than it should be compared to the giraffe. In reality, a cheetah is significantly smaller than a giraffe. The giraffe's height and proportions are exaggerated in relation to the cheetah, which does not reflect their actual size difference in nature.",,,,"[Verdict]: No
[Reasoning]: The image shows a giraffe and a cheetah, but the cheetah is depicted much larger than it should be compared to the giraffe. In reality, a cheetah is significantly smaller than a giraffe. The giraffe's height and proportions are exaggerated in relation to the cheetah, which does not reflect their actual size difference in nature."
pair_169.png,Are the objects in their correct relative sizes?,No,"The red panda is depicted much larger than it would be in real life compared to a kangaroo. In reality, a red panda is significantly smaller than a kangaroo. The image exaggerates the size difference between these animals, which is not accurate.",,,,"[Verdict]: No
[Reasoning]: The red panda is depicted much larger than it would be in real life compared to a kangaroo. In reality, a red panda is significantly smaller than a kangaroo. The image exaggerates the size difference between these animals, which is not accurate."
pair_019.png,Are the objects in their correct relative sizes?,Yes,"The image depicts an elephant with its typical features and proportions accurately represented. The size of the tusks, ears, trunk, and legs are consistent with what is expected for an adult elephant. There are no indications of disproportionate sizes among the various parts of the elephant.",,,,"[Verdict]: Yes
[Reasoning]: The image depicts an elephant with its typical features and proportions accurately represented. The size of the tusks, ears, trunk, and legs are consistent with what is expected for an adult elephant. There are no indications of disproportionate sizes among the various parts of the elephant."
pair_147.png,Are the objects in their correct relative sizes?,No,"The image shows a walrus and a lemur, but the lemur is disproportionately large compared to the walrus. In reality, a lemur is much smaller than a walrus, so the size difference between these animals in the image does not reflect their actual relative sizes.",,,,"[Verdict]: No
[Reasoning]: The image shows a walrus and a lemur, but the lemur is disproportionately large compared to the walrus. In reality, a lemur is much smaller than a walrus, so the size difference between these animals in the image does not reflect their actual relative sizes."
pair_275.png,Are the objects in their correct relative sizes?,No,"The image shows a walrus and a hedgehog. The walrus is depicted much larger than it would be in real life compared to a hedgehog, which is significantly smaller. In reality, a walrus is much larger than a hedgehog, so the size difference between them in the image is not accurate.",,,,"[Verdict]: No
[Reasoning]: The image shows a walrus and a hedgehog. The walrus is depicted much larger than it would be in real life compared to a hedgehog, which is significantly smaller. In reality, a walrus is much larger than a hedgehog, so the size difference between them in the image is not accurate."
pair_118.png,Are the objects in their correct relative sizes?,No,"The image shows two animals that are not to scale with each other. The honey badger, on the left, is depicted much larger than the ring-tailed lemur, on the right. In reality, a honey badger is significantly larger than a ring-tailed lemur, and the size difference between them would be more pronounced than what is shown here.",,,,"[Verdict]: No
[Reasoning]: The image shows two animals that are not to scale with each other. The honey badger, on the left, is depicted much larger than the ring-tailed lemur, on the right. In reality, a honey badger is significantly larger than a ring-tailed lemur, and the size difference between them would be more pronounced than what is shown here."
pair_041.png,Are the objects in their correct relative sizes?,No,"The image shows a cheetah and a beluga whale, but the size of the cheetah is exaggerated compared to the beluga whale. In reality, a cheetah is much smaller than a beluga whale. The illustration does not accurately represent the relative sizes of these animals.",,,,"[Verdict]: No
[Reasoning]: The image shows a cheetah and a beluga whale, but the size of the cheetah is exaggerated compared to the beluga whale. In reality, a cheetah is much smaller than a beluga whale. The illustration does not accurately represent the relative sizes of these animals."
pair_250.png,Are the objects in their correct relative sizes?,No,"The bear appears to be disproportionately larger than the reindeer in the image. In reality, a bear is significantly larger than a reindeer, and the size difference between them should be more pronounced. The bear's size in the image seems to be exaggerated compared to the reindeer's size.",,,,"[Verdict]: No
[Reasoning]: The bear appears to be disproportionately larger than the reindeer in the image. In reality, a bear is significantly larger than a reindeer, and the size difference between them should be more pronounced. The bear's size in the image seems to be exaggerated compared to the reindeer's size."
pair_252.png,Are the objects in their correct relative sizes?,No,"The image shows a reindeer and a hedgehog, but the hedgehog is disproportionately small compared to the reindeer. In reality, a reindeer is much larger than a hedgehog, so the size difference in the image does not reflect the actual relative sizes of these animals.",,,,"[Verdict]: No
[Reasoning]: The image shows a reindeer and a hedgehog, but the hedgehog is disproportionately small compared to the reindeer. In reality, a reindeer is much larger than a hedgehog, so the size difference in the image does not reflect the actual relative sizes of these animals."
pair_171.png,Are the objects in their correct relative sizes?,No,"The red panda on the left is significantly larger than the platypus on the right. In reality, platypuses are much smaller animals compared to red pandas. The image does not accurately represent their size difference.",,,,"[Verdict]: No
[Reasoning]: The red panda on the left is significantly larger than the platypus on the right. In reality, platypuses are much smaller animals compared to red pandas. The image does not accurately represent their size difference."
pair_166.png,Are the objects in their correct relative sizes?,No,"The image shows a narwhal and a red panda, but the narwhal is depicted much larger than it would be in real life compared to a red panda. In reality, a red panda is significantly smaller than a narwhal, which typically measures around 3-4 meters in length, while a red panda is only about 50-60 centimeters long. The size difference between these animals in the image is not accurate to their real-world proportions.",,,,"[Verdict]: No
[Reasoning]: The image shows a narwhal and a red panda, but the narwhal is depicted much larger than it would be in real life compared to a red panda. In reality, a red panda is significantly smaller than a narwhal, which typically measures around 3-4 meters in length, while a red panda is only about 50-60 centimeters long. The size difference between these animals in the image is not accurate to their real-world proportions."
pair_259.png,Are the objects in their correct relative sizes?,No,"The narwhal is depicted much larger than a beaver, which is not accurate to real-life proportions. In reality, a beaver is significantly smaller than a narwhal. The image exaggerates the size difference between these two animals.",,,,"[Verdict]: No
[Reasoning]: The narwhal is depicted much larger than a beaver, which is not accurate to real-life proportions. In reality, a beaver is significantly smaller than a narwhal. The image exaggerates the size difference between these two animals."
pair_294.png,Are the objects in their correct relative sizes?,No,"The kangaroo is depicted much larger than it would be in real life compared to a hedgehog. In reality, a kangaroo is significantly larger than a hedgehog, but the image exaggerates this difference to an extreme degree. The hedgehog appears disproportionately small next to the kangaroo, which does not reflect their actual size relationship.",,,,"[Verdict]: No
[Reasoning]: The kangaroo is depicted much larger than it would be in real life compared to a hedgehog. In reality, a kangaroo is significantly larger than a hedgehog, but the image exaggerates this difference to an extreme degree. The hedgehog appears disproportionately small next to the kangaroo, which does not reflect their actual size relationship."
pair_012.png,Are the objects in their correct relative sizes?,No,"The image shows an elephant and a reindeer, but the elephant is depicted much larger than it would be in real life compared to a reindeer. In reality, elephants are significantly larger animals, typically ranging from 2.5 to 3.6 meters (8.2 to 11.8 feet) tall at the shoulder, while reindeer are much smaller, usually standing about 0.9 to 1.2 meters (3 to 4 feet) tall at the shoulder. The drawing exaggerates the size difference between these two animals, making the elephant appear disproportionately large.",,,,"[Verdict]: No
[Reasoning]: The image shows an elephant and a reindeer, but the elephant is depicted much larger than it would be in real life compared to a reindeer. In reality, elephants are significantly larger animals, typically ranging from 2.5 to 3.6 meters (8.2 to 11.8 feet) tall at the shoulder, while reindeer are much smaller, usually standing about 0.9 to 1.2 meters (3 to 4 feet) tall at the shoulder. The drawing exaggerates the size difference between these two animals, making the elephant appear disproportionately large."
pair_225.png,Are the objects in their correct relative sizes?,Yes,"The image shows two animals, a camel and a reindeer, which are depicted in a way that accurately reflects their real-world size differences. The camel is significantly larger than the reindeer, which is consistent with their actual sizes. There are no indications of scaling issues or distortions that would suggest the animals are not in their correct relative sizes.",,,,"[Verdict]: Yes
[Reasoning]: The image shows two animals, a camel and a reindeer, which are depicted in a way that accurately reflects their real-world size differences. The camel is significantly larger than the reindeer, which is consistent with their actual sizes. There are no indications of scaling issues or distortions that would suggest the animals are not in their correct relative sizes."
pair_136.png,Are the objects in their correct relative sizes?,No,"The image shows a honey badger and a hedgehog, but the hedgehog is disproportionately small compared to the honey badger. In reality, a honey badger is significantly larger than a hedgehog, so the hedgehog in the image appears much smaller than it should be relative to the honey badger.",,,,"[Verdict]: No
[Reasoning]: The image shows a honey badger and a hedgehog, but the hedgehog is disproportionately small compared to the honey badger. In reality, a honey badger is significantly larger than a hedgehog, so the hedgehog in the image appears much smaller than it should be relative to the honey badger."
pair_237.png,Are the objects in their correct relative sizes?,No,"The camel is depicted much larger than a real camel would be compared to a hedgehog. In reality, a camel is significantly larger than a hedgehog, and the image does not reflect this size difference accurately.",,,,"[Verdict]: No
[Reasoning]: The camel is depicted much larger than a real camel would be compared to a hedgehog. In reality, a camel is significantly larger than a hedgehog, and the image does not reflect this size difference accurately."
pair_212.png,Are the objects in their correct relative sizes?,No,"The image shows a beluga whale and a snow leopard. Belugas are much larger than snow leopards, but the illustration makes the beluga appear disproportionately small compared to the snow leopard. In reality, a beluga whale is significantly larger than a snow leopard, which is not accurately depicted here.",,,,"[Verdict]: No
[Reasoning]: The image shows a beluga whale and a snow leopard. Belugas are much larger than snow leopards, but the illustration makes the beluga appear disproportionately small compared to the snow leopard. In reality, a beluga whale is significantly larger than a snow leopard, which is not accurately depicted here."
pair_339.png,Are the objects in their correct relative sizes?,No,"The penguin is depicted much larger than a real penguin would be compared to a hedgehog. In reality, penguins are significantly larger animals, and a hedgehog is much smaller. The image shows the penguin as being disproportionately large in relation to the hedgehog, which does not reflect their actual size difference.",,,,"[Verdict]: No
[Reasoning]: The penguin is depicted much larger than a real penguin would be compared to a hedgehog. In reality, penguins are significantly larger animals, and a hedgehog is much smaller. The image shows the penguin as being disproportionately large in relation to the hedgehog, which does not reflect their actual size difference."
pair_256.png,Are the objects in their correct relative sizes?,No,"The narwhal, which is depicted on the left side of the image, appears to be significantly smaller than the walrus on the right side. In reality, narwhals are much larger animals compared to walruses, and this illustration does not reflect their actual size difference accurately.",,,,"[Verdict]: No
[Reasoning]: The narwhal, which is depicted on the left side of the image, appears to be significantly smaller than the walrus on the right side. In reality, narwhals are much larger animals compared to walruses, and this illustration does not reflect their actual size difference accurately."
pair_181.png,Are the objects in their correct relative sizes?,No,"The image shows a panda and a snow leopard, but they are not drawn to scale. The panda is depicted much larger than it would be compared to a real snow leopard. In reality, a snow leopard is significantly larger than a panda, with an average length of 1.5 meters (including tail) and a weight ranging from 40 to 70 kg, while a panda's average length is about 1 meter and its weight ranges from 80 to 120 kg. The illustration exaggerates the size difference between these two animals.",,,,"[Verdict]: No
[Reasoning]: The image shows a panda and a snow leopard, but they are not drawn to scale. The panda is depicted much larger than it would be compared to a real snow leopard. In reality, a snow leopard is significantly larger than a panda, with an average length of 1.5 meters (including tail) and a weight ranging from 40 to 70 kg, while a panda's average length is about 1 meter and its weight ranges from 80 to 120 kg. The illustration exaggerates the size difference between these two animals."
pair_161.png,Are the objects in their correct relative sizes?,No,"The red panda is depicted much larger than it would be in real life compared to the giant panda. In reality, a red panda is significantly smaller than a giant panda. The image exaggerates the size difference between the two animals, which is not accurate to their real-life proportions.",,,,"[Verdict]: No
[Reasoning]: The red panda is depicted much larger than it would be in real life compared to the giant panda. In reality, a red panda is significantly smaller than a giant panda. The image exaggerates the size difference between the two animals, which is not accurate to their real-life proportions."
pair_053.png,Are the objects in their correct relative sizes?,No,"The image shows a cheetah and a rooster, but the cheetah is depicted much larger than it would be in real life compared to a rooster. In reality, a cheetah is significantly larger than a rooster, so the relative sizes in the image are not accurate.",,,,"[Verdict]: No
[Reasoning]: The image shows a cheetah and a rooster, but the cheetah is depicted much larger than it would be in real life compared to a rooster. In reality, a cheetah is significantly larger than a rooster, so the relative sizes in the image are not accurate."
pair_159.png,Are the objects in their correct relative sizes?,No,"The image shows a squid that is significantly larger than the small animal (likely a lemur) depicted at the bottom left corner of the image. This indicates that the objects are not in their correct relative sizes, as the squid appears to be much larger than the lemur.",,,,"[Verdict]: No
[Reasoning]: The image shows a squid that is significantly larger than the small animal (likely a lemur) depicted at the bottom left corner of the image. This indicates that the objects are not in their correct relative sizes, as the squid appears to be much larger than the lemur."
pair_217.png,Are the objects in their correct relative sizes?,No,"The image shows a snow leopard and a sloth. The snow leopard is depicted much larger than the sloth, which is not accurate to their real-life size differences. In reality, a snow leopard is significantly larger than a sloth.",,,,"[Verdict]: No
[Reasoning]: The image shows a snow leopard and a sloth. The snow leopard is depicted much larger than the sloth, which is not accurate to their real-life size differences. In reality, a snow leopard is significantly larger than a sloth."
pair_134.png,Are the objects in their correct relative sizes?,No,"The image shows a bear and a honey badger, but the bear is depicted much larger than it would be in real life compared to a honey badger. In reality, a honey badger is significantly smaller than a bear. The bear appears to be at least 10 times larger than what would be expected in proportion to a honey badger.",,,,"[Verdict]: No
[Reasoning]: The image shows a bear and a honey badger, but the bear is depicted much larger than it would be in real life compared to a honey badger. In reality, a honey badger is significantly smaller than a bear. The bear appears to be at least 10 times larger than what would be expected in proportion to a honey badger."
pair_258.png,Are the objects in their correct relative sizes?,No,"The image shows a narwhal and a koala, but the narwhal is depicted much larger than it would be in real life compared to a koala. In reality, a narwhal is significantly larger than a koala, so the size difference between the two animals in the image is not accurate.",,,,"[Verdict]: No
[Reasoning]: The image shows a narwhal and a koala, but the narwhal is depicted much larger than it would be in real life compared to a koala. In reality, a narwhal is significantly larger than a koala, so the size difference between the two animals in the image is not accurate."
pair_039.png,Are the objects in their correct relative sizes?,No,"The image shows a cheetah and a narwhal, but the narwhal is depicted much larger than it would be in real life compared to a cheetah. In reality, a cheetah is significantly smaller than a narwhal. The narwhal's size in the image is exaggerated for humorous or artistic effect, not to reflect their actual relative sizes.",,,,"[Verdict]: No
[Reasoning]: The image shows a cheetah and a narwhal, but the narwhal is depicted much larger than it would be in real life compared to a cheetah. In reality, a cheetah is significantly smaller than a narwhal. The narwhal's size in the image is exaggerated for humorous or artistic effect, not to reflect their actual relative sizes."
pair_157.png,Are the objects in their correct relative sizes?,No,"The image shows a ring-tailed lemur and a hedgehog. The lemur is significantly larger than the hedgehog, which is not accurate to their real-life size differences. In reality, a lemur is much smaller than a hedgehog, so the relative sizes depicted in the image are incorrect.",,,,"[Verdict]: No
[Reasoning]: The image shows a ring-tailed lemur and a hedgehog. The lemur is significantly larger than the hedgehog, which is not accurate to their real-life size differences. In reality, a lemur is much smaller than a hedgehog, so the relative sizes depicted in the image are incorrect."
pair_030.png,Are the objects in their correct relative sizes?,No,"The image shows a cheetah and a hippopotamus. Cheetahs are known to be much smaller than hippos, but the drawing exaggerates the size difference significantly. A real cheetah is about 2-3 meters long from head to tail, while a hippopotamus can be up to 4.5 meters long. The drawing makes the cheetah appear much larger than it should be compared to the hippopotamus, which is not accurate.",,,,"[Verdict]: No
[Reasoning]: The image shows a cheetah and a hippopotamus. Cheetahs are known to be much smaller than hippos, but the drawing exaggerates the size difference significantly. A real cheetah is about 2-3 meters long from head to tail, while a hippopotamus can be up to 4.5 meters long. The drawing makes the cheetah appear much larger than it should be compared to the hippopotamus, which is not accurate."
pair_060.png,Are the objects in their correct relative sizes?,No,"The image shows a meerkat and a snow leopard, but the meerkat is depicted much larger than it would be in real life compared to the snow leopard. In reality, a meerkat is significantly smaller than a snow leopard. The size difference between the two animals in the image is not accurate to their real-life proportions.",,,,"[Verdict]: No
[Reasoning]: The image shows a meerkat and a snow leopard, but the meerkat is depicted much larger than it would be in real life compared to the snow leopard. In reality, a meerkat is significantly smaller than a snow leopard. The size difference between the two animals in the image is not accurate to their real-life proportions."
pair_153.png,Are the objects in their correct relative sizes?,Yes,"The image depicts a ring-tailed lemur and a sloth, which are both accurately represented in terms of their relative sizes. The lemur is shown standing upright, while the sloth is hanging from a branch, and both animals are drawn to scale with each other. There are no indications that one animal is disproportionately larger or smaller than the other.",,,,"[Verdict]: Yes
[Reasoning]: The image depicts a ring-tailed lemur and a sloth, which are both accurately represented in terms of their relative sizes. The lemur is shown standing upright, while the sloth is hanging from a branch, and both animals are drawn to scale with each other. There are no indications that one animal is disproportionately larger or smaller than the other."
pair_341.png,Are the objects in their correct relative sizes?,No,"The image shows a great white shark and a hedgehog. The shark is depicted much larger than it would be in real life compared to a hedgehog, which is not accurate. In reality, a great white shark is significantly larger than a hedgehog, but the image exaggerates this difference to an extreme degree.",,,,"[Verdict]: No
[Reasoning]: The image shows a great white shark and a hedgehog. The shark is depicted much larger than it would be in real life compared to a hedgehog, which is not accurate. In reality, a great white shark is significantly larger than a hedgehog, but the image exaggerates this difference to an extreme degree."
pair_154.png,Are the objects in their correct relative sizes?,No,"The image shows a lemur and a toucan, but the lemur appears to be disproportionately larger than the toucan. In reality, lemurs are much smaller animals compared to toucans, so the size difference in the image is not accurate.",,,,"[Verdict]: No
[Reasoning]: The image shows a lemur and a toucan, but the lemur appears to be disproportionately larger than the toucan. In reality, lemurs are much smaller animals compared to toucans, so the size difference in the image is not accurate."
pair_313.png,Are the objects in their correct relative sizes?,No,"The image shows a squid and a small object, likely a mouse, for scale comparison. The squid is significantly larger than the mouse, which is not typical. In reality, a mouse is much smaller than a squid, so the relative sizes in the image are incorrect.",,,,"[Verdict]: No
[Reasoning]: The image shows a squid and a small object, likely a mouse, for scale comparison. The squid is significantly larger than the mouse, which is not typical. In reality, a mouse is much smaller than a squid, so the relative sizes in the image are incorrect."
pair_180.png,Are the objects in their correct relative sizes?,No,"The red panda and the rooster are not drawn to scale with each other. The rooster appears disproportionately large compared to the red panda, which is not accurate to real-life proportions where a rooster would be significantly smaller than a red panda.",,,,"[Verdict]: No
[Reasoning]: The red panda and the rooster are not drawn to scale with each other. The rooster appears disproportionately large compared to the red panda, which is not accurate to real-life proportions where a rooster would be significantly smaller than a red panda."
pair_184.png,Are the objects in their correct relative sizes?,No,"The image depicts a panda and a kangaroo, but the size of the kangaroo appears disproportionately larger than the panda. In reality, a kangaroo is significantly larger than a panda, and the proportions shown here do not reflect this natural size difference.",,,,"[Verdict]: No
[Reasoning]: The image depicts a panda and a kangaroo, but the size of the kangaroo appears disproportionately larger than the panda. In reality, a kangaroo is significantly larger than a panda, and the proportions shown here do not reflect this natural size difference."
pair_332.png,Are the objects in their correct relative sizes?,Yes,"The image shows a single octopus with its tentacles spread out, and there are no other objects to compare its size against. Therefore, it is not possible to determine if the octopus is correctly sized relative to other objects since there are none present in the image. However, the octopus appears to be proportionally correct within itself, as the tentacles are appropriately scaled compared to the body.",,,,"[Verdict]: Yes
[Reasoning]: The image shows a single octopus with its tentacles spread out, and there are no other objects to compare its size against. Therefore, it is not possible to determine if the octopus is correctly sized relative to other objects since there are none present in the image. However, the octopus appears to be proportionally correct within itself, as the tentacles are appropriately scaled compared to the body."
pair_047.png,Are the objects in their correct relative sizes?,No,"The cheetah and the toucan are depicted in a way that does not reflect their actual size difference. In reality, a cheetah is significantly larger than a toucan. The image shows the cheetah much smaller than it should be compared to the toucan, which is not accurate to their real-world proportions.",,,,"[Verdict]: No
[Reasoning]: The cheetah and the toucan are depicted in a way that does not reflect their actual size difference. In reality, a cheetah is significantly larger than a toucan. The image shows the cheetah much smaller than it should be compared to the toucan, which is not accurate to their real-world proportions."
pair_221.png,Are the objects in their correct relative sizes?,No,"The image shows a snow leopard and a hedgehog, but the hedgehog is disproportionately small compared to the snow leopard. In reality, a snow leopard is much larger than a hedgehog, so the size difference in the image does not reflect their actual relative sizes.",,,,"[Verdict]: No
[Reasoning]: The image shows a snow leopard and a hedgehog, but the hedgehog is disproportionately small compared to the snow leopard. In reality, a snow leopard is much larger than a hedgehog, so the size difference in the image does not reflect their actual relative sizes."
pair_037.png,Are the objects in their correct relative sizes?,No,"The image shows a camel and a cheetah, but the cheetah appears to be disproportionately large compared to the camel. In reality, a cheetah is much smaller than a camel. The size difference between the two animals in the image does not reflect their actual relative sizes in nature.",,,,"[Verdict]: No
[Reasoning]: The image shows a camel and a cheetah, but the cheetah appears to be disproportionately large compared to the camel. In reality, a cheetah is much smaller than a camel. The size difference between the two animals in the image does not reflect their actual relative sizes in nature."
pair_267.png,Are the objects in their correct relative sizes?,No,"The narwhal is depicted much larger than a rooster, which is not accurate to real-life proportions. In reality, a narwhal is significantly larger than a rooster.",,,,"[Verdict]: No
[Reasoning]: The narwhal is depicted much larger than a rooster, which is not accurate to real-life proportions. In reality, a narwhal is significantly larger than a rooster."
pair_049.png,Are the objects in their correct relative sizes?,No,"The image shows a cheetah and an Adelie penguin, but they are not drawn to scale. Cheetahs are much larger animals than penguins, typically weighing between 50-120 kg, while Adelie penguins weigh only about 3-4 kg. The illustration does not reflect this significant size difference, making the objects appear disproportionately small compared to each other.",,,,"[Verdict]: No
[Reasoning]: The image shows a cheetah and an Adelie penguin, but they are not drawn to scale. Cheetahs are much larger animals than penguins, typically weighing between 50-120 kg, while Adelie penguins weigh only about 3-4 kg. The illustration does not reflect this significant size difference, making the objects appear disproportionately small compared to each other."
pair_088.png,Are the objects in their correct relative sizes?,Yes,"The giraffe is depicted with its characteristic long neck and legs, which are proportionate to its body size. The spots on its skin are also correctly spaced and sized according to the typical pattern of a giraffe. There are no other objects present in the image for comparison, but the giraffe's features are consistent with its natural appearance.",,,,"[Verdict]: Yes
[Reasoning]: The giraffe is depicted with its characteristic long neck and legs, which are proportionate to its body size. The spots on its skin are also correctly spaced and sized according to the typical pattern of a giraffe. There are no other objects present in the image for comparison, but the giraffe's features are consistent with its natural appearance."
pair_016.png,Are the objects in their correct relative sizes?,No,"The image shows an elephant and a kangaroo, but the elephant is depicted much larger than it would be in real life compared to a kangaroo. In reality, elephants are significantly larger animals than kangaroos, and the size difference between them is not accurately represented here.",,,,"[Verdict]: No
[Reasoning]: The image shows an elephant and a kangaroo, but the elephant is depicted much larger than it would be in real life compared to a kangaroo. In reality, elephants are significantly larger animals than kangaroos, and the size difference between them is not accurately represented here."
pair_216.png,Are the objects in their correct relative sizes?,No,"The image shows a snow leopard and an axolotl, which are not typically found together in nature. The axolotl is significantly smaller than the snow leopard, and the image does not accurately represent their real-world size difference. The axolotl appears to be disproportionately large compared to the snow leopard, which is not how these animals would appear in reality.",,,,"[Verdict]: No
[Reasoning]: The image shows a snow leopard and an axolotl, which are not typically found together in nature. The axolotl is significantly smaller than the snow leopard, and the image does not accurately represent their real-world size difference. The axolotl appears to be disproportionately large compared to the snow leopard, which is not how these animals would appear in reality."
pair_272.png,Are the objects in their correct relative sizes?,No,"The image shows a walrus and a sloth, but the size of the sloth is disproportionately small compared to the walrus. In reality, a sloth is much smaller than a walrus, so the image does not accurately represent their relative sizes.",,,,"[Verdict]: No
[Reasoning]: The image shows a walrus and a sloth, but the size of the sloth is disproportionately small compared to the walrus. In reality, a sloth is much smaller than a walrus, so the image does not accurately represent their relative sizes."
pair_107.png,Are the objects in their correct relative sizes?,No,"The image shows a hippopotamus and a koala bear. The hippopotamus is depicted much larger than it would be in real life compared to a koala, which is significantly smaller. In reality, a koala is not nearly as large as a hippopotamus; the hippo is typically around 10-20 feet long and weighs up to 4,000 pounds, while a koala is only about 3-4 feet long and weighs around 15-30 pounds. Therefore, the relative sizes shown in the image are incorrect.",,,,"[Verdict]: No
[Reasoning]: The image shows a hippopotamus and a koala bear. The hippopotamus is depicted much larger than it would be in real life compared to a koala, which is significantly smaller. In reality, a koala is not nearly as large as a hippopotamus; the hippo is typically around 10-20 feet long and weighs up to 4,000 pounds, while a koala is only about 3-4 feet long and weighs around 15-30 pounds. Therefore, the relative sizes shown in the image are incorrect."
pair_286.png,Are the objects in their correct relative sizes?,No,"The image shows a beluga whale and a great white shark. In reality, a great white shark is significantly larger than a beluga whale. The illustration does not accurately depict the size difference between these two marine animals.",,,,"[Verdict]: No
[Reasoning]: The image shows a beluga whale and a great white shark. In reality, a great white shark is significantly larger than a beluga whale. The illustration does not accurately depict the size difference between these two marine animals."
pair_093.png,Are the objects in their correct relative sizes?,No,"The image shows a giraffe and a squid, but the squid appears to be disproportionately large compared to the giraffe. In reality, a giraffe is much taller than a squid, and the squid's size should not be comparable to that of a giraffe. The squid's length in the image is exaggerated, making it appear much larger than it would be in real life relative to a giraffe.",,,,"[Verdict]: No
[Reasoning]: The image shows a giraffe and a squid, but the squid appears to be disproportionately large compared to the giraffe. In reality, a giraffe is much taller than a squid, and the squid's size should not be comparable to that of a giraffe. The squid's length in the image is exaggerated, making it appear much larger than it would be in real life relative to a giraffe."
pair_244.png,Are the objects in their correct relative sizes?,No,"The image shows a reindeer and a kangaroo, but they are not drawn to scale. The reindeer is depicted much larger than the kangaroo, which is not accurate as real-world reindeer are significantly smaller than kangaroos. The size difference between the two animals in the image does not reflect their actual size ratio.",,,,"[Verdict]: No
[Reasoning]: The image shows a reindeer and a kangaroo, but they are not drawn to scale. The reindeer is depicted much larger than the kangaroo, which is not accurate as real-world reindeer are significantly smaller than kangaroos. The size difference between the two animals in the image does not reflect their actual size ratio."
pair_337.png,Are the objects in their correct relative sizes?,No,"The image shows a giant squid next to a bear, which is not accurate. In reality, a giant squid can be much larger than a bear. The bear appears disproportionately small compared to the squid, indicating that the relative sizes are incorrect.",,,,"[Verdict]: No
[Reasoning]: The image shows a giant squid next to a bear, which is not accurate. In reality, a giant squid can be much larger than a bear. The bear appears disproportionately small compared to the squid, indicating that the relative sizes are incorrect."
pair_127.png,Are the objects in their correct relative sizes?,No,"The image shows a beluga whale and a honey badger. Belugas are much larger than honey badgers, but the illustration makes the beluga appear disproportionately small compared to the honey badger. In reality, a beluga whale is significantly larger than a honey badger, which would not be accurately represented in this way.",,,,"[Verdict]: No
[Reasoning]: The image shows a beluga whale and a honey badger. Belugas are much larger than honey badgers, but the illustration makes the beluga appear disproportionately small compared to the honey badger. In reality, a beluga whale is significantly larger than a honey badger, which would not be accurately represented in this way."
pair_187.png,Are the objects in their correct relative sizes?,No,"The panda is significantly larger than the toucan, which is not typical in real life where pandas and toucans do not naturally coexist in the same environment. Additionally, the panda appears to be holding bamboo, which is much smaller than its size, further indicating an unrealistic scale.",,,,"[Verdict]: No
[Reasoning]: The panda is significantly larger than the toucan, which is not typical in real life where pandas and toucans do not naturally coexist in the same environment. Additionally, the panda appears to be holding bamboo, which is much smaller than its size, further indicating an unrealistic scale."
pair_231.png,Are the objects in their correct relative sizes?,No,"The image shows a camel and a platypus, which are not typically found together in nature. The camel is depicted much larger than the platypus, which is not accurate to their real-life size comparison. In reality, a camel is significantly larger than a platypus, making the size difference exaggerated in this image.",,,,"[Verdict]: No
[Reasoning]: The image shows a camel and a platypus, which are not typically found together in nature. The camel is depicted much larger than the platypus, which is not accurate to their real-life size comparison. In reality, a camel is significantly larger than a platypus, making the size difference exaggerated in this image."
pair_255.png,Are the objects in their correct relative sizes?,No,"The image shows a reindeer and a rooster, which are not typically found together in nature. Reindeer are much larger animals compared to chickens or roosters. In this image, the reindeer is depicted significantly larger than the rooster, which is not a realistic representation of their natural size difference.",,,,"[Verdict]: No
[Reasoning]: The image shows a reindeer and a rooster, which are not typically found together in nature. Reindeer are much larger animals compared to chickens or roosters. In this image, the reindeer is depicted significantly larger than the rooster, which is not a realistic representation of their natural size difference."
pair_174.png,Are the objects in their correct relative sizes?,No,"The red panda and the toucan appear to be drawn at different scales, with the red panda being significantly larger than the toucan. In reality, a red panda is much smaller than a toucan, so the image does not accurately represent their relative sizes.",,,,"[Verdict]: No
[Reasoning]: The red panda and the toucan appear to be drawn at different scales, with the red panda being significantly larger than the toucan. In reality, a red panda is much smaller than a toucan, so the image does not accurately represent their relative sizes."
pair_241.png,Are the objects in their correct relative sizes?,No,"The image shows a reindeer and a narwhal, but the narwhal is depicted as much larger than it would be in real life compared to a reindeer. In reality, a narwhal is significantly smaller than a reindeer, with the narwhal being about 3-4 meters long and the reindeer being around 1.5-2 meters tall at the shoulder. The narwhal's size in this image is exaggerated for humorous or artistic effect, which does not reflect their actual relative sizes.",,,,"[Verdict]: No
[Reasoning]: The image shows a reindeer and a narwhal, but the narwhal is depicted as much larger than it would be in real life compared to a reindeer. In reality, a narwhal is significantly smaller than a reindeer, with the narwhal being about 3-4 meters long and the reindeer being around 1.5-2 meters tall at the shoulder. The narwhal's size in this image is exaggerated for humorous or artistic effect, which does not reflect their actual relative sizes."
pair_342.png,Are the objects in their correct relative sizes?,No,"The image shows a squid that is significantly larger than the small object (a hedgehog) placed next to it for scale. This indicates that the objects are not in their correct relative sizes, as the hedgehog should be much smaller compared to the squid.",,,,"[Verdict]: No
[Reasoning]: The image shows a squid that is significantly larger than the small object (a hedgehog) placed next to it for scale. This indicates that the objects are not in their correct relative sizes, as the hedgehog should be much smaller compared to the squid."
pair_120.png,Are the objects in their correct relative sizes?,No,"The image shows a honey badger and a panda bear. Honey badgers are much smaller than pandas, typically weighing between 13 to 25 kg, while pandas can weigh up to 100 kg or more. The illustration depicts the honey badger as significantly larger than it should be compared to the panda, which is not accurate to their real-world size differences.",,,,"[Verdict]: No
[Reasoning]: The image shows a honey badger and a panda bear. Honey badgers are much smaller than pandas, typically weighing between 13 to 25 kg, while pandas can weigh up to 100 kg or more. The illustration depicts the honey badger as significantly larger than it should be compared to the panda, which is not accurate to their real-world size differences."
pair_308.png,Are the objects in their correct relative sizes?,No,"The image shows a platypus and a toucan, but they are not drawn to scale. The platypus is depicted much larger than it would be compared to a real toucan. In reality, a toucan is significantly smaller than a platypus. The size difference between these animals in nature is substantial, and the illustration does not reflect this natural size disparity.",,,,"[Verdict]: No
[Reasoning]: The image shows a platypus and a toucan, but they are not drawn to scale. The platypus is depicted much larger than it would be compared to a real toucan. In reality, a toucan is significantly smaller than a platypus. The size difference between these animals in nature is substantial, and the illustration does not reflect this natural size disparity."
pair_152.png,Are the objects in their correct relative sizes?,No,"The image shows a lemur and an axolotl, which are not typically found together in nature. The lemur is significantly larger than the axolotl, and the axolotl is much smaller than the lemur. This suggests that the objects are not in their correct relative sizes.",,,,"[Verdict]: No
[Reasoning]: The image shows a lemur and an axolotl, which are not typically found together in nature. The lemur is significantly larger than the axolotl, and the axolotl is much smaller than the lemur. This suggests that the objects are not in their correct relative sizes."
pair_310.png,Are the objects in their correct relative sizes?,No,"The image shows a penguin and a platypus, but the platypus is depicted much larger than it would be in real life compared to a penguin. In reality, a platypus is significantly smaller than a penguin. The size difference between these animals in the image does not reflect their actual proportions in nature.",,,,"[Verdict]: No
[Reasoning]: The image shows a penguin and a platypus, but the platypus is depicted much larger than it would be in real life compared to a penguin. In reality, a platypus is significantly smaller than a penguin. The size difference between these animals in the image does not reflect their actual proportions in nature."
pair_075.png,Are the objects in their correct relative sizes?,No,"The giraffe is depicted as much larger than a real giraffe would be compared to a panda bear. In reality, a giraffe is significantly taller and larger than a panda bear. The image shows the giraffe standing next to the panda bear, which is not proportionate to their actual size difference in nature.",,,,"[Verdict]: No
[Reasoning]: The giraffe is depicted as much larger than a real giraffe would be compared to a panda bear. In reality, a giraffe is significantly taller and larger than a panda bear. The image shows the giraffe standing next to the panda bear, which is not proportionate to their actual size difference in nature."
pair_070.png,Are the objects in their correct relative sizes?,No,"The meerkat and the rooster are depicted in a way that suggests they are of similar size, but in reality, a rooster is significantly larger than a meerkat. The rooster's size is exaggerated compared to the meerkat, which is not accurate to their real-life proportions.",,,,"[Verdict]: No
[Reasoning]: The meerkat and the rooster are depicted in a way that suggests they are of similar size, but in reality, a rooster is significantly larger than a meerkat. The rooster's size is exaggerated compared to the meerkat, which is not accurate to their real-life proportions."
pair_141.png,Are the objects in their correct relative sizes?,No,"The image depicts a panda and a lemur, but the lemur is significantly larger than it should be compared to the panda. In reality, lemurs are much smaller animals that do not match the size of pandas. The panda appears to be disproportionately large next to the lemur, which is not accurate to their real-life size differences.",,,,"[Verdict]: No
[Reasoning]: The image depicts a panda and a lemur, but the lemur is significantly larger than it should be compared to the panda. In reality, lemurs are much smaller animals that do not match the size of pandas. The panda appears to be disproportionately large next to the lemur, which is not accurate to their real-life size differences."
pair_033.png,Are the objects in their correct relative sizes?,No,"The image shows a cheetah and a red panda, but the cheetah is depicted much larger than it would be in real life compared to the red panda. In reality, a red panda is significantly smaller than a cheetah. The size difference between these animals in the image does not reflect their actual proportions.",,,,"[Verdict]: No
[Reasoning]: The image shows a cheetah and a red panda, but the cheetah is depicted much larger than it would be in real life compared to the red panda. In reality, a red panda is significantly smaller than a cheetah. The size difference between these animals in the image does not reflect their actual proportions."
pair_151.png,Are the objects in their correct relative sizes?,Yes,"The image shows two animals, one on the left and one on the right. The lemur on the left is depicted with a tail that has black and white rings, which is characteristic of a ring-tailed lemur. The animal on the right appears to be a platypus, identifiable by its duck-like bill and overall body shape. Both animals are drawn in a way that accurately represents their real-life proportions. The lemur is larger than the platypus, which is consistent with their actual sizes. Therefore, the relative sizes of the animals in the image are correctly represented.",,,,"[Verdict]: Yes
[Reasoning]: The image shows two animals, one on the left and one on the right. The lemur on the left is depicted with a tail that has black and white rings, which is characteristic of a ring-tailed lemur. The animal on the right appears to be a platypus, identifiable by its duck-like bill and overall body shape. Both animals are drawn in a way that accurately represents their real-life proportions. The lemur is larger than the platypus, which is consistent with their actual sizes. Therefore, the relative sizes of the animals in the image are correctly represented."
pair_021.png,Are the objects in their correct relative sizes?,No,"The image shows an elephant and a bird, but the bird appears to be disproportionately small compared to the elephant. In reality, elephants are much larger than birds, so the size difference between the two animals in the image is not accurate.",,,,"[Verdict]: No
[Reasoning]: The image shows an elephant and a bird, but the bird appears to be disproportionately small compared to the elephant. In reality, elephants are much larger than birds, so the size difference between the two animals in the image is not accurate."
pair_245.png,Are the objects in their correct relative sizes?,No,"The image shows a reindeer and a koala, but the reindeer is depicted much larger than it would be in real life compared to a koala. In reality, a koala is significantly smaller than a reindeer. The drawing exaggerates the size difference between these animals, making the reindeer appear much larger than it should be relative to the koala.",,,,"[Verdict]: No
[Reasoning]: The image shows a reindeer and a koala, but the reindeer is depicted much larger than it would be in real life compared to a koala. In reality, a koala is significantly smaller than a reindeer. The drawing exaggerates the size difference between these animals, making the reindeer appear much larger than it should be relative to the koala."
pair_288.png,Are the objects in their correct relative sizes?,No,"The image shows a beluga whale and a rooster. Belugas are marine mammals that can grow up to 18 feet long, while roosters are much smaller birds typically ranging from 12 to 36 inches in length. The rooster in the image is disproportionately small compared to the beluga whale, which suggests that the objects are not in their correct relative sizes.",,,,"[Verdict]: No
[Reasoning]: The image shows a beluga whale and a rooster. Belugas are marine mammals that can grow up to 18 feet long, while roosters are much smaller birds typically ranging from 12 to 36 inches in length. The rooster in the image is disproportionately small compared to the beluga whale, which suggests that the objects are not in their correct relative sizes."
pair_176.png,Are the objects in their correct relative sizes?,No,"The red panda and the penguin are depicted in a way that suggests they are of similar size, which is not accurate. Red pandas are typically much smaller than penguins, especially the Adelie penguin shown here. The penguin appears to be disproportionately large compared to the red panda, which does not reflect their real-world size difference.",,,,"[Verdict]: No
[Reasoning]: The red panda and the penguin are depicted in a way that suggests they are of similar size, which is not accurate. Red pandas are typically much smaller than penguins, especially the Adelie penguin shown here. The penguin appears to be disproportionately large compared to the red panda, which does not reflect their real-world size difference."
pair_142.png,Are the objects in their correct relative sizes?,No,"The image shows a lemur and a Komodo dragon, which are not accurately depicted in their correct relative sizes. The Komodo dragon is significantly larger than the lemur, but the illustration makes the Komodo dragon appear much smaller than it actually is compared to the lemur. In reality, a Komodo dragon can grow up to 3 meters long, while a lemur is much smaller, typically ranging from about 10 to 50 cm in length. The proportions shown in the image do not reflect these natural size differences.",,,,"[Verdict]: No
[Reasoning]: The image shows a lemur and a Komodo dragon, which are not accurately depicted in their correct relative sizes. The Komodo dragon is significantly larger than the lemur, but the illustration makes the Komodo dragon appear much smaller than it actually is compared to the lemur. In reality, a Komodo dragon can grow up to 3 meters long, while a lemur is much smaller, typically ranging from about 10 to 50 cm in length. The proportions shown in the image do not reflect these natural size differences."
pair_017.png,Are the objects in their correct relative sizes?,No,"The image shows an elephant and a koala, but the elephant is depicted much larger than it would be in real life compared to a koala. In reality, elephants are significantly larger animals, and koalas are much smaller. The illustration exaggerates the size difference between these two animals, making the elephant appear disproportionately large next to the koala.",,,,"[Verdict]: No
[Reasoning]: The image shows an elephant and a koala, but the elephant is depicted much larger than it would be in real life compared to a koala. In reality, elephants are significantly larger animals, and koalas are much smaller. The illustration exaggerates the size difference between these two animals, making the elephant appear disproportionately large next to the koala."
pair_135.png,Are the objects in their correct relative sizes?,No,"The penguin is depicted much larger than the honey badger, which is not accurate to real-life proportions. In reality, a penguin is significantly smaller than a honey badger. The image exaggerates the size difference between these two animals.",,,,"[Verdict]: No
[Reasoning]: The penguin is depicted much larger than the honey badger, which is not accurate to real-life proportions. In reality, a penguin is significantly smaller than a honey badger. The image exaggerates the size difference between these two animals."
pair_243.png,Are the objects in their correct relative sizes?,No,"The image shows a reindeer and a beluga whale, but the beluga whale is depicted much larger than it would be in real life compared to a reindeer. In reality, a beluga whale is significantly larger than a reindeer, so the size difference in the image is not accurate.",,,,"[Verdict]: No
[Reasoning]: The image shows a reindeer and a beluga whale, but the beluga whale is depicted much larger than it would be in real life compared to a reindeer. In reality, a beluga whale is significantly larger than a reindeer, so the size difference in the image is not accurate."
pair_260.png,Are the objects in their correct relative sizes?,Yes,"The image shows a narwhal, which is depicted with its characteristic long tusk extending from its head. The size of the narwhal and its tusk appear to be proportionate to each other, adhering to the natural anatomy of a narwhal. There are no indications of the objects being disproportionately large or small relative to one another.",,,,"[Verdict]: Yes
[Reasoning]: The image shows a narwhal, which is depicted with its characteristic long tusk extending from its head. The size of the narwhal and its tusk appear to be proportionate to each other, adhering to the natural anatomy of a narwhal. There are no indications of the objects being disproportionately large or small relative to one another."
pair_129.png,Are the objects in their correct relative sizes?,No,"The honey badger is depicted as significantly larger than the koala, which is not accurate to real-life proportions. In reality, a koala is much smaller than a honey badger. The koala appears to be about the size of a small dog, while the honey badger looks like it could be the size of a medium-sized dog or even larger, which is not typical for these animals.",,,,"[Verdict]: No
[Reasoning]: The honey badger is depicted as significantly larger than the koala, which is not accurate to real-life proportions. In reality, a koala is much smaller than a honey badger. The koala appears to be about the size of a small dog, while the honey badger looks like it could be the size of a medium-sized dog or even larger, which is not typical for these animals."
pair_015.png,Are the objects in their correct relative sizes?,No,"The image shows an elephant and a beluga whale, but the scale is incorrect. An elephant is much larger than a beluga whale, and the illustration does not reflect this size difference accurately. The elephant appears to be disproportionately large compared to the beluga whale, which is not true in reality.",,,,"[Verdict]: No
[Reasoning]: The image shows an elephant and a beluga whale, but the scale is incorrect. An elephant is much larger than a beluga whale, and the illustration does not reflect this size difference accurately. The elephant appears to be disproportionately large compared to the beluga whale, which is not true in reality."
pair_253.png,Are the objects in their correct relative sizes?,No,"The image shows a reindeer and a shark, but the shark appears to be disproportionately larger than the reindeer. In reality, sharks are much larger animals compared to reindeer, so the size of the shark in the image is not accurate relative to the reindeer.",,,,"[Verdict]: No
[Reasoning]: The image shows a reindeer and a shark, but the shark appears to be disproportionately larger than the reindeer. In reality, sharks are much larger animals compared to reindeer, so the size of the shark in the image is not accurate relative to the reindeer."
pair_032.png,Are the objects in their correct relative sizes?,No,"The image shows a cheetah and a lemur, but the cheetah is depicted much larger than it would be in real life compared to a lemur. In reality, a lemur is significantly smaller than a cheetah. The size difference between these animals in the image does not reflect their actual relative sizes in nature.",,,,"[Verdict]: No
[Reasoning]: The image shows a cheetah and a lemur, but the cheetah is depicted much larger than it would be in real life compared to a lemur. In reality, a lemur is significantly smaller than a cheetah. The size difference between these animals in the image does not reflect their actual relative sizes in nature."
pair_345.png,Are the objects in their correct relative sizes?,No,"The image shows a great white shark and a rooster. In reality, a great white shark is much larger than a rooster. The rooster appears disproportionately small compared to the shark, which is not accurate to the real-world size difference between these animals.",,,,"[Verdict]: No
[Reasoning]: The image shows a great white shark and a rooster. In reality, a great white shark is much larger than a rooster. The rooster appears disproportionately small compared to the shark, which is not accurate to the real-world size difference between these animals."
pair_168.png,Are the objects in their correct relative sizes?,No,"The image shows a beluga whale and a red panda. The red panda is depicted much larger than it would be in real life compared to a beluga whale, which is significantly larger than a red panda. In reality, a red panda is about the size of a large dog, while a beluga whale can grow up to 18 meters long. The scale in the image is incorrect, as the red panda appears to be disproportionately large next to the beluga whale.",,,,"[Verdict]: No
[Reasoning]: The image shows a beluga whale and a red panda. The red panda is depicted much larger than it would be in real life compared to a beluga whale, which is significantly larger than a red panda. In reality, a red panda is about the size of a large dog, while a beluga whale can grow up to 18 meters long. The scale in the image is incorrect, as the red panda appears to be disproportionately large next to the beluga whale."
pair_097.png,Are the objects in their correct relative sizes?,No,"The image shows a hippopotamus and a red panda, but the red panda is depicted much larger than it would be in real life compared to the hippopotamus. In reality, a red panda is significantly smaller than a hippopotamus. The size difference between these animals in the image is not accurate to their real-world proportions.",,,,"[Verdict]: No
[Reasoning]: The image shows a hippopotamus and a red panda, but the red panda is depicted much larger than it would be in real life compared to the hippopotamus. In reality, a red panda is significantly smaller than a hippopotamus. The size difference between these animals in the image is not accurate to their real-world proportions."
pair_195.png,Are the objects in their correct relative sizes?,No,"The image shows a Komodo dragon and a narwhal, but these animals are not depicted in their correct relative sizes. A Komodo dragon is much larger than a narwhal, and the image does not reflect this size difference accurately. The narwhal appears to be disproportionately large compared to the Komodo dragon.",,,,"[Verdict]: No
[Reasoning]: The image shows a Komodo dragon and a narwhal, but these animals are not depicted in their correct relative sizes. A Komodo dragon is much larger than a narwhal, and the image does not reflect this size difference accurately. The narwhal appears to be disproportionately large compared to the Komodo dragon."
pair_091.png,Are the objects in their correct relative sizes?,No,The giraffe in the image is disproportionately large compared to the small insect in the bottom right corner. This suggests that the objects are not in their correct relative sizes.,,,,"[Verdict]: No
[Reasoning]: The giraffe in the image is disproportionately large compared to the small insect in the bottom right corner. This suggests that the objects are not in their correct relative sizes."
pair_112.png,Are the objects in their correct relative sizes?,No,"The image shows a hippopotamus and a bear, but the hippopotamus appears to be disproportionately larger than it would be in real life compared to the bear. In reality, a hippopotamus is significantly larger than a bear, and the size difference between them is much more pronounced. The bear in the image looks relatively small next to the hippopotamus, which does not reflect their actual size difference in nature.",,,,"[Verdict]: No
[Reasoning]: The image shows a hippopotamus and a bear, but the hippopotamus appears to be disproportionately larger than it would be in real life compared to the bear. In reality, a hippopotamus is significantly larger than a bear, and the size difference between them is much more pronounced. The bear in the image looks relatively small next to the hippopotamus, which does not reflect their actual size difference in nature."
pair_333.png,Are the objects in their correct relative sizes?,No,"The rooster is depicted much larger than the toucan, which is not accurate to real-life proportions where a rooster would be significantly smaller than a toucan.",,,,"[Verdict]: No
[Reasoning]: The rooster is depicted much larger than the toucan, which is not accurate to real-life proportions where a rooster would be significantly smaller than a toucan."
pair_110.png,Are the objects in their correct relative sizes?,No,"The image shows a hippopotamus and a sloth. The hippopotamus is depicted much larger than the sloth, which is not accurate to real-life proportions. In reality, a hippopotamus is significantly larger than a sloth, making the size difference exaggerated in this image.",,,,"[Verdict]: No
[Reasoning]: The image shows a hippopotamus and a sloth. The hippopotamus is depicted much larger than the sloth, which is not accurate to real-life proportions. In reality, a hippopotamus is significantly larger than a sloth, making the size difference exaggerated in this image."
pair_246.png,Are the objects in their correct relative sizes?,No,"The image shows a reindeer and a beaver, but the beaver is disproportionately small compared to the reindeer. In reality, a beaver is much larger than a reindeer when considering their natural habitats and sizes. The beaver's size in the image does not reflect its typical real-world proportions relative to a reindeer.",,,,"[Verdict]: No
[Reasoning]: The image shows a reindeer and a beaver, but the beaver is disproportionately small compared to the reindeer. In reality, a beaver is much larger than a reindeer when considering their natural habitats and sizes. The beaver's size in the image does not reflect its typical real-world proportions relative to a reindeer."
pair_010.png,Are the objects in their correct relative sizes?,No,"The image shows an elephant and a snow leopard, but the elephant is depicted much larger than it would be in real life compared to a snow leopard. In reality, elephants are significantly larger animals, and a snow leopard is not even close to being as large as the elephant shown here. The relative size of the elephant to the snow leopard in the image is incorrect.",,,,"[Verdict]: No
[Reasoning]: The image shows an elephant and a snow leopard, but the elephant is depicted much larger than it would be in real life compared to a snow leopard. In reality, elephants are significantly larger animals, and a snow leopard is not even close to being as large as the elephant shown here. The relative size of the elephant to the snow leopard in the image is incorrect."
pair_329.png,Are the objects in their correct relative sizes?,No,"The penguin is depicted much larger than it would be compared to a toucan in real life. Penguins are significantly larger birds, but the image shows the penguin as being disproportionately large next to the toucan. In reality, a penguin would be many times taller and longer than a toucan, not just slightly larger as shown here.",,,,"[Verdict]: No
[Reasoning]: The penguin is depicted much larger than it would be compared to a toucan in real life. Penguins are significantly larger birds, but the image shows the penguin as being disproportionately large next to the toucan. In reality, a penguin would be many times taller and longer than a toucan, not just slightly larger as shown here."
pair_145.png,Are the objects in their correct relative sizes?,No,"The image shows a reindeer and a lemur, but the reindeer is depicted much larger than it would be in real life compared to a lemur. In reality, a lemur is significantly smaller than a reindeer. The size difference between these animals in the image is not accurate to their real-world proportions.",,,,"[Verdict]: No
[Reasoning]: The image shows a reindeer and a lemur, but the reindeer is depicted much larger than it would be in real life compared to a lemur. In reality, a lemur is significantly smaller than a reindeer. The size difference between these animals in the image is not accurate to their real-world proportions."
pair_086.png,Are the objects in their correct relative sizes?,Yes,"The image depicts a giraffe with its body parts proportioned correctly according to the typical anatomy of a giraffe. The neck is long, the legs are slender and elongated, and the spots are distributed across the body in a pattern consistent with that of a giraffe. There are no indications of disproportionate or incorrect relative sizes among the objects.",,,,"[Verdict]: Yes
[Reasoning]: The image depicts a giraffe with its body parts proportioned correctly according to the typical anatomy of a giraffe. The neck is long, the legs are slender and elongated, and the spots are distributed across the body in a pattern consistent with that of a giraffe. There are no indications of disproportionate or incorrect relative sizes among the objects."
pair_210.png,Are the objects in their correct relative sizes?,No,"The image shows a narwhal and a snow leopard, but the narwhal is depicted much larger than it would be in real life compared to the snow leopard. In reality, a snow leopard is significantly larger than a narwhal, which typically measures around 3-4 meters in length, while a snow leopard can grow up to 1.5 meters in length. The narwhal's size in the image is exaggerated, making it appear much larger than a snow leopard.",,,,"[Verdict]: No
[Reasoning]: The image shows a narwhal and a snow leopard, but the narwhal is depicted much larger than it would be in real life compared to the snow leopard. In reality, a snow leopard is significantly larger than a narwhal, which typically measures around 3-4 meters in length, while a snow leopard can grow up to 1.5 meters in length. The narwhal's size in the image is exaggerated, making it appear much larger than a snow leopard."
pair_230.png,Are the objects in their correct relative sizes?,No,"The camel and the koala are depicted in a way that does not reflect their actual size difference. In reality, camels are much larger animals compared to koalas. The image shows the camel as significantly smaller than it should be relative to the koala, which is not accurate.",,,,"[Verdict]: No
[Reasoning]: The camel and the koala are depicted in a way that does not reflect their actual size difference. In reality, camels are much larger animals compared to koalas. The image shows the camel as significantly smaller than it should be relative to the koala, which is not accurate."
pair_072.png,Are the objects in their correct relative sizes?,No,"The image shows a giraffe and a honey badger, but the honey badger is depicted much larger than it would be in real life compared to a giraffe. In reality, a honey badger is significantly smaller than a giraffe. The size difference between these animals in the image is not accurate to their real-life proportions.",,,,"[Verdict]: No
[Reasoning]: The image shows a giraffe and a honey badger, but the honey badger is depicted much larger than it would be in real life compared to a giraffe. In reality, a honey badger is significantly smaller than a giraffe. The size difference between these animals in the image is not accurate to their real-life proportions."
pair_048.png,Are the objects in their correct relative sizes?,No,"The image shows a cheetah and a bear, but the bear appears to be disproportionately larger than the cheetah. In reality, a cheetah is significantly smaller than a bear. The bear's size in the image is not consistent with its actual size compared to a cheetah.",,,,"[Verdict]: No
[Reasoning]: The image shows a cheetah and a bear, but the bear appears to be disproportionately larger than the cheetah. In reality, a cheetah is significantly smaller than a bear. The bear's size in the image is not consistent with its actual size compared to a cheetah."
pair_285.png,Are the objects in their correct relative sizes?,No,"The image shows a beluga whale and a hedgehog. The beluga whale is depicted much larger than it would be in real life compared to a hedgehog, which is not accurate. In reality, a beluga whale is significantly larger than a hedgehog, but the illustration exaggerates this difference to an extreme degree.",,,,"[Verdict]: No
[Reasoning]: The image shows a beluga whale and a hedgehog. The beluga whale is depicted much larger than it would be in real life compared to a hedgehog, which is not accurate. In reality, a beluga whale is significantly larger than a hedgehog, but the illustration exaggerates this difference to an extreme degree."
pair_264.png,Are the objects in their correct relative sizes?,No,"The image shows a narwhal and a hedgehog. The narwhal is depicted much larger than a real narwhal would be compared to a hedgehog, which is not accurate in terms of size. In reality, a narwhal is significantly larger than a hedgehog.",,,,"[Verdict]: No
[Reasoning]: The image shows a narwhal and a hedgehog. The narwhal is depicted much larger than a real narwhal would be compared to a hedgehog, which is not accurate in terms of size. In reality, a narwhal is significantly larger than a hedgehog."
pair_054.png,Are the objects in their correct relative sizes?,No,"The image shows a giraffe and a meerkat, but the meerkat is disproportionately large compared to the giraffe. In reality, a meerkat is much smaller than a giraffe, so the relative sizes in the image are incorrect.",,,,"[Verdict]: No
[Reasoning]: The image shows a giraffe and a meerkat, but the meerkat is disproportionately large compared to the giraffe. In reality, a meerkat is much smaller than a giraffe, so the relative sizes in the image are incorrect."
pair_311.png,Are the objects in their correct relative sizes?,No,"The image shows a platypus and a hedgehog, but the platypus is depicted much larger than it would be in real life compared to the hedgehog. In reality, a platypus is significantly smaller than a hedgehog. The size difference between these animals in the image does not reflect their actual proportions.",,,,"[Verdict]: No
[Reasoning]: The image shows a platypus and a hedgehog, but the platypus is depicted much larger than it would be in real life compared to the hedgehog. In reality, a platypus is significantly smaller than a hedgehog. The size difference between these animals in the image does not reflect their actual proportions."
pair_102.png,Are the objects in their correct relative sizes?,No,"The image shows a hippopotamus and a reindeer side by side. In reality, a hippopotamus is significantly larger than a reindeer. The drawing accurately depicts this size difference, but it does not reflect the actual relative sizes of these animals in nature.",,,,"[Verdict]: No
[Reasoning]: The image shows a hippopotamus and a reindeer side by side. In reality, a hippopotamus is significantly larger than a reindeer. The drawing accurately depicts this size difference, but it does not reflect the actual relative sizes of these animals in nature."
pair_052.png,Are the objects in their correct relative sizes?,No,"The image shows a giant squid next to a cheetah for scale comparison. The giant squid is significantly larger than the cheetah, which is not accurate as real-world giant squids are much smaller than the depicted size. The cheetah's size is exaggerated relative to the giant squid, indicating that the objects are not in their correct relative sizes.",,,,"[Verdict]: No
[Reasoning]: The image shows a giant squid next to a cheetah for scale comparison. The giant squid is significantly larger than the cheetah, which is not accurate as real-world giant squids are much smaller than the depicted size. The cheetah's size is exaggerated relative to the giant squid, indicating that the objects are not in their correct relative sizes."
